order_id,order_date,customer_id,customer_age,customer_gender,region,acquisition_channel,product_category,unit_price_vnd,quantity,discount_pct,gross_revenue_vnd,net_revenue_vnd,unit_cost_vnd,profit_vnd,payment_method,device,delivery_days,customer_satisfaction,is_returned
1,2024-01-01,2627,24.0,Nữ,Hà Nội,Organic,Mỹ phẩm,161000,4,0.011,644000,636924,68199,364128,COD,Mobile,2.0,,0
2,2024-01-01,29,19.0,Nam,TP.HCM,Organic,Thời trang,156000,3,0.027,468000,455265,75554,228603,Ví điện tử,Mobile,4.0,4.0,0
3,2024-01-01,3198,22.0,Nữ,TP.HCM,Organic,Điện tử,198000,3,0.139,594000,511702,140152,91246,COD,Desktop,4.0,4.0,0
4,2024-01-01,3055,28.0,Nữ,Hải Phòng,Facebook Ads,Gia dụng,268000,3,0.045,804000,767776,150930,314986,Ví điện tử,Mobile,8.0,2.0,0
5,2024-01-01,298,18.0,Nam,TP.HCM,Facebook Ads,Thời trang,53000,4,0.164,212000,177226,27959,65390,COD,Mobile,0.0,5.0,0
6,2024-01-02,2976,31.0,Nữ,Đà Nẵng,Facebook Ads,Gia dụng,174000,5,0.1,870000,782792,103075,267417,COD,Mobile,4.0,4.0,0
7,2024-01-02,2799,69.0,Nữ,TP.HCM,Facebook Ads,Thời trang,119000,2,0.1,238000,214101,67989,78123,Ví điện tử,Mobile,6.0,3.0,0
8,2024-01-02,171,35.0,Nữ,TP.HCM,Facebook Ads,Gia dụng,363000,4,0.047,1452000,1383271,217431,513547,Ví điện tử,Mobile,2.0,4.0,1
9,2024-01-02,121,18.0,Nam,Hải Phòng,Facebook Ads,Điện tử,310000,4,0.114,1240000,1099055,220749,216059,Ví điện tử,Mobile,5.0,4.0,0
10,2024-01-02,261,29.0,Nữ,TP.HCM,Facebook Ads,Mỹ phẩm,168000,3,0.065,504000,471482,76011,243449,COD,Mobile,1.0,5.0,0
11,2024-01-02,1511,43.0,Nam,Cần Thơ,Google Ads,Sách,90000,1,0.048,90000,85718,56922,28796,Thẻ tín dụng,Mobile,6.0,5.0,0
12,2024-01-02,3024,34.0,Nam,Đà Nẵng,Organic,Điện tử,498000,5,0.134,2490000,2155716,352457,393431,Ví điện tử,Desktop,1.0,3.0,0
13,2024-01-02,1648,23.0,Nam,Hà Nội,Organic,Sách,89000,1,0.05,89000,84528,62104,22424,Thẻ tín dụng,Desktop,1.0,5.0,0
14,2024-01-03,482,24.0,Nam,Hải Phòng,Google Ads,Mỹ phẩm,159000,5,0.071,795000,738797,67942,399087,COD,Desktop,4.0,3.0,0
15,2024-01-03,953,34.0,Nữ,Hà Nội,Google Ads,Điện tử,236000,4,0.089,944000,859696,177803,148484,COD,Mobile,6.0,3.0,0
16,2024-01-03,144,47.0,Nữ,Hà Nội,Google Ads,Mỹ phẩm,207000,5,0.127,1035000,903978,93816,434898,COD,Mobile,1.0,4.0,0
17,2024-01-03,1924,37.0,Nữ,Đà Nẵng,Facebook Ads,Điện tử,227000,4,0.145,908000,776012,151057,171784,COD,Mobile,3.0,4.0,0
18,2024-01-03,1235,27.0,Nam,TP.HCM,Facebook Ads,Điện tử,267000,2,0.192,534000,431587,196114,39359,Thẻ tín dụng,Tablet,1.0,3.0,0
19,2024-01-04,2087,46.0,Nữ,Hải Phòng,Facebook Ads,Thời trang,121000,4,0.098,484000,436391,65347,175003,Ví điện tử,Mobile,4.0,5.0,0
20,2024-01-04,1379,29.0,Nữ,TP.HCM,Google Ads,Sách,95000,3,0.093,285000,258571,61108,75247,Ví điện tử,Tablet,9.0,2.0,0
21,2024-01-04,1924,37.0,Nữ,Hà Nội,Google Ads,Mỹ phẩm,126000,5,0.071,630000,585374,53263,319059,Ví điện tử,Mobile,1.0,4.0,0
22,2024-01-05,1066,18.0,Nữ,Hà Nội,Google Ads,Thời trang,230000,4,0.096,920000,831929,140687,269181,COD,Mobile,2.0,4.0,0
23,2024-01-05,2247,21.0,Nam,TP.HCM,Facebook Ads,Mỹ phẩm,269000,6,0.047,1614000,1538000,116128,841232,Ví điện tử,Tablet,2.0,4.0,0
24,2024-01-05,429,27.0,Nam,TP.HCM,Email,Gia dụng,267000,4,0.147,1068000,911519,148916,315855,Thẻ tín dụng,Mobile,1.0,4.0,0
25,2024-01-05,389,41.0,Nam,TP.HCM,Google Ads,Gia dụng,361000,3,0.056,1083000,1022152,216986,371194,COD,Mobile,2.0,4.0,0
26,2024-01-05,231,34.0,Nam,Hải Phòng,Organic,Gia dụng,203000,1,0.005,203000,201946,121913,80033,Ví điện tử,Mobile,1.0,4.0,0
27,2024-01-05,859,37.0,Nữ,Đà Nẵng,Organic,Thực phẩm,98000,4,0.211,392000,309382,68170,36702,COD,Mobile,4.0,4.0,0
28,2024-01-05,918,26.0,Nữ,TP.HCM,Referral,Thực phẩm,146000,4,0.089,584000,531998,105371,110514,Ví điện tử,Mobile,3.0,3.0,1
29,2024-01-05,442,50.0,Nữ,Hà Nội,Organic,Điện tử,705000,3,0.094,2115000,1916247,496165,427752,COD,Mobile,2.0,4.0,0
30,2024-01-05,1605,27.0,Nam,Hà Nội,Organic,Sách,88000,4,0.204,352000,280031,61798,32839,COD,Mobile,6.0,4.0,0
31,2024-01-05,1169,18.0,Nữ,Hải Phòng,Google Ads,Mỹ phẩm,157000,4,0.118,628000,553696,68607,279268,Ví điện tử,Desktop,3.0,,0
32,2024-01-06,1197,35.0,Nữ,Hà Nội,Facebook Ads,Mỹ phẩm,110000,4,0.123,440000,385799,52039,177643,Chuyển khoản,Mobile,4.0,,0
33,2024-01-06,473,19.0,Nữ,Hà Nội,Organic,Điện tử,393000,6,0.038,2358000,2268968,281414,580484,COD,Mobile,2.0,5.0,1
34,2024-01-06,1013,18.0,Nam,Hải Phòng,Organic,Điện tử,444000,5,0.084,2220000,2033607,310747,479872,COD,Mobile,2.0,4.0,0
35,2024-01-06,1980,38.0,Nữ,Đà Nẵng,Organic,Gia dụng,348000,5,0.035,1740000,1679302,199037,684117,COD,Mobile,0.0,5.0,0
36,2024-01-06,1617,33.0,Nữ,TP.HCM,Email,Thực phẩm,108000,4,0.074,432000,399864,78285,86724,Chuyển khoản,Mobile,1.0,5.0,0
37,2024-01-06,2364,18.0,Nữ,Hà Nội,Organic,Thời trang,110000,3,0.203,330000,262875,65460,66495,COD,Mobile,2.0,5.0,0
38,2024-01-07,801,26.0,Nữ,Đà Nẵng,Google Ads,Điện tử,216000,4,0.062,864000,810013,158408,176381,Ví điện tử,Mobile,2.0,4.0,0
39,2024-01-07,2815,19.0,Nam,Hà Nội,Referral,Điện tử,170000,2,0.216,340000,266595,127609,11377,Chuyển khoản,Desktop,3.0,5.0,0
40,2024-01-07,1029,22.0,Nữ,Hà Nội,Facebook Ads,Mỹ phẩm,200000,4,0.088,800000,729502,87767,378434,COD,Mobile,1.0,4.0,0
41,2024-01-07,434,30.0,Nữ,Hà Nội,Referral,Thời trang,151000,5,0.029,755000,733426,85917,303841,Ví điện tử,Mobile,2.0,4.0,0
42,2024-01-07,1456,32.0,Nam,Hải Phòng,Referral,Thời trang,162000,4,0.205,648000,515042,94419,137366,Chuyển khoản,Mobile,1.0,4.0,0
43,2024-01-08,542,33.0,Nam,Đà Nẵng,Facebook Ads,Thực phẩm,97000,6,0.168,582000,484092,66135,87282,COD,Mobile,0.0,5.0,0
44,2024-01-08,2875,28.0,Nữ,TP.HCM,Referral,Sách,121000,4,0.158,484000,407670,80395,86090,Ví điện tử,Mobile,2.0,5.0,0
45,2024-01-08,1509,30.0,Nam,Đà Nẵng,Organic,Thời trang,124000,1,0.071,124000,115241,64612,50629,COD,Mobile,3.0,3.0,0
46,2024-01-08,3085,46.0,Nam,Hà Nội,Organic,Mỹ phẩm,199000,2,0.088,398000,362911,88978,184955,COD,Mobile,4.0,4.0,1
47,2024-01-08,1591,27.0,Nam,Hà Nội,Organic,Mỹ phẩm,238000,5,0.121,1190000,1045663,103715,527088,Thẻ tín dụng,Desktop,2.0,,0
48,2024-01-08,32,30.0,Nam,Hải Phòng,Organic,Điện tử,292000,5,0.046,1460000,1393020,204815,368945,Thẻ tín dụng,Desktop,4.0,4.0,0
49,2024-01-08,2075,22.0,Nam,Đà Nẵng,Google Ads,Mỹ phẩm,120000,5,0.094,600000,543399,51608,285359,COD,Desktop,2.0,5.0,0
50,2024-01-08,972,30.0,Nam,TP.HCM,Organic,Thời trang,235000,7,0.057,1645000,1551288,136287,597279,Ví điện tử,Desktop,5.0,4.0,0
51,2024-01-09,894,25.0,Nữ,TP.HCM,Organic,Thời trang,118000,6,0.029,708000,687617,69302,271805,Thẻ tín dụng,Desktop,2.0,4.0,0
52,2024-01-10,2174,46.0,Nam,TP.HCM,Organic,Mỹ phẩm,200000,2,0.048,400000,380959,89964,201031,Ví điện tử,Mobile,3.0,4.0,0
53,2024-01-10,805,31.0,Nam,TP.HCM,Google Ads,Thực phẩm,139000,4,0.057,556000,524394,97842,133026,Thẻ tín dụng,Desktop,2.0,4.0,0
54,2024-01-10,2729,44.0,Nữ,Hà Nội,Google Ads,Thực phẩm,105000,3,0.134,315000,272859,77168,41355,COD,Mobile,4.0,4.0,0
55,2024-01-10,1576,32.0,Nam,TP.HCM,Organic,Điện tử,369000,3,0.102,1107000,993995,280135,153590,COD,Mobile,4.0,5.0,0
56,2024-01-11,2191,31.0,Nam,TP.HCM,Facebook Ads,Thời trang,129000,3,0.034,387000,373799,82054,127637,COD,Mobile,5.0,5.0,0
57,2024-01-11,1142,30.0,Nam,TP.HCM,Organic,Thời trang,134000,6,0.193,804000,649102,72915,211612,COD,Tablet,2.0,5.0,0
58,2024-01-12,1974,37.0,Nữ,Hải Phòng,Facebook Ads,Điện tử,733000,4,0.015,2932000,2887793,446154,1103177,Chuyển khoản,Mobile,5.0,4.0,0
59,2024-01-12,1102,26.0,Nữ,Cần Thơ,Organic,Thực phẩm,142000,3,0.093,426000,386395,107155,64930,COD,Mobile,5.0,3.0,0
60,2024-01-12,518,28.0,Nam,Đà Nẵng,Organic,Gia dụng,345000,2,0.255,690000,513871,202567,108737,Thẻ tín dụng,Desktop,2.0,4.0,0
61,2024-01-12,432,34.0,Nam,TP.HCM,Google Ads,Điện tử,265000,3,0.107,795000,710132,191760,134852,Ví điện tử,Mobile,5.0,4.0,0
62,2024-01-12,108,31.0,Nữ,Đà Nẵng,Google Ads,Mỹ phẩm,258000,4,0.231,1032000,793215,106200,368415,Ví điện tử,Desktop,2.0,5.0,0
63,2024-01-13,390,18.0,Nữ,Hải Phòng,Organic,Thực phẩm,94000,4,0.161,376000,315425,68978,39513,COD,Desktop,5.0,3.0,0
64,2024-01-13,1999,33.0,Nam,Đà Nẵng,Google Ads,Gia dụng,211000,5,0.179,1055000,866347,125511,238792,Chuyển khoản,Mobile,1.0,5.0,0
65,2024-01-13,1099,25.0,Nam,Cần Thơ,Google Ads,Điện tử,224000,3,0.158,672000,565898,167091,64625,COD,Desktop,1.0,5.0,0
66,2024-01-13,2248,31.0,Nữ,TP.HCM,Organic,Điện tử,402000,2,0.034,804000,776757,291416,193925,Thẻ tín dụng,Mobile,2.0,4.0,0
67,2024-01-13,2855,36.0,Nữ,TP.HCM,Referral,Điện tử,432000,2,0.188,864000,701512,328763,43986,COD,Desktop,3.0,4.0,0
68,2024-01-13,2569,18.0,Nam,Hà Nội,Email,Sách,116000,6,0.041,696000,667302,73235,227892,Thẻ tín dụng,Mobile,2.0,5.0,0
69,2024-01-13,1402,28.0,Nam,Hải Phòng,Facebook Ads,Điện tử,319000,1,0.024,319000,311336,238081,73255,Chuyển khoản,Desktop,5.0,4.0,0
70,2024-01-13,90,28.0,Nữ,Hải Phòng,Google Ads,Thời trang,174000,4,0.139,696000,599140,97806,207916,Chuyển khoản,Mobile,,5.0,0
71,2024-01-13,2264,44.0,Nam,TP.HCM,Organic,Thời trang,126000,3,0.03,378000,366492,66628,166608,COD,Mobile,8.0,3.0,0
72,2024-01-14,1065,29.0,Nữ,Hải Phòng,Email,Thời trang,174000,3,0.034,522000,504496,100175,203971,Ví điện tử,Mobile,1.0,4.0,0
73,2024-01-15,1807,31.0,Nữ,Đà Nẵng,Facebook Ads,Mỹ phẩm,128000,2,0.079,256000,235730,53886,127958,Thẻ tín dụng,Mobile,6.0,3.0,0
74,2024-01-15,2571,37.0,Nam,Đà Nẵng,Facebook Ads,Thời trang,78000,3,0.112,234000,207755,41404,83543,Ví điện tử,Desktop,1.0,5.0,0
75,2024-01-15,1582,20.0,Nữ,Hà Nội,Facebook Ads,Gia dụng,377000,3,0.091,1131000,1028163,215689,381096,Ví điện tử,Mobile,3.0,4.0,0
76,2024-01-15,3031,30.0,Nam,Hà Nội,Facebook Ads,Thời trang,92000,3,0.127,276000,240977,50924,88205,Thẻ tín dụng,Desktop,0.0,5.0,0
77,2024-01-15,977,18.0,Nữ,TP.HCM,Organic,Thời trang,206000,31,0.02,6386000,6258763,115884,2666359,Ví điện tử,Mobile,4.0,4.0,0
78,2024-01-15,2104,32.0,Nữ,Hà Nội,Organic,Điện tử,292000,2,0.111,584000,519268,221335,76598,Ví điện tử,Mobile,1.0,4.0,0
79,2024-01-15,2939,46.0,Nữ,Đà Nẵng,Facebook Ads,Thời trang,186000,5,0.043,930000,889702,106147,358967,Ví điện tử,Mobile,2.0,4.0,0
80,2024-01-16,212,33.0,Nam,Hà Nội,Google Ads,Điện tử,298000,4,0.218,1192000,932238,222035,44098,Ví điện tử,Mobile,1.0,5.0,0
81,2024-01-16,2355,25.0,Nam,Hà Nội,Organic,Thực phẩm,105000,3,0.044,315000,301249,69483,92800,Ví điện tử,Mobile,1.0,4.0,0
82,2024-01-16,487,23.0,Nữ,Hải Phòng,Google Ads,Thời trang,182000,3,0.026,546000,531761,101170,228251,Ví điện tử,Mobile,3.0,4.0,0
83,2024-01-17,2413,22.0,Nam,TP.HCM,Organic,Thời trang,114000,6,0.079,684000,629742,61983,257844,Thẻ tín dụng,Desktop,1.0,4.0,0
84,2024-01-17,201,18.0,Nữ,Hà Nội,Referral,Thời trang,204000,6,0.081,1224000,1125182,113882,441890,Chuyển khoản,Desktop,1.0,4.0,0
85,2024-01-17,1182,30.0,Nữ,Hải Phòng,Facebook Ads,Mỹ phẩm,330000,4,0.054,1320000,1248188,145161,667544,COD,Desktop,8.0,3.0,0
86,2024-01-17,1724,18.0,Nam,Hà Nội,Organic,Thời trang,185000,1,0.175,185000,152627,95853,56774,Ví điện tử,Tablet,3.0,4.0,0
87,2024-01-17,586,26.0,Nam,Hà Nội,Facebook Ads,Thực phẩm,147000,4,0.075,588000,543943,104942,124175,Chuyển khoản,Mobile,5.0,2.0,0
88,2024-01-17,2352,36.0,Nữ,Hải Phòng,Google Ads,Gia dụng,248000,3,0.082,744000,683308,142935,254503,Thẻ tín dụng,Mobile,1.0,4.0,0
89,2024-01-18,13,29.0,Nam,Hà Nội,Email,Gia dụng,381000,3,0.128,1143000,997133,238848,280589,Chuyển khoản,Tablet,6.0,3.0,0
90,2024-01-18,1783,33.0,Nam,Cần Thơ,Email,Thời trang,144000,6,0.149,864000,735076,77199,271882,Thẻ tín dụng,Mobile,1.0,4.0,0
91,2024-01-18,2391,24.0,Nữ,Hà Nội,Organic,Thời trang,187000,5,0.106,935000,836130,99281,339725,Thẻ tín dụng,Mobile,1.0,5.0,0
92,2024-01-18,1058,23.0,Nữ,Hà Nội,Facebook Ads,Gia dụng,172000,4,0.067,688000,642217,103257,229189,Thẻ tín dụng,Tablet,,3.0,0
93,2024-01-19,3286,45.0,Nam,Hải Phòng,Organic,Thời trang,187000,3,0.095,561000,507606,98377,212475,Ví điện tử,Mobile,4.0,4.0,0
94,2024-01-19,2970,41.0,Nữ,TP.HCM,Facebook Ads,Thời trang,150000,4,0.155,600000,506911,78687,192163,COD,Mobile,3.0,3.0,1
95,2024-01-19,1433,32.0,Nam,Hải Phòng,Google Ads,Gia dụng,235000,2,0.064,470000,439733,139603,160527,Thẻ tín dụng,Desktop,4.0,3.0,0
96,2024-01-19,971,18.0,Nam,Cần Thơ,Facebook Ads,Thời trang,144000,4,0.03,576000,558697,72931,266973,Ví điện tử,Tablet,1.0,5.0,0
97,2024-01-19,1532,39.0,Nữ,Hà Nội,Organic,Gia dụng,286000,5,0.075,1430000,1322790,169483,475375,Ví điện tử,Desktop,1.0,4.0,0
98,2024-01-20,2201,48.0,Nam,Đà Nẵng,Google Ads,Mỹ phẩm,139000,4,0.154,556000,470132,67430,200412,COD,Mobile,1.0,4.0,0
99,2024-01-20,1712,26.0,Nữ,Hà Nội,Facebook Ads,Thời trang,124000,7,0.099,868000,781836,66901,313529,COD,Mobile,3.0,4.0,0
100,2024-01-20,763,28.0,Nữ,TP.HCM,Referral,Thời trang,248000,2,0.044,496000,473962,131787,210388,Ví điện tử,Mobile,1.0,5.0,0
101,2024-01-20,501,34.0,Nữ,Đà Nẵng,Facebook Ads,Điện tử,388000,1,0.028,388000,377062,283359,93703,Ví điện tử,Mobile,1.0,4.0,0
102,2024-01-20,71,36.0,Nữ,Hải Phòng,Google Ads,Thực phẩm,126000,3,0.055,378000,357047,83834,105545,Ví điện tử,Desktop,6.0,4.0,0
103,2024-01-20,2140,36.0,Nam,Hải Phòng,Facebook Ads,Thời trang,178000,5,0.089,890000,811163,106809,277118,Chuyển khoản,Mobile,1.0,5.0,0
104,2024-01-21,1208,42.0,Nam,Hà Nội,Google Ads,Thời trang,231000,2,0.071,462000,429244,129737,169770,COD,Desktop,2.0,4.0,0
105,2024-01-21,287,27.0,Nữ,Hải Phòng,Organic,Gia dụng,291000,2,0.08,582000,535626,173497,188632,COD,Mobile,3.0,4.0,0
106,2024-01-21,1178,29.0,Nam,Hải Phòng,Email,Điện tử,400000,5,0.192,2000000,1615896,298405,123871,Ví điện tử,Mobile,1.0,4.0,1
107,2024-01-21,3287,34.0,Nam,Hà Nội,Email,Sách,108000,3,0.191,324000,262275,71859,46698,COD,Tablet,2.0,5.0,0
108,2024-01-21,2629,46.0,Nữ,TP.HCM,Organic,Sách,112000,2,0.345,224000,146616,76464,-6312,COD,Mobile,3.0,5.0,0
109,2024-01-21,987,38.0,Nữ,TP.HCM,Referral,Điện tử,410000,4,0.19,1640000,1328139,309370,90659,Ví điện tử,Desktop,2.0,4.0,0
110,2024-01-21,1363,39.0,Nam,Hà Nội,Organic,Điện tử,199000,2,0.059,398000,374436,134176,106084,Thẻ tín dụng,Mobile,1.0,5.0,1
111,2024-01-21,885,27.0,Nữ,Hà Nội,Facebook Ads,Thời trang,131000,6,0.023,786000,767849,71599,338255,Chuyển khoản,Desktop,2.0,5.0,0
112,2024-01-22,645,25.0,Nữ,TP.HCM,Organic,Gia dụng,247000,5,0.16,1235000,1037174,140321,335569,COD,Mobile,4.0,3.0,0
113,2024-01-22,1087,18.0,Nữ,Đà Nẵng,Google Ads,Thời trang,301000,6,0.182,1806000,1477869,160411,515403,Ví điện tử,Mobile,3.0,5.0,0
114,2024-01-22,2388,45.0,Nữ,Hải Phòng,Google Ads,Thời trang,96000,5,0.091,480000,436272,52101,175767,COD,Desktop,2.0,5.0,0
115,2024-01-23,89,25.0,Nữ,TP.HCM,Referral,Thời trang,149000,4,0.143,596000,510782,86070,166502,Ví điện tử,Mobile,9.0,3.0,0
116,2024-01-23,2715,32.0,Nữ,Cần Thơ,Google Ads,Gia dụng,211000,3,0.243,633000,478960,127127,97579,Ví điện tử,Mobile,1.0,5.0,0
117,2024-01-23,2676,21.0,Nam,Hà Nội,Facebook Ads,Sách,132000,4,0.07,528000,491298,87864,139842,COD,Desktop,1.0,4.0,0
118,2024-01-23,1965,27.0,Nữ,Cần Thơ,Organic,Gia dụng,217000,3,0.028,651000,632864,131787,237503,Chuyển khoản,Desktop,6.0,4.0,0
119,2024-01-24,1655,39.0,Nam,TP.HCM,Facebook Ads,Sách,102000,1,0.066,102000,95287,66897,28390,Ví điện tử,Mobile,3.0,4.0,0
120,2024-01-24,1283,18.0,Nam,TP.HCM,Google Ads,Điện tử,126000,6,0.052,756000,716839,87208,193591,Ví điện tử,Mobile,7.0,3.0,0
121,2024-01-24,1178,29.0,Nam,Hà Nội,Google Ads,Gia dụng,184000,3,0.05,552000,524553,111874,188931,Thẻ tín dụng,Desktop,3.0,5.0,0
122,2024-01-24,1535,21.0,Nam,TP.HCM,Organic,Điện tử,681000,1,0.016,681000,670112,525617,144495,Ví điện tử,Mobile,0.0,4.0,0
123,2024-01-24,1177,30.0,Nữ,Cần Thơ,Facebook Ads,Mỹ phẩm,228000,4,0.149,912000,775705,111335,330365,Chuyển khoản,Mobile,4.0,5.0,0
124,2024-01-24,2478,18.0,Nữ,TP.HCM,Google Ads,Mỹ phẩm,231000,3,0.114,693000,613864,101223,310195,Ví điện tử,Mobile,3.0,4.0,0
125,2024-01-24,1911,23.0,Nam,TP.HCM,Google Ads,Mỹ phẩm,268000,3,0.071,804000,746952,124041,374829,Ví điện tử,Mobile,1.0,4.0,0
126,2024-01-24,747,38.0,Nam,Đà Nẵng,Referral,Điện tử,411000,4,0.08,1644000,1512349,299125,315849,Ví điện tử,Mobile,3.0,4.0,0
127,2024-01-25,2616,18.0,Nam,Hà Nội,Google Ads,Điện tử,379000,5,0.126,1895000,1655862,281800,246862,Ví điện tử,Mobile,3.0,4.0,0
128,2024-01-25,2943,31.0,Nữ,Đà Nẵng,Organic,Thời trang,170000,3,0.021,510000,499184,92906,220466,COD,Desktop,5.0,4.0,0
129,2024-01-25,1183,18.0,Nam,Đà Nẵng,Facebook Ads,Sách,92000,2,0.058,184000,173290,62273,48744,COD,Desktop,2.0,4.0,0
130,2024-01-25,831,34.0,Nam,TP.HCM,Google Ads,Điện tử,251000,4,0.169,1004000,833827,198455,40007,Chuyển khoản,Tablet,4.0,5.0,0
131,2024-01-25,2421,38.0,Nữ,TP.HCM,Google Ads,Sách,82000,7,0.097,574000,518582,55005,133547,Thẻ tín dụng,Tablet,1.0,4.0,0
132,2024-01-26,1244,25.0,Nam,Hải Phòng,Email,Mỹ phẩm,255000,4,0.147,1020000,870332,114824,411036,COD,Mobile,3.0,4.0,0
133,2024-01-26,1097,45.0,Nữ,Hải Phòng,Facebook Ads,Điện tử,302000,4,0.174,1208000,998202,242949,26406,Thẻ tín dụng,Desktop,4.0,5.0,0
134,2024-01-26,2610,23.0,Nam,Hải Phòng,Facebook Ads,Điện tử,189000,3,0.099,567000,510840,133765,109545,Thẻ tín dụng,Mobile,2.0,5.0,0
135,2024-01-26,666,28.0,Nam,TP.HCM,Organic,Sách,88000,5,0.19,440000,356611,55521,79006,Ví điện tử,Desktop,3.0,4.0,0
136,2024-01-26,146,18.0,Nữ,TP.HCM,Facebook Ads,Gia dụng,212000,2,0.152,424000,359709,126159,107391,Ví điện tử,Desktop,4.0,3.0,0
137,2024-01-26,435,25.0,Nữ,Hải Phòng,Facebook Ads,Thực phẩm,115000,5,0.151,575000,488444,74741,114739,Chuyển khoản,Tablet,0.0,4.0,0
138,2024-01-26,668,29.0,Nam,TP.HCM,Facebook Ads,Thời trang,100000,3,0.019,300000,294179,52955,135314,Ví điện tử,Mobile,4.0,3.0,0
139,2024-01-26,1764,29.0,Nam,Đà Nẵng,Google Ads,Thực phẩm,129000,7,0.066,903000,843034,90001,213027,Thẻ tín dụng,Desktop,1.0,4.0,0
140,2024-01-27,1335,20.0,Nam,Hà Nội,Organic,Gia dụng,180000,6,0.076,1080000,998423,115683,304325,Ví điện tử,Mobile,3.0,4.0,0
141,2024-01-27,2640,18.0,Nữ,TP.HCM,Referral,Điện tử,293000,4,0.16,1172000,984767,198843,189395,COD,Desktop,3.0,4.0,0
142,2024-01-27,135,38.0,Nữ,TP.HCM,Google Ads,Gia dụng,309000,3,0.187,927000,753287,195303,167378,Chuyển khoản,Tablet,2.0,4.0,0
143,2024-01-27,617,18.0,Nam,Đà Nẵng,Google Ads,Thời trang,207000,2,0.11,414000,368496,113267,141962,Ví điện tử,Mobile,3.0,4.0,0
144,2024-01-27,2646,37.0,Nam,Cần Thơ,Facebook Ads,Thời trang,167000,4,0.089,668000,608772,92368,239300,Thẻ tín dụng,Mobile,5.0,3.0,1
145,2024-01-27,1301,31.0,Nữ,Đà Nẵng,Google Ads,Thời trang,278000,3,0.1,834000,750367,157730,277177,Thẻ tín dụng,Mobile,2.0,5.0,0
146,2024-01-28,2931,28.0,Nam,Hà Nội,Google Ads,Thời trang,163000,4,0.043,652000,624199,92881,252675,COD,Desktop,1.0,5.0,0
147,2024-01-28,1249,33.0,Nam,TP.HCM,Google Ads,Gia dụng,279000,2,0.072,558000,517559,158099,201361,Thẻ tín dụng,Desktop,6.0,4.0,0
148,2024-01-28,2601,20.0,Nữ,Đà Nẵng,Referral,Sách,68000,7,0.054,476000,450270,41187,161961,Thẻ tín dụng,Mobile,2.0,5.0,0
149,2024-01-28,974,40.0,Nam,Hải Phòng,Google Ads,Thời trang,124000,2,0.151,248000,210644,68086,74472,Chuyển khoản,Mobile,,4.0,0
150,2024-01-28,2311,31.0,Nam,Đà Nẵng,Google Ads,Thời trang,125000,3,0.09,375000,341434,66464,142042,COD,Desktop,,5.0,0
151,2024-01-28,2986,37.0,Nam,Đà Nẵng,Facebook Ads,Gia dụng,243000,3,0.174,729000,602060,149491,153587,Thẻ tín dụng,Mobile,3.0,4.0,0
152,2024-01-28,3295,30.0,Nữ,TP.HCM,Organic,Thời trang,140000,5,0.178,700000,575590,80034,175420,Ví điện tử,Mobile,1.0,3.0,0
153,2024-01-29,1049,37.0,Nữ,Cần Thơ,Facebook Ads,Thời trang,158000,2,0.169,316000,262555,85703,91149,COD,Mobile,3.0,5.0,0
154,2024-01-29,977,18.0,Nữ,Đà Nẵng,Google Ads,Gia dụng,361000,3,0.08,1083000,996376,212772,358060,Chuyển khoản,Desktop,2.0,5.0,0
155,2024-01-29,2470,27.0,Nữ,TP.HCM,Google Ads,Gia dụng,205000,9,0.094,1845000,1671813,127161,527364,Thẻ tín dụng,Mobile,2.0,,0
156,2024-01-30,149,21.0,Nam,TP.HCM,Google Ads,Điện tử,339000,4,0.145,1356000,1159666,243183,186934,COD,Mobile,7.0,,0
157,2024-01-30,262,24.0,Nữ,Cần Thơ,Google Ads,Thời trang,130000,4,0.138,520000,448497,75528,146385,Thẻ tín dụng,Desktop,8.0,4.0,0
158,2024-01-31,1338,43.0,Nữ,Hải Phòng,Organic,Thời trang,133000,3,0.126,399000,348596,73933,126797,Thẻ tín dụng,Mobile,1.0,5.0,0
159,2024-01-31,1530,32.0,Nữ,TP.HCM,Google Ads,Thời trang,164000,5,0.099,820000,738885,90102,288375,COD,Mobile,2.0,4.0,0
160,2024-01-31,1972,35.0,Nam,Hà Nội,Facebook Ads,Gia dụng,226000,2,0.073,452000,419218,134607,150004,Ví điện tử,Mobile,1.0,5.0,0
161,2024-01-31,783,28.0,Nam,Hà Nội,Organic,Thời trang,224000,2,0.094,448000,405739,127595,150549,COD,Desktop,4.0,3.0,0
162,2024-01-31,1609,39.0,Nam,Đà Nẵng,Organic,Mỹ phẩm,157000,3,0.062,471000,441807,70513,230268,Ví điện tử,Desktop,3.0,4.0,0
163,2024-01-31,2933,23.0,Nữ,Hải Phòng,Facebook Ads,Mỹ phẩm,226000,3,0.038,678000,651900,95531,365307,COD,Mobile,3.0,5.0,0
164,2024-01-31,2140,36.0,Nam,TP.HCM,Referral,Mỹ phẩm,126000,6,0.076,756000,698520,58666,346524,COD,Desktop,1.0,4.0,0
165,2024-02-01,1530,32.0,Nữ,Cần Thơ,Google Ads,Thời trang,247000,3,0.057,741000,698755,136382,289609,Thẻ tín dụng,Desktop,4.0,4.0,0
166,2024-02-01,2015,21.0,Nam,TP.HCM,Organic,Thời trang,179000,3,0.018,537000,527334,97378,235200,COD,Mobile,6.0,3.0,0
167,2024-02-01,3020,55.0,Nữ,TP.HCM,Google Ads,Điện tử,298000,3,0.128,894000,779812,201464,175420,Thẻ tín dụng,Tablet,4.0,4.0,0
168,2024-02-01,703,33.0,Nữ,TP.HCM,Facebook Ads,Mỹ phẩm,133000,4,0.176,532000,438103,57964,206247,Ví điện tử,Mobile,2.0,4.0,0
169,2024-02-02,2442,18.0,Nam,Hà Nội,Organic,Thời trang,106000,3,0.056,318000,300211,56912,129475,Thẻ tín dụng,Mobile,2.0,4.0,0
170,2024-02-02,1992,45.0,Nữ,Cần Thơ,Google Ads,Thời trang,212000,4,0.034,848000,818795,104761,399751,Thẻ tín dụng,Mobile,0.0,5.0,0
171,2024-02-02,1223,39.0,Nữ,Cần Thơ,Organic,Điện tử,519000,6,0.06,3114000,2928033,351511,818967,Thẻ tín dụng,Mobile,4.0,5.0,0
172,2024-02-02,466,31.0,Nữ,Cần Thơ,Referral,Gia dụng,292000,3,0.059,876000,824300,177726,291122,Ví điện tử,Mobile,1.0,4.0,0
173,2024-02-02,1243,51.0,Nam,TP.HCM,Google Ads,Thời trang,137000,4,0.181,548000,448908,76749,141912,COD,Mobile,7.0,4.0,0
174,2024-02-02,3058,34.0,Nữ,Hà Nội,Referral,Thực phẩm,116000,3,0.168,348000,289372,84211,36739,Thẻ tín dụng,Mobile,4.0,5.0,0
175,2024-02-02,2486,47.0,Nữ,Hà Nội,Referral,Thời trang,185000,7,0.093,1295000,1174500,104175,445275,Thẻ tín dụng,Mobile,2.0,3.0,0
176,2024-02-03,2002,33.0,Nữ,TP.HCM,Google Ads,Gia dụng,209000,5,0.053,1045000,989558,123519,371963,COD,Desktop,2.0,4.0,0
177,2024-02-03,5,44.0,Nữ,Hải Phòng,Google Ads,Mỹ phẩm,226000,4,0.046,904000,862199,111464,416343,Thẻ tín dụng,Tablet,2.0,5.0,0
178,2024-02-03,873,27.0,Nữ,TP.HCM,Google Ads,Sách,108000,4,0.029,432000,419672,67363,150220,Chuyển khoản,Mobile,2.0,4.0,0
179,2024-02-03,377,29.0,Nữ,Đà Nẵng,Organic,Điện tử,272000,1,0.019,272000,266800,204024,62776,Thẻ tín dụng,Mobile,3.0,4.0,0
180,2024-02-04,174,49.0,Nữ,Đà Nẵng,Referral,Sách,90000,2,0.042,180000,172457,59951,52555,COD,Mobile,3.0,4.0,1
181,2024-02-04,563,33.0,Nam,Hải Phòng,Organic,Thời trang,127000,6,0.118,762000,672376,68718,260068,Thẻ tín dụng,Desktop,2.0,5.0,0
182,2024-02-04,3273,31.0,Nam,Hà Nội,Google Ads,Thời trang,129000,2,0.074,258000,238863,74011,90841,Ví điện tử,Mobile,1.0,4.0,0
183,2024-02-04,3095,42.0,Nữ,TP.HCM,Facebook Ads,Gia dụng,196000,3,0.068,588000,548285,117220,196625,Ví điện tử,Mobile,3.0,4.0,0
184,2024-02-05,1810,42.0,Nam,TP.HCM,Referral,Thời trang,102000,5,0.143,510000,436985,50615,183910,COD,Mobile,3.0,4.0,0
185,2024-02-06,103,38.0,Nữ,Hà Nội,Facebook Ads,Điện tử,106000,6,0.077,636000,587314,76611,127648,Thẻ tín dụng,Mobile,1.0,4.0,0
186,2024-02-06,2033,38.0,Nữ,TP.HCM,Email,Thời trang,142000,4,0.086,568000,518976,82366,189512,Thẻ tín dụng,Mobile,7.0,3.0,0
187,2024-02-06,655,37.0,Nữ,Hà Nội,Google Ads,Gia dụng,183000,4,0.013,732000,722290,107348,292898,Thẻ tín dụng,Mobile,8.0,4.0,0
188,2024-02-07,1172,38.0,Nam,Hà Nội,Facebook Ads,Mỹ phẩm,254000,2,0.02,508000,498023,117177,263669,Thẻ tín dụng,Desktop,0.0,5.0,0
189,2024-02-07,1524,23.0,Nữ,Hà Nội,Facebook Ads,Thực phẩm,109000,5,0.21,545000,430683,76015,50608,Thẻ tín dụng,Mobile,3.0,3.0,0
190,2024-02-08,1163,41.0,Nữ,TP.HCM,Organic,Thực phẩm,133000,2,0.048,266000,253220,91106,71008,COD,Mobile,6.0,3.0,0
191,2024-02-08,986,22.0,Nữ,TP.HCM,Organic,Sách,65000,7,0.086,455000,415954,38453,146783,Ví điện tử,Desktop,3.0,5.0,0
192,2024-02-08,2458,33.0,Nữ,Hà Nội,Referral,Điện tử,252000,3,0.102,756000,678826,176257,150055,COD,Tablet,2.0,4.0,0
193,2024-02-08,389,41.0,Nam,TP.HCM,Facebook Ads,Mỹ phẩm,311000,1,0.027,311000,302637,142674,159963,Ví điện tử,Mobile,1.0,,0
194,2024-02-09,2064,20.0,Nữ,Hà Nội,Google Ads,Sách,85000,3,0.052,255000,241714,53584,80962,COD,Mobile,4.0,4.0,1
195,2024-02-10,1489,41.0,Nữ,Hà Nội,Google Ads,Điện tử,307000,2,0.091,614000,558410,229210,99990,COD,Mobile,8.0,,0
196,2024-02-10,2754,37.0,Nữ,Hà Nội,Email,Mỹ phẩm,208000,4,0.163,832000,696611,85760,353571,COD,Mobile,1.0,4.0,0
197,2024-02-10,107,44.0,Nữ,TP.HCM,Organic,Mỹ phẩm,207000,4,0.033,828000,800280,90821,436996,COD,Mobile,1.0,4.0,0
198,2024-02-10,450,25.0,Nữ,Hải Phòng,Google Ads,Mỹ phẩm,216000,3,0.173,648000,535629,94868,251025,COD,Mobile,1.0,4.0,0
199,2024-02-10,1407,27.0,Nữ,Hà Nội,Facebook Ads,Gia dụng,482000,3,0.077,1446000,1334325,292386,457167,Chuyển khoản,Mobile,4.0,4.0,0
200,2024-02-10,1684,28.0,Nữ,TP.HCM,Google Ads,Thời trang,148000,6,0.051,888000,842890,82850,345790,COD,Tablet,1.0,5.0,0
201,2024-02-10,32,30.0,Nam,Đà Nẵng,Referral,Thời trang,198000,4,0.042,792000,758597,114005,302577,Ví điện tử,Tablet,2.0,4.0,0
202,2024-02-11,218,18.0,Nữ,Hải Phòng,Google Ads,Thời trang,170000,3,0.091,510000,463692,91342,189666,Thẻ tín dụng,Desktop,4.0,4.0,0
203,2024-02-11,2678,22.0,Nam,Đà Nẵng,Facebook Ads,Điện tử,460000,4,0.151,1840000,1561868,345700,179068,Thẻ tín dụng,Mobile,1.0,5.0,0
204,2024-02-11,769,18.0,Nữ,Hà Nội,Facebook Ads,Gia dụng,241000,5,0.021,1205000,1180231,142665,466906,Chuyển khoản,Tablet,2.0,,0
205,2024-02-11,680,38.0,Nữ,TP.HCM,Facebook Ads,Điện tử,288000,4,0.153,1152000,975789,203728,160877,COD,Desktop,1.0,5.0,0
206,2024-02-12,1976,35.0,Nam,Hải Phòng,Referral,Gia dụng,205000,3,0.079,615000,566290,121764,200998,Thẻ tín dụng,Mobile,2.0,4.0,0
207,2024-02-12,1664,30.0,Nam,TP.HCM,Facebook Ads,Điện tử,227000,5,0.037,1135000,1093005,161355,286230,Ví điện tử,Mobile,3.0,4.0,0
208,2024-02-12,3183,42.0,Nam,Cần Thơ,Organic,Điện tử,337000,4,0.054,1348000,1275821,242070,307541,Chuyển khoản,Mobile,0.0,5.0,0
209,2024-02-12,1773,39.0,Nam,Đà Nẵng,Referral,Thực phẩm,130000,3,0.025,390000,380188,85699,123091,Chuyển khoản,Mobile,4.0,4.0,0
210,2024-02-12,110,51.0,Nữ,Hà Nội,Google Ads,Thực phẩm,117000,3,0.056,351000,331507,86062,73321,Thẻ tín dụng,Desktop,4.0,4.0,0
211,2024-02-13,859,37.0,Nữ,TP.HCM,Organic,Thời trang,142000,4,0.074,568000,526009,77767,214941,Chuyển khoản,Mobile,3.0,5.0,0
212,2024-02-14,2592,41.0,Nam,Hà Nội,Google Ads,Điện tử,213000,5,0.156,1065000,898423,145596,170443,Thẻ tín dụng,Mobile,2.0,4.0,0
213,2024-02-14,2601,20.0,Nữ,Hà Nội,Email,Mỹ phẩm,159000,4,0.15,636000,540675,77517,230607,Ví điện tử,Desktop,3.0,5.0,0
214,2024-02-14,2565,38.0,Nam,Đà Nẵng,Facebook Ads,Điện tử,274000,8,0.072,2192000,2033951,191042,505615,Chuyển khoản,Mobile,1.0,4.0,0
215,2024-02-14,890,30.0,Nam,Đà Nẵng,Google Ads,Sách,83000,2,0.065,166000,155267,58097,39073,Thẻ tín dụng,Tablet,2.0,5.0,0
216,2024-02-15,1796,24.0,Nữ,TP.HCM,Organic,Điện tử,184000,3,0.123,552000,483917,130420,92657,COD,Mobile,4.0,3.0,0
217,2024-02-15,2271,31.0,Nam,TP.HCM,Facebook Ads,Thực phẩm,124000,20,0.073,2480000,2299787,89363,512527,Ví điện tử,Desktop,7.0,4.0,0
218,2024-02-15,1375,23.0,Nữ,TP.HCM,Organic,Sách,85000,4,0.06,340000,319538,58086,87194,Chuyển khoản,Desktop,6.0,4.0,1
219,2024-02-15,10,39.0,Nam,TP.HCM,Google Ads,Thời trang,138000,3,0.106,414000,370054,73182,150508,Thẻ tín dụng,Mobile,6.0,3.0,0
220,2024-02-16,2292,28.0,Nữ,Cần Thơ,Organic,Điện tử,124000,4,0.129,496000,432194,85199,91398,COD,Desktop,1.0,4.0,0
221,2024-02-16,1928,24.0,Nam,TP.HCM,Facebook Ads,Thời trang,115000,2,0.075,230000,212841,64366,84109,Chuyển khoản,Mobile,2.0,4.0,0
222,2024-02-16,2521,37.0,Nam,Hải Phòng,Organic,Điện tử,354000,3,0.051,1062000,1007908,243905,276193,Thẻ tín dụng,Desktop,2.0,2.0,0
223,2024-02-16,3167,28.0,Nữ,Cần Thơ,Facebook Ads,Thực phẩm,146000,3,0.051,438000,415638,115376,69510,Ví điện tử,Mobile,4.0,4.0,0
224,2024-02-16,3069,34.0,Nam,Hà Nội,Email,Thời trang,59000,8,0.118,472000,416246,31413,164942,Thẻ tín dụng,Mobile,2.0,4.0,0
225,2024-02-17,3054,41.0,Nam,Hải Phòng,Google Ads,Điện tử,196000,5,0.161,980000,822451,136143,141736,Ví điện tử,Mobile,3.0,4.0,0
226,2024-02-17,1873,18.0,Nam,Cần Thơ,Referral,Điện tử,269000,6,0.091,1614000,1467424,187238,343996,COD,Mobile,1.0,5.0,0
227,2024-02-17,3293,21.0,Nam,TP.HCM,Referral,Mỹ phẩm,212000,3,0.283,636000,456221,97014,165179,Thẻ tín dụng,Desktop,1.0,5.0,0
228,2024-02-17,124,42.0,Nam,Cần Thơ,Google Ads,Thời trang,136000,3,0.231,408000,313723,74739,89506,Chuyển khoản,Desktop,4.0,5.0,0
229,2024-02-17,2930,21.0,Nữ,Hà Nội,Referral,Thời trang,92000,5,0.078,460000,423957,48760,180157,COD,Desktop,3.0,4.0,0
230,2024-02-17,2945,54.0,Nam,Hà Nội,Google Ads,Gia dụng,310000,1,0.221,310000,241518,177327,64191,Ví điện tử,Desktop,11.0,3.0,0
231,2024-02-17,2934,32.0,Nam,Hải Phòng,Organic,Điện tử,217000,5,0.037,1085000,1044384,168661,201079,Ví điện tử,Desktop,3.0,5.0,0
232,2024-02-17,1145,34.0,Nữ,Hà Nội,Google Ads,Thời trang,124000,3,0.228,372000,287002,67798,83608,Chuyển khoản,Mobile,3.0,3.0,0
233,2024-02-18,2542,40.0,Nam,Đà Nẵng,Facebook Ads,Gia dụng,175000,3,0.036,525000,506085,99850,206535,Chuyển khoản,Mobile,1.0,,0
234,2024-02-18,373,29.0,Nữ,TP.HCM,Facebook Ads,Thời trang,103000,3,0.27,309000,225689,53230,65999,COD,Mobile,2.0,4.0,0
235,2024-02-18,920,18.0,Nam,Hải Phòng,Facebook Ads,Thời trang,189000,4,0.101,756000,679597,106906,251973,COD,Mobile,5.0,4.0,0
236,2024-02-18,1717,42.0,Nam,Hà Nội,Google Ads,Thời trang,186000,3,0.321,558000,378867,105982,60921,Ví điện tử,Desktop,0.0,5.0,0
237,2024-02-18,2342,28.0,Nữ,TP.HCM,Facebook Ads,Thời trang,161000,1,0.032,161000,155774,85691,70083,COD,Mobile,3.0,4.0,1
238,2024-02-18,3131,24.0,Nữ,Hải Phòng,Referral,Điện tử,237000,6,0.056,1422000,1342192,170451,319486,Ví điện tử,Mobile,1.0,4.0,0
239,2024-02-19,930,44.0,Nữ,Đà Nẵng,Organic,Gia dụng,194000,3,0.13,582000,506228,124909,131501,COD,Mobile,1.0,4.0,0
240,2024-02-19,2862,28.0,Nam,Cần Thơ,Organic,Thời trang,137000,2,0.087,274000,250156,77017,96122,Ví điện tử,Desktop,6.0,3.0,0
241,2024-02-20,1114,31.0,Nữ,Đà Nẵng,Organic,Gia dụng,308000,5,0.119,1540000,1356001,164330,534351,Thẻ tín dụng,Mobile,1.0,5.0,0
242,2024-02-20,146,18.0,Nữ,Cần Thơ,Email,Điện tử,452000,4,0.127,1808000,1578882,325468,277010,Thẻ tín dụng,Mobile,1.0,4.0,0
243,2024-02-20,2155,41.0,Nam,Hà Nội,Referral,Gia dụng,270000,7,0.022,1890000,1848100,173595,632935,COD,Mobile,2.0,5.0,0
244,2024-02-20,228,26.0,Nam,TP.HCM,Google Ads,Mỹ phẩm,179000,4,0.141,716000,615118,79967,295250,COD,Desktop,2.0,3.0,0
245,2024-02-20,222,29.0,Nam,Cần Thơ,Email,Điện tử,196000,4,0.003,784000,781468,129942,261700,COD,Tablet,0.0,3.0,0
246,2024-02-20,3155,32.0,Nam,Đà Nẵng,Organic,Điện tử,228000,2,0.095,456000,412904,171160,70584,COD,Mobile,4.0,4.0,0
247,2024-02-21,2767,28.0,Nam,Cần Thơ,Facebook Ads,Điện tử,333000,2,0.068,666000,620795,249313,122169,Thẻ tín dụng,Mobile,6.0,3.0,1
248,2024-02-21,2599,28.0,Nam,TP.HCM,Google Ads,Điện tử,372000,3,0.103,1116000,1001125,246437,261814,Ví điện tử,Desktop,4.0,5.0,0
249,2024-02-21,1873,18.0,Nam,Hà Nội,Google Ads,Thời trang,207000,4,0.037,828000,797354,113059,345118,Thẻ tín dụng,Desktop,4.0,4.0,0
250,2024-02-21,121,18.0,Nam,Hà Nội,Organic,Thời trang,148000,4,0.238,592000,450882,83910,115242,COD,Desktop,1.0,4.0,0
251,2024-02-21,1801,36.0,Nữ,TP.HCM,Referral,Điện tử,227000,3,0.06,681000,640434,174222,117768,Ví điện tử,Mobile,3.0,,0
252,2024-02-22,2388,45.0,Nữ,TP.HCM,Google Ads,Thời trang,170000,6,0.069,1020000,949882,91066,403486,Ví điện tử,Mobile,2.0,5.0,0
253,2024-02-22,2282,29.0,Nữ,Đà Nẵng,Organic,Thời trang,255000,3,0.078,765000,705042,137015,293997,COD,Desktop,4.0,5.0,0
254,2024-02-22,2404,28.0,Nam,Cần Thơ,Organic,Gia dụng,140000,1,0.081,140000,128715,86302,42413,COD,Desktop,2.0,4.0,0
255,2024-02-23,2067,38.0,Nam,Cần Thơ,Referral,Gia dụng,180000,3,0.132,540000,468753,108963,141864,Thẻ tín dụng,Mobile,1.0,4.0,0
256,2024-02-23,2620,18.0,Nam,Hà Nội,Facebook Ads,Điện tử,273000,4,0.184,1092000,891466,191388,125914,Ví điện tử,Mobile,1.0,5.0,0
257,2024-02-23,2187,32.0,Nam,Hải Phòng,Organic,Thời trang,70000,3,0.101,210000,188861,36261,80078,Thẻ tín dụng,Desktop,2.0,4.0,0
258,2024-02-24,2932,26.0,Nam,Hà Nội,Organic,Thời trang,132000,2,0.107,264000,235699,76983,81733,COD,Desktop,6.0,2.0,1
259,2024-02-24,1626,18.0,Nam,TP.HCM,Organic,Sách,121000,3,0.108,363000,323710,83004,74698,COD,Mobile,4.0,3.0,0
260,2024-02-24,797,31.0,Nữ,Cần Thơ,Referral,Gia dụng,292000,4,0.2,1168000,933837,171320,248557,COD,Mobile,2.0,4.0,0
261,2024-02-24,2169,33.0,Nữ,Cần Thơ,Facebook Ads,Sách,142000,4,0.121,568000,499053,89770,139973,COD,Desktop,4.0,4.0,0
262,2024-02-25,105,43.0,Nam,TP.HCM,Email,Thời trang,106000,4,0.208,424000,335678,64633,77146,Thẻ tín dụng,Mobile,4.0,4.0,0
263,2024-02-25,181,20.0,Nữ,Hà Nội,Email,Điện tử,214000,4,0.049,856000,813832,160350,172432,COD,Desktop,2.0,4.0,0
264,2024-02-25,1506,29.0,Nữ,Hà Nội,Google Ads,Thời trang,144000,1,0.138,144000,124154,79404,44750,Thẻ tín dụng,Mobile,2.0,5.0,0
265,2024-02-25,2670,21.0,Nam,Hà Nội,Google Ads,Thời trang,183000,3,0.054,549000,519579,100529,217992,Thẻ tín dụng,Desktop,3.0,3.0,1
266,2024-02-25,1439,34.0,Nữ,TP.HCM,Facebook Ads,Mỹ phẩm,189000,3,0.029,567000,550734,83161,301251,Thẻ tín dụng,Desktop,4.0,3.0,0
267,2024-02-26,2033,38.0,Nữ,Hà Nội,Referral,Mỹ phẩm,281000,4,0.106,1124000,1004670,127880,493150,COD,Mobile,2.0,4.0,0
268,2024-02-26,1217,18.0,Nữ,TP.HCM,Organic,Điện tử,336000,6,0.056,2016000,1903546,253125,384796,COD,Mobile,2.0,,0
269,2024-02-26,1903,46.0,Nam,TP.HCM,Organic,Mỹ phẩm,226000,4,0.081,904000,830908,94131,454384,Chuyển khoản,Mobile,8.0,4.0,0
270,2024-02-26,319,31.0,Nam,TP.HCM,Referral,Gia dụng,169000,5,0.116,845000,747136,102351,235381,Ví điện tử,Mobile,2.0,4.0,0
271,2024-02-27,541,25.0,Nữ,TP.HCM,Facebook Ads,Mỹ phẩm,137000,2,0.022,274000,267913,60181,147551,Thẻ tín dụng,Desktop,1.0,4.0,0
272,2024-02-27,2050,28.0,Nam,TP.HCM,Facebook Ads,Điện tử,510000,2,0.09,1020000,928410,343941,240528,Thẻ tín dụng,Mobile,4.0,3.0,0
273,2024-02-28,463,38.0,Nam,TP.HCM,Email,Điện tử,349000,4,0.155,1396000,1179973,242116,211509,COD,Mobile,4.0,5.0,0
274,2024-02-28,2471,34.0,Nam,TP.HCM,Referral,Thực phẩm,176000,2,0.3,352000,246320,122374,1572,COD,Mobile,1.0,4.0,0
275,2024-02-28,2283,46.0,Nam,Đà Nẵng,Google Ads,Mỹ phẩm,157000,3,0.155,471000,397932,76131,169539,COD,Mobile,3.0,3.0,0
276,2024-02-28,665,38.0,Nam,Hải Phòng,Facebook Ads,Gia dụng,169000,7,0.06,1183000,1112537,100357,410038,Chuyển khoản,Mobile,4.0,4.0,0
277,2024-02-29,710,18.0,Nam,Cần Thơ,Email,Gia dụng,470000,1,0.123,470000,412155,265379,146776,COD,Mobile,1.0,5.0,0
278,2024-02-29,2472,34.0,Nam,Hà Nội,Facebook Ads,Điện tử,227000,6,0.118,1362000,1201716,149292,305964,Thẻ tín dụng,Mobile,3.0,5.0,0
279,2024-02-29,181,20.0,Nữ,TP.HCM,Organic,Gia dụng,263000,4,0.072,1052000,976250,156768,349178,COD,Mobile,2.0,4.0,0
280,2024-02-29,455,28.0,Nữ,Hà Nội,Google Ads,Sách,109000,3,0.051,327000,310318,73441,89995,COD,Mobile,1.0,4.0,0
281,2024-02-29,1744,33.0,Nữ,TP.HCM,Facebook Ads,Điện tử,288000,1,0.058,288000,271257,209469,61788,Ví điện tử,Mobile,1.0,4.0,0
282,2024-03-01,2710,33.0,Nữ,TP.HCM,Organic,Thực phẩm,110000,3,0.069,330000,307191,78958,70317,COD,Mobile,2.0,4.0,0
283,2024-03-01,2418,39.0,Nữ,TP.HCM,Google Ads,Gia dụng,209000,2,0.058,418000,393719,133159,127401,Ví điện tử,Mobile,1.0,4.0,0
284,2024-03-01,1156,18.0,Nữ,Hà Nội,Facebook Ads,Thực phẩm,115000,6,0.052,690000,653959,86376,135703,COD,Desktop,1.0,4.0,0
285,2024-03-01,1814,31.0,Nam,Hải Phòng,Organic,Gia dụng,221000,4,0.081,884000,812263,141351,246859,Thẻ tín dụng,Mobile,7.0,3.0,0
286,2024-03-01,1446,34.0,Nam,TP.HCM,Organic,Sách,90000,4,0.18,360000,295184,62053,46972,Ví điện tử,Desktop,4.0,3.0,0
287,2024-03-01,2844,42.0,Nữ,Hà Nội,Google Ads,Sách,96000,2,0.04,192000,184273,61432,61409,Chuyển khoản,Mobile,4.0,4.0,0
288,2024-03-01,968,50.0,Nam,Đà Nẵng,Organic,Thực phẩm,149000,6,0.062,894000,838534,109165,183544,Chuyển khoản,Mobile,1.0,5.0,0
289,2024-03-02,1533,42.0,Nam,TP.HCM,Google Ads,Thời trang,192000,6,0.094,1152000,1044166,109005,390136,COD,Mobile,3.0,4.0,0
290,2024-03-02,1104,37.0,Nữ,Cần Thơ,Organic,Mỹ phẩm,260000,4,0.009,1040000,1030834,118461,556990,Ví điện tử,Desktop,3.0,,0
291,2024-03-02,789,44.0,Nữ,Hà Nội,Google Ads,Điện tử,438000,6,0.11,2628000,2339081,320850,413981,COD,Desktop,3.0,4.0,0
292,2024-03-02,897,18.0,Nữ,Hà Nội,Facebook Ads,Mỹ phẩm,230000,4,0.187,920000,748022,93734,373086,Ví điện tử,Desktop,2.0,4.0,1
293,2024-03-02,2619,33.0,Nữ,TP.HCM,Organic,Thời trang,245000,6,0.06,1470000,1381481,140724,537137,COD,Mobile,5.0,4.0,0
294,2024-03-02,18,35.0,Nữ,TP.HCM,Referral,Điện tử,278000,9,0.048,2502000,2382534,200686,576360,Thẻ tín dụng,Mobile,2.0,5.0,0
295,2024-03-02,1299,24.0,Nữ,Hà Nội,Facebook Ads,Thực phẩm,99000,3,0.151,297000,252203,64553,58544,Chuyển khoản,Mobile,4.0,3.0,0
296,2024-03-03,1185,25.0,Nam,Đà Nẵng,Referral,Gia dụng,189000,4,0.059,756000,711713,129332,194385,Thẻ tín dụng,Mobile,3.0,5.0,0
297,2024-03-03,892,32.0,Nam,Hà Nội,Organic,Thời trang,120000,2,0.027,240000,233606,68306,96994,COD,Mobile,2.0,3.0,0
298,2024-03-03,1170,32.0,Nữ,Cần Thơ,Facebook Ads,Mỹ phẩm,335000,2,0.091,670000,608849,147658,313533,COD,Mobile,1.0,5.0,0
299,2024-03-03,530,39.0,Nữ,TP.HCM,Referral,Gia dụng,291000,1,0.034,291000,281089,179092,101997,Thẻ tín dụng,Desktop,3.0,4.0,0
300,2024-03-03,470,37.0,Nam,Cần Thơ,Facebook Ads,Mỹ phẩm,286000,5,0.053,1430000,1354013,126601,721008,Chuyển khoản,Mobile,3.0,4.0,0
301,2024-03-03,2066,33.0,Nữ,TP.HCM,Organic,Gia dụng,257000,5,0.022,1285000,1256820,155743,478105,COD,Desktop,1.0,4.0,0
302,2024-03-03,1391,31.0,Nam,Hải Phòng,Facebook Ads,Điện tử,278000,3,0.108,834000,744171,204405,130956,Ví điện tử,Mobile,2.0,5.0,0
303,2024-03-03,201,18.0,Nữ,Đà Nẵng,Organic,Điện tử,729000,4,0.078,2916000,2688971,533075,556671,Thẻ tín dụng,Desktop,,5.0,0
304,2024-03-04,25,28.0,Nam,Cần Thơ,Google Ads,Điện tử,294000,3,0.029,882000,856088,207443,233759,COD,Mobile,3.0,5.0,0
305,2024-03-04,2065,38.0,Nam,Hà Nội,Google Ads,Thời trang,119000,4,0.146,476000,406599,61982,158671,Thẻ tín dụng,Mobile,3.0,4.0,0
306,2024-03-04,3076,41.0,Nam,Cần Thơ,Referral,Thời trang,116000,9,0.048,1044000,994183,66763,393316,Ví điện tử,Desktop,3.0,5.0,0
307,2024-03-04,2146,29.0,Nam,Đà Nẵng,Organic,Gia dụng,348000,6,0.021,2088000,2045124,208448,794436,Thẻ tín dụng,Tablet,7.0,3.0,0
308,2024-03-04,2475,39.0,Nam,TP.HCM,Google Ads,Điện tử,414000,3,0.111,1242000,1104265,296041,216142,COD,Mobile,0.0,5.0,0
309,2024-03-04,1186,31.0,Nam,TP.HCM,Facebook Ads,Thời trang,148000,4,0.166,592000,493740,78613,179288,Thẻ tín dụng,Mobile,3.0,5.0,0
310,2024-03-04,2969,42.0,Nữ,TP.HCM,Organic,Thời trang,138000,4,0.025,552000,538269,74012,242221,Ví điện tử,Desktop,3.0,4.0,0
311,2024-03-04,2484,31.0,Nữ,Cần Thơ,Google Ads,Mỹ phẩm,152000,4,0.099,608000,547640,71403,262028,COD,Mobile,1.0,5.0,0
312,2024-03-04,855,22.0,Nam,Cần Thơ,Facebook Ads,Gia dụng,218000,1,0.202,218000,173880,125083,48797,COD,Mobile,1.0,5.0,0
313,2024-03-05,1368,31.0,Nữ,TP.HCM,Referral,Mỹ phẩm,141000,4,0.064,564000,528012,70745,245032,Ví điện tử,Mobile,4.0,5.0,0
314,2024-03-05,1224,25.0,Nữ,Đà Nẵng,Referral,Mỹ phẩm,174000,1,0.035,174000,167828,78011,89817,Thẻ tín dụng,Mobile,2.0,4.0,0
315,2024-03-05,1620,27.0,Nữ,TP.HCM,Organic,Sách,79000,3,0.119,237000,208799,52544,51167,COD,Mobile,2.0,3.0,0
316,2024-03-05,961,46.0,Nữ,TP.HCM,Facebook Ads,Điện tử,69000,3,0.132,207000,179591,52430,22301,Thẻ tín dụng,Mobile,2.0,4.0,0
317,2024-03-05,2873,51.0,Nam,TP.HCM,Google Ads,Mỹ phẩm,236000,9,0.116,2124000,1877494,101150,967144,Thẻ tín dụng,Desktop,2.0,4.0,0
318,2024-03-06,1080,25.0,Nữ,TP.HCM,Organic,Điện tử,268000,2,0.103,536000,480689,184650,111389,Thẻ tín dụng,Mobile,1.0,4.0,0
319,2024-03-06,976,29.0,Nữ,Đà Nẵng,Referral,Mỹ phẩm,130000,5,0.059,650000,611801,57811,322746,COD,Mobile,4.0,4.0,0
320,2024-03-06,1479,38.0,Nữ,TP.HCM,Email,Thời trang,123000,3,0.084,369000,337990,65765,140695,Ví điện tử,Mobile,1.0,4.0,0
321,2024-03-06,2817,22.0,Nam,Hà Nội,Organic,Thời trang,151000,5,0.083,755000,692401,84507,269866,Ví điện tử,Mobile,4.0,4.0,0
322,2024-03-06,3223,,Nam,Cần Thơ,Google Ads,Thời trang,185000,2,0.059,370000,348333,95446,157441,COD,Tablet,2.0,4.0,1
323,2024-03-06,902,38.0,Nữ,TP.HCM,Email,Mỹ phẩm,289000,2,0.186,578000,470427,127031,216365,Chuyển khoản,Desktop,2.0,4.0,0
324,2024-03-06,3003,28.0,Nam,TP.HCM,Organic,Mỹ phẩm,174000,4,0.104,696000,623542,75481,321618,COD,Mobile,7.0,3.0,0
325,2024-03-07,1869,35.0,Nữ,TP.HCM,Google Ads,Thời trang,80000,7,0.107,560000,500281,41985,206386,Thẻ tín dụng,Mobile,1.0,5.0,0
326,2024-03-07,2793,48.0,Nữ,Đà Nẵng,Organic,Điện tử,177000,4,0.222,708000,550841,128802,35633,Thẻ tín dụng,Mobile,1.0,4.0,0
327,2024-03-07,2939,46.0,Nữ,TP.HCM,Facebook Ads,Gia dụng,245000,5,0.011,1225000,1211275,142726,497645,Chuyển khoản,Mobile,2.0,4.0,0
328,2024-03-07,1271,25.0,Nam,Hà Nội,Facebook Ads,Gia dụng,224000,6,0.044,1344000,1285411,123718,543103,COD,Mobile,4.0,4.0,0
329,2024-03-07,598,35.0,Nữ,Đà Nẵng,Organic,Mỹ phẩm,230000,4,0.071,920000,854864,107581,424540,COD,Mobile,2.0,4.0,0
330,2024-03-08,1951,30.0,Nữ,Hải Phòng,Email,Sách,78000,4,0.202,312000,249078,53425,35378,Thẻ tín dụng,Desktop,5.0,3.0,0
331,2024-03-08,874,27.0,Nữ,TP.HCM,Organic,Sách,73000,5,0.082,365000,335224,47796,96244,Ví điện tử,Mobile,2.0,5.0,0
332,2024-03-08,2765,20.0,Nữ,TP.HCM,Organic,Thời trang,129000,3,0.128,387000,337368,69677,128337,COD,Desktop,1.0,4.0,0
333,2024-03-08,3257,36.0,Nam,Cần Thơ,Organic,Mỹ phẩm,215000,6,0.085,1290000,1180693,99949,580999,Thẻ tín dụng,Mobile,5.0,3.0,0
334,2024-03-08,903,54.0,Nam,Đà Nẵng,Google Ads,Điện tử,217000,3,0.062,651000,610718,137045,199583,Thẻ tín dụng,Desktop,1.0,5.0,0
335,2024-03-08,2733,25.0,Nam,Hải Phòng,Facebook Ads,Thời trang,178000,4,0.043,712000,681264,102396,271680,Ví điện tử,Desktop,,4.0,0
336,2024-03-08,282,36.0,Nữ,TP.HCM,Facebook Ads,Sách,116000,6,0.063,696000,651877,68799,239083,COD,Mobile,3.0,3.0,0
337,2024-03-09,461,27.0,Nữ,Hà Nội,Facebook Ads,Sách,114000,5,0.158,570000,480136,77607,92101,COD,Mobile,2.0,4.0,0
338,2024-03-09,2991,18.0,Nam,Hà Nội,Facebook Ads,Thời trang,178000,3,0.048,534000,508628,108099,184331,Chuyển khoản,Mobile,1.0,,0
339,2024-03-09,2980,30.0,Nữ,Hải Phòng,Google Ads,Gia dụng,239000,4,0.169,956000,794645,138048,242453,COD,Desktop,3.0,4.0,0
340,2024-03-09,2793,48.0,Nữ,TP.HCM,Organic,Gia dụng,301000,4,0.056,1204000,1137012,180772,413924,Thẻ tín dụng,Tablet,,4.0,0
341,2024-03-09,60,43.0,Nữ,TP.HCM,Referral,Điện tử,353000,3,0.054,1059000,1002321,237175,290796,COD,Mobile,1.0,4.0,0
342,2024-03-10,1119,30.0,Nữ,Hà Nội,Facebook Ads,Thời trang,308000,3,0.049,924000,878854,178283,344005,Thẻ tín dụng,Desktop,5.0,3.0,0
343,2024-03-10,572,59.0,Nữ,TP.HCM,Google Ads,Mỹ phẩm,255000,3,0.037,765000,736428,119721,377265,Ví điện tử,Desktop,5.0,4.0,1
344,2024-03-10,1834,19.0,Nữ,TP.HCM,Referral,Thực phẩm,126000,5,0.086,630000,575861,84620,152761,Ví điện tử,Mobile,4.0,3.0,0
345,2024-03-10,3209,19.0,Nữ,Đà Nẵng,Facebook Ads,Thời trang,117000,4,0.134,468000,405436,61146,160852,COD,Desktop,1.0,5.0,0
346,2024-03-10,1991,37.0,Nam,Hà Nội,Organic,Thời trang,172000,3,0.023,516000,504103,92824,225631,COD,Desktop,3.0,4.0,0
347,2024-03-10,613,38.0,Nữ,Đà Nẵng,Facebook Ads,Mỹ phẩm,218000,3,0.062,654000,613221,93272,333405,Thẻ tín dụng,Mobile,4.0,,0
348,2024-03-10,340,33.0,Nữ,Hà Nội,Facebook Ads,Điện tử,148000,7,0.004,1036000,1031974,112200,246574,Ví điện tử,Desktop,4.0,4.0,0
349,2024-03-10,1288,36.0,Nam,Hải Phòng,Email,Gia dụng,280000,3,0.082,840000,770726,155779,303389,COD,Mobile,4.0,4.0,0
350,2024-03-10,3044,29.0,Nữ,Đà Nẵng,Facebook Ads,Thời trang,232000,4,0.019,928000,909975,144552,331767,Chuyển khoản,Mobile,1.0,,0
351,2024-03-10,286,22.0,Nữ,Hà Nội,Facebook Ads,Điện tử,172000,7,0.072,1204000,1117603,132792,188059,Thẻ tín dụng,Desktop,3.0,5.0,0
352,2024-03-11,1436,32.0,Nam,TP.HCM,Google Ads,Sách,79000,6,0.021,474000,464155,51480,155275,COD,Tablet,2.0,5.0,0
353,2024-03-11,1954,29.0,Nữ,Cần Thơ,Organic,Thực phẩm,118000,7,0.198,826000,662729,87939,47156,COD,Mobile,2.0,4.0,0
354,2024-03-11,1013,18.0,Nam,TP.HCM,Email,Thực phẩm,151000,4,0.07,604000,561892,106792,134724,Thẻ tín dụng,Mobile,2.0,5.0,0
355,2024-03-11,1581,25.0,Nam,TP.HCM,Organic,Thời trang,177000,4,0.292,708000,501350,98130,108830,COD,Desktop,1.0,5.0,0
356,2024-03-11,1825,38.0,Nam,Hà Nội,Google Ads,Thực phẩm,111000,1,0.079,111000,102179,78619,23560,Chuyển khoản,Mobile,3.0,4.0,0
357,2024-03-12,1132,24.0,Nữ,Hà Nội,Facebook Ads,Điện tử,284000,1,0.063,284000,266239,202526,63713,Thẻ tín dụng,Desktop,5.0,4.0,0
358,2024-03-12,1183,18.0,Nam,Đà Nẵng,Facebook Ads,Gia dụng,220000,4,0.053,880000,833636,128928,317924,Thẻ tín dụng,Desktop,3.0,4.0,0
359,2024-03-12,2444,29.0,Nam,TP.HCM,Organic,Thực phẩm,130000,7,0.132,910000,789816,94522,128162,Ví điện tử,Mobile,2.0,4.0,0
360,2024-03-12,3252,35.0,Nữ,Đà Nẵng,Facebook Ads,Điện tử,254000,3,0.081,762000,700305,181299,156408,COD,Desktop,7.0,3.0,0
361,2024-03-13,613,38.0,Nữ,Hà Nội,Google Ads,Thời trang,228000,3,0.04,684000,656696,130912,263960,Thẻ tín dụng,Mobile,1.0,4.0,0
362,2024-03-13,296,27.0,Nữ,Hà Nội,Facebook Ads,Thời trang,165000,5,0.109,825000,734853,88275,293478,Thẻ tín dụng,Mobile,1.0,5.0,0
363,2024-03-13,1318,29.0,Nữ,Cần Thơ,Referral,Mỹ phẩm,213000,2,0.127,426000,371914,97229,177456,COD,Desktop,2.0,4.0,0
364,2024-03-13,775,30.0,Nam,TP.HCM,Organic,Gia dụng,365000,2,0.208,730000,578449,233006,112437,Chuyển khoản,Mobile,3.0,4.0,0
365,2024-03-13,522,23.0,Nam,Hà Nội,Google Ads,Điện tử,275000,3,0.022,825000,806910,201504,202398,Thẻ tín dụng,Mobile,5.0,4.0,0
366,2024-03-13,1175,30.0,Nam,TP.HCM,Organic,Thời trang,141000,2,0.14,282000,242450,76021,90408,Thẻ tín dụng,Mobile,1.0,4.0,0
367,2024-03-14,3224,22.0,Nữ,Hà Nội,Google Ads,Gia dụng,201000,8,0.09,1608000,1464052,114404,548820,COD,Desktop,6.0,3.0,0
368,2024-03-14,2176,30.0,Nam,Hà Nội,Facebook Ads,Thời trang,139000,5,0.151,695000,590381,78949,195636,Thẻ tín dụng,Mobile,5.0,4.0,0
369,2024-03-14,2395,31.0,Nam,TP.HCM,Facebook Ads,Gia dụng,100000,3,0.14,300000,258095,60016,78047,COD,Mobile,1.0,5.0,0
370,2024-03-14,2043,28.0,Nữ,TP.HCM,Organic,Thời trang,169000,3,0.099,507000,456558,92472,179142,Ví điện tử,Tablet,1.0,5.0,0
371,2024-03-14,163,40.0,Nữ,Hải Phòng,Google Ads,Sách,77000,1,0.04,77000,73955,49864,24091,COD,Mobile,3.0,3.0,0
372,2024-03-14,2223,27.0,Nữ,Hà Nội,Google Ads,Sách,79000,5,0.031,395000,382758,55597,104773,COD,Mobile,2.0,4.0,0
373,2024-03-15,773,32.0,Nữ,TP.HCM,Facebook Ads,Gia dụng,137000,5,0.095,685000,619804,84857,195519,COD,Desktop,3.0,3.0,0
374,2024-03-15,1111,34.0,Nữ,Hà Nội,Organic,Điện tử,305000,4,0.185,1220000,994716,217280,125596,Ví điện tử,Desktop,2.0,4.0,0
375,2024-03-15,2096,27.0,Nam,Hà Nội,Facebook Ads,Thời trang,255000,10,0.144,2550000,2183282,153584,647442,Chuyển khoản,Mobile,5.0,4.0,1
376,2024-03-15,634,21.0,Nữ,Hà Nội,Google Ads,Thời trang,165000,3,0.027,495000,481518,92740,203298,Thẻ tín dụng,Mobile,2.0,5.0,0
377,2024-03-15,1894,27.0,Nam,Hà Nội,Referral,Điện tử,282000,1,0.218,282000,220404,197830,22574,COD,Mobile,2.0,5.0,1
378,2024-03-15,905,36.0,Nam,Cần Thơ,Referral,Mỹ phẩm,212000,2,0.037,424000,408277,96081,216115,Ví điện tử,Mobile,1.0,4.0,1
379,2024-03-16,3135,54.0,Nữ,TP.HCM,Organic,Mỹ phẩm,200000,3,0.023,600000,586280,83759,335003,COD,Mobile,4.0,4.0,0
380,2024-03-16,2584,29.0,Nam,Hà Nội,Organic,Thời trang,112000,5,0.07,560000,520761,58672,227401,Ví điện tử,Tablet,3.0,3.0,0
381,2024-03-16,706,30.0,Nam,TP.HCM,Organic,Gia dụng,294000,2,0.018,588000,577204,176325,224554,Chuyển khoản,Mobile,4.0,4.0,0
382,2024-03-16,1251,46.0,Nữ,Cần Thơ,Google Ads,Thời trang,109000,2,0.179,218000,179065,65351,48363,COD,Tablet,2.0,4.0,0
383,2024-03-16,2563,42.0,Nam,Hải Phòng,Organic,Thời trang,164000,4,0.069,656000,610450,92944,238674,COD,Tablet,4.0,4.0,0
384,2024-03-16,1639,43.0,Nữ,Hà Nội,Facebook Ads,Sách,78000,6,0.038,468000,450414,52295,136644,COD,Desktop,2.0,4.0,0
385,2024-03-16,593,33.0,Nam,Hà Nội,Organic,Sách,112000,7,0.048,784000,746402,80610,182132,Chuyển khoản,Tablet,2.0,5.0,0
386,2024-03-16,1692,31.0,Nam,TP.HCM,Email,Thời trang,104000,3,0.043,312000,298585,59240,120865,COD,Desktop,0.0,5.0,0
387,2024-03-16,1199,44.0,Nam,Cần Thơ,Facebook Ads,Thời trang,133000,3,0.32,399000,271496,71981,55553,Ví điện tử,Mobile,1.0,4.0,0
388,2024-03-17,426,19.0,Nữ,TP.HCM,Google Ads,Sách,91000,4,0.051,364000,345295,63430,91575,Ví điện tử,Desktop,5.0,5.0,0
389,2024-03-17,1283,18.0,Nam,TP.HCM,Referral,Điện tử,297000,3,0.044,891000,851692,202992,242716,Thẻ tín dụng,Desktop,3.0,4.0,0
390,2024-03-17,2762,29.0,Nam,TP.HCM,Facebook Ads,Điện tử,354000,5,0.023,1770000,1729515,264050,409265,COD,Mobile,1.0,5.0,0
391,2024-03-17,1926,37.0,Nữ,Hải Phòng,Organic,Mỹ phẩm,195000,3,0.067,585000,545595,86499,286098,Thẻ tín dụng,Mobile,1.0,3.0,0
392,2024-03-18,883,58.0,Nữ,TP.HCM,Google Ads,Thời trang,235000,4,0.106,940000,840023,129749,321027,Ví điện tử,Desktop,2.0,4.0,0
393,2024-03-18,127,37.0,Nam,Đà Nẵng,Organic,Thời trang,130000,4,0.097,520000,469500,66698,202708,Thẻ tín dụng,Mobile,6.0,3.0,0
394,2024-03-18,2427,,Nữ,Cần Thơ,Facebook Ads,Thực phẩm,126000,1,0.02,126000,123519,87427,36092,COD,Mobile,2.0,5.0,0
395,2024-03-18,34,39.0,Nam,TP.HCM,Facebook Ads,Mỹ phẩm,168000,4,0.125,672000,588248,78997,272260,Thẻ tín dụng,Mobile,3.0,4.0,0
396,2024-03-19,259,25.0,Nữ,Hà Nội,Referral,Gia dụng,168000,2,0.173,336000,277712,112577,52558,COD,Mobile,7.0,3.0,0
397,2024-03-19,1754,30.0,Nữ,Đà Nẵng,Referral,Thời trang,143000,3,0.048,429000,408325,82003,162316,Ví điện tử,Desktop,,3.0,0
398,2024-03-19,2501,18.0,Nữ,TP.HCM,Facebook Ads,Thời trang,111000,4,0.056,444000,419224,61491,173260,Thẻ tín dụng,Desktop,3.0,3.0,0
399,2024-03-19,1935,28.0,Nam,Hải Phòng,Facebook Ads,Thời trang,207000,3,0.083,621000,569206,115794,221824,COD,Mobile,7.0,3.0,0
400,2024-03-19,1171,30.0,Nữ,Hải Phòng,Google Ads,Điện tử,480000,1,0.105,480000,429438,344174,85264,Thẻ tín dụng,Mobile,8.0,2.0,0
401,2024-03-19,1976,35.0,Nam,TP.HCM,Facebook Ads,Sách,71000,4,0.056,284000,268136,51656,61512,Ví điện tử,Mobile,2.0,5.0,0
402,2024-03-19,1740,42.0,Nữ,Hà Nội,Facebook Ads,Thời trang,91000,7,0.092,637000,578143,49385,232448,Ví điện tử,Mobile,,4.0,0
403,2024-03-19,2601,20.0,Nữ,TP.HCM,Referral,Điện tử,177000,4,0.093,708000,642099,126745,135119,Thẻ tín dụng,Mobile,2.0,4.0,0
404,2024-03-19,587,,Nam,TP.HCM,Google Ads,Thời trang,136000,4,0.066,544000,507983,75091,207619,Ví điện tử,Mobile,2.0,4.0,0
405,2024-03-19,2633,20.0,Nam,Hà Nội,Organic,Sách,121000,3,0.119,363000,319677,77207,88056,Thẻ tín dụng,Desktop,2.0,4.0,0
406,2024-03-20,2610,23.0,Nam,TP.HCM,Google Ads,Thời trang,95000,8,0.072,760000,704920,50776,298712,Thẻ tín dụng,Mobile,2.0,5.0,0
407,2024-03-20,54,44.0,Nam,TP.HCM,Facebook Ads,Sách,111000,2,0.089,222000,202229,72680,56869,Thẻ tín dụng,Desktop,1.0,4.0,0
408,2024-03-20,2949,34.0,Nữ,TP.HCM,Facebook Ads,Gia dụng,167000,3,0.079,501000,461294,108424,136022,Ví điện tử,Desktop,8.0,4.0,0
409,2024-03-21,1686,20.0,Nam,Đà Nẵng,Google Ads,Thời trang,192000,3,0.102,576000,517385,106789,197018,COD,Mobile,1.0,5.0,0
410,2024-03-21,3232,39.0,Nữ,Hà Nội,Organic,Điện tử,252000,4,0.061,1008000,946598,161894,299022,COD,Desktop,4.0,4.0,0
411,2024-03-21,3167,28.0,Nữ,TP.HCM,Facebook Ads,Mỹ phẩm,142000,4,0.084,568000,520020,70729,237104,Thẻ tín dụng,Mobile,1.0,4.0,0
412,2024-03-21,2906,38.0,Nữ,TP.HCM,Google Ads,Thời trang,139000,7,0.143,973000,833591,82135,258646,COD,Desktop,3.0,3.0,0
413,2024-03-21,3253,35.0,Nữ,TP.HCM,Referral,Thời trang,203000,4,0.067,812000,757481,108105,325061,Ví điện tử,Mobile,1.0,4.0,0
414,2024-03-21,1663,30.0,Nam,Hải Phòng,Organic,Thời trang,115000,6,0.028,690000,670445,62003,298427,Ví điện tử,Mobile,2.0,5.0,0
415,2024-03-21,72,29.0,Nam,TP.HCM,Organic,Gia dụng,268000,5,0.051,1340000,1271919,160998,466929,Thẻ tín dụng,Mobile,0.0,5.0,0
416,2024-03-22,1187,26.0,Nữ,Hà Nội,Facebook Ads,Điện tử,240000,5,0.045,1200000,1146151,169836,296971,COD,Mobile,3.0,3.0,0
417,2024-03-22,2172,20.0,Nữ,Đà Nẵng,Referral,Thực phẩm,112000,4,0.046,448000,427338,74312,130090,Ví điện tử,Mobile,3.0,4.0,0
418,2024-03-22,2358,19.0,Nữ,Hà Nội,Organic,Gia dụng,384000,2,0.163,768000,642832,220152,202528,COD,Mobile,5.0,4.0,0
419,2024-03-22,2959,22.0,Nam,TP.HCM,Referral,Gia dụng,247000,4,0.102,988000,887280,137402,337672,COD,Mobile,,5.0,0
420,2024-03-22,2184,47.0,Nam,Hà Nội,Organic,Điện tử,579000,7,0.062,4053000,3801859,426967,813090,COD,Tablet,2.0,5.0,0
421,2024-03-22,478,22.0,Nữ,TP.HCM,Organic,Điện tử,328000,4,0.148,1312000,1118115,249904,118499,Thẻ tín dụng,Mobile,8.0,3.0,0
422,2024-03-22,3222,30.0,Nữ,Hà Nội,Google Ads,Mỹ phẩm,286000,3,0.151,858000,728252,118387,373091,Chuyển khoản,Desktop,2.0,5.0,0
423,2024-03-22,1453,32.0,Nữ,Cần Thơ,Facebook Ads,Gia dụng,248000,3,0.175,744000,614145,141712,189009,COD,Desktop,6.0,4.0,0
424,2024-03-22,1646,25.0,Nữ,TP.HCM,Referral,Thời trang,209000,7,0.049,1463000,1392037,107713,638046,Ví điện tử,Mobile,0.0,5.0,0
425,2024-03-23,708,42.0,Nữ,Hà Nội,Organic,Mỹ phẩm,176000,6,0.082,1056000,968893,78959,495139,Chuyển khoản,Desktop,1.0,5.0,0
426,2024-03-23,2850,36.0,Nam,Hà Nội,Email,Thời trang,185000,3,0.11,555000,494208,98934,197406,COD,Mobile,1.0,4.0,1
427,2024-03-23,2426,48.0,Nam,Hà Nội,Email,Mỹ phẩm,182000,5,0.1,910000,819076,78522,426466,COD,Desktop,4.0,5.0,0
428,2024-03-23,1313,18.0,Nữ,TP.HCM,Facebook Ads,Thời trang,148000,5,0.016,740000,728055,81568,320215,COD,Mobile,1.0,5.0,0
429,2024-03-23,2306,34.0,Nam,Cần Thơ,Organic,Gia dụng,349000,2,0.038,698000,671682,204379,262924,Ví điện tử,Mobile,2.0,5.0,0
430,2024-03-23,2766,42.0,Nữ,TP.HCM,Facebook Ads,Gia dụng,347000,2,0.055,694000,655869,222504,210861,Ví điện tử,Desktop,5.0,4.0,0
431,2024-03-23,901,41.0,Nữ,Hải Phòng,Facebook Ads,Điện tử,274000,4,0.176,1096000,902842,183365,169382,COD,Mobile,0.0,5.0,0
432,2024-03-23,1983,32.0,Nam,TP.HCM,Referral,Thời trang,167000,4,0.099,668000,601939,88901,246335,Thẻ tín dụng,Mobile,6.0,4.0,0
433,2024-03-23,3229,22.0,Nữ,TP.HCM,Facebook Ads,Sách,80000,4,0.076,320000,295676,49418,98004,Thẻ tín dụng,Mobile,4.0,5.0,0
434,2024-03-24,1525,24.0,Nữ,TP.HCM,Facebook Ads,Điện tử,336000,4,0.219,1344000,1049624,261111,5180,Thẻ tín dụng,Mobile,4.0,3.0,0
435,2024-03-24,1916,18.0,Nam,Hà Nội,Google Ads,Mỹ phẩm,255000,4,0.092,1020000,925959,117714,455103,Thẻ tín dụng,Mobile,3.0,3.0,1
436,2024-03-24,310,45.0,Nam,TP.HCM,Facebook Ads,Thời trang,85000,3,0.274,255000,185218,43035,56113,COD,Desktop,1.0,5.0,0
437,2024-03-24,1882,21.0,Nam,TP.HCM,Organic,Thời trang,153000,4,0.148,612000,521540,80923,197848,COD,Mobile,0.0,4.0,0
438,2024-03-24,2627,24.0,Nữ,Hà Nội,Google Ads,Thời trang,111000,3,0.105,333000,298082,60401,116879,COD,Mobile,3.0,5.0,0
439,2024-03-24,2669,24.0,Nam,TP.HCM,Organic,Thời trang,126000,2,0.018,252000,247427,68768,109891,Ví điện tử,Mobile,4.0,4.0,1
440,2024-03-24,2079,18.0,Nữ,Hải Phòng,Google Ads,Sách,94000,4,0.29,376000,266864,61694,20088,Thẻ tín dụng,Tablet,2.0,4.0,0
441,2024-03-24,2086,27.0,Nam,Hà Nội,Google Ads,Thời trang,166000,4,0.103,664000,595886,88828,240574,Ví điện tử,Mobile,,,1
442,2024-03-24,2200,38.0,Nữ,TP.HCM,Google Ads,Gia dụng,187000,3,0.134,561000,485899,110103,155590,COD,Mobile,1.0,4.0,0
443,2024-03-25,1270,35.0,Nữ,TP.HCM,Organic,Điện tử,219000,3,0.043,657000,628530,155937,160719,Chuyển khoản,Mobile,4.0,,0
444,2024-03-25,789,44.0,Nữ,Hà Nội,Facebook Ads,Gia dụng,392000,3,0.104,1176000,1053760,251668,298756,COD,Mobile,5.0,5.0,0
445,2024-03-25,1395,,Nam,Đà Nẵng,Email,Thời trang,179000,2,0.094,358000,324525,98689,127147,COD,Mobile,5.0,4.0,0
446,2024-03-25,593,33.0,Nam,Hà Nội,Referral,Sách,86000,4,0.297,344000,241767,61911,-5877,COD,Mobile,4.0,3.0,0
447,2024-03-25,2186,43.0,Nữ,Đà Nẵng,Google Ads,Thực phẩm,112000,2,0.044,224000,214201,77041,60119,Ví điện tử,Mobile,2.0,4.0,0
448,2024-03-26,2647,31.0,Nữ,Hà Nội,Facebook Ads,Sách,71000,3,0.195,213000,171469,47568,28765,Ví điện tử,Mobile,4.0,3.0,0
449,2024-03-26,789,44.0,Nữ,TP.HCM,Organic,Điện tử,388000,1,0.249,388000,291436,310829,-19393,Ví điện tử,Desktop,2.0,4.0,0
450,2024-03-26,2771,40.0,Nữ,TP.HCM,Organic,Thời trang,216000,3,0.102,648000,581722,121763,216433,Thẻ tín dụng,Mobile,3.0,4.0,0
451,2024-03-26,702,18.0,Nữ,TP.HCM,Facebook Ads,Gia dụng,186000,3,0.066,558000,521428,118313,166489,Chuyển khoản,Mobile,3.0,4.0,0
452,2024-03-27,2366,21.0,Nam,Đà Nẵng,Organic,Thời trang,212000,3,0.032,636000,615662,108947,288821,COD,Mobile,5.0,,0
453,2024-03-27,825,50.0,Nữ,Cần Thơ,Facebook Ads,Sách,84000,2,0.105,168000,150331,52553,45225,Thẻ tín dụng,Mobile,0.0,5.0,0
454,2024-03-27,3046,18.0,Nữ,Cần Thơ,Organic,Mỹ phẩm,211000,3,0.194,633000,510142,98561,214459,COD,Mobile,1.0,,0
455,2024-03-27,2965,31.0,Nữ,Đà Nẵng,Referral,Thực phẩm,109000,1,0.058,109000,102698,72246,30452,COD,Mobile,7.0,4.0,1
456,2024-03-27,1924,37.0,Nữ,Đà Nẵng,Organic,Gia dụng,238000,2,0.112,476000,422719,149592,123535,COD,Mobile,2.0,4.0,0
457,2024-03-27,906,28.0,Nam,Hà Nội,Facebook Ads,Thực phẩm,129000,5,0.12,645000,567719,98449,75474,Thẻ tín dụng,Desktop,8.0,3.0,0
458,2024-03-28,676,30.0,Nữ,TP.HCM,Google Ads,Thực phẩm,121000,3,0.074,363000,336267,89337,68256,Thẻ tín dụng,Desktop,4.0,,1
459,2024-03-28,738,34.0,Nam,Hà Nội,Organic,Sách,77000,4,0.08,308000,283485,46850,96085,Ví điện tử,Desktop,1.0,5.0,0
460,2024-03-28,1353,28.0,Nữ,Cần Thơ,Email,Mỹ phẩm,182000,2,0.135,364000,314988,80637,153714,Chuyển khoản,Desktop,2.0,4.0,0
461,2024-03-28,2182,41.0,Nam,TP.HCM,Google Ads,Sách,68000,7,0.045,476000,454403,42749,155160,COD,Desktop,1.0,5.0,0
462,2024-03-29,2081,20.0,Nam,Hà Nội,Organic,Thời trang,127000,4,0.069,508000,473091,74052,176883,Thẻ tín dụng,Mobile,1.0,5.0,0
463,2024-03-29,510,31.0,Nữ,Hà Nội,Google Ads,Thời trang,124000,5,0.099,620000,558832,68704,215312,Thẻ tín dụng,Desktop,5.0,4.0,0
464,2024-03-29,449,34.0,Nam,TP.HCM,Facebook Ads,Gia dụng,209000,5,0.088,1045000,952664,133781,283759,COD,Mobile,2.0,5.0,0
465,2024-03-29,1347,31.0,Nữ,Hà Nội,Google Ads,Điện tử,328000,2,0.067,656000,611736,233820,144096,COD,Mobile,7.0,,0
466,2024-03-30,2618,42.0,Nữ,Cần Thơ,Organic,Điện tử,393000,5,0.073,1965000,1820702,272857,456417,Thẻ tín dụng,Mobile,2.0,4.0,0
467,2024-03-30,2331,36.0,Nữ,Cần Thơ,Organic,Sách,93000,2,0.114,186000,164768,61289,42190,COD,Desktop,3.0,5.0,0
468,2024-03-30,2594,20.0,Nam,Hà Nội,Google Ads,Gia dụng,183000,4,0.097,732000,661126,109099,224730,Thẻ tín dụng,Mobile,6.0,4.0,0
469,2024-03-30,2457,21.0,Nam,Hà Nội,Google Ads,Thực phẩm,119000,4,0.096,476000,430389,75427,128681,COD,Desktop,1.0,4.0,0
470,2024-03-31,3248,18.0,Nam,TP.HCM,Referral,Thời trang,220000,8,0.068,1760000,1640237,115468,716493,Chuyển khoản,Mobile,4.0,4.0,0
471,2024-03-31,1483,42.0,Nữ,TP.HCM,Organic,Điện tử,370000,3,0.081,1110000,1020620,241303,296711,COD,Desktop,1.0,5.0,0
472,2024-03-31,1153,23.0,Nữ,TP.HCM,Organic,Gia dụng,273000,2,0.123,546000,478704,167913,142878,Ví điện tử,Mobile,3.0,4.0,0
473,2024-03-31,1636,25.0,Nữ,TP.HCM,Referral,Gia dụng,104000,5,0.143,520000,445484,58727,151849,Thẻ tín dụng,Mobile,2.0,4.0,0
474,2024-03-31,86,34.0,Nam,Hải Phòng,Google Ads,Thời trang,200000,7,0.067,1400000,1306508,113843,509607,COD,Tablet,1.0,4.0,0
475,2024-03-31,483,36.0,Nữ,Hà Nội,Google Ads,Gia dụng,262000,3,0.078,786000,724631,165628,227747,Ví điện tử,Mobile,2.0,4.0,0
476,2024-04-01,40,18.0,Nữ,TP.HCM,Email,Gia dụng,234000,5,0.155,1170000,988286,129931,338631,Chuyển khoản,Mobile,1.0,4.0,0
477,2024-04-01,2924,36.0,Nữ,Hà Nội,Google Ads,Thời trang,139000,6,0.09,834000,758784,68503,347766,Thẻ tín dụng,Mobile,1.0,5.0,0
478,2024-04-01,968,50.0,Nam,Hà Nội,Google Ads,Mỹ phẩm,110000,4,0.073,440000,407856,55399,186260,COD,Desktop,1.0,5.0,0
479,2024-04-01,1132,24.0,Nữ,Cần Thơ,Organic,Điện tử,490000,2,0.172,980000,811024,332916,145192,Thẻ tín dụng,Tablet,7.0,4.0,0
480,2024-04-01,2710,33.0,Nữ,Hà Nội,Google Ads,Thời trang,182000,1,0.094,182000,164918,101038,63880,Ví điện tử,Desktop,4.0,4.0,0
481,2024-04-01,262,24.0,Nữ,TP.HCM,Organic,Thời trang,95000,2,0.108,190000,169418,50999,67420,Ví điện tử,Mobile,2.0,4.0,0
482,2024-04-02,2435,35.0,Nữ,Hải Phòng,Google Ads,Thực phẩm,140000,5,0.028,700000,680212,91867,220877,Ví điện tử,Desktop,4.0,5.0,0
483,2024-04-02,2287,34.0,Nữ,TP.HCM,Referral,Điện tử,271000,3,0.016,813000,800097,197972,206181,COD,Desktop,2.0,4.0,0
484,2024-04-02,1417,47.0,Nữ,Đà Nẵng,Facebook Ads,Mỹ phẩm,248000,2,0.009,496000,491675,120072,251531,Ví điện tử,Desktop,2.0,5.0,0
485,2024-04-03,2112,25.0,Nam,Hà Nội,Google Ads,Thực phẩm,126000,3,0.006,378000,375807,87337,113796,Thẻ tín dụng,Mobile,3.0,4.0,0
486,2024-04-03,484,29.0,Nữ,Hà Nội,Google Ads,Thời trang,186000,3,0.047,558000,531980,107300,210080,COD,Mobile,2.0,,0
487,2024-04-03,1927,36.0,Nữ,Hà Nội,Google Ads,Thời trang,160000,5,0.156,800000,675443,92179,214548,Ví điện tử,Mobile,5.0,4.0,0
488,2024-04-03,451,38.0,Nữ,Đà Nẵng,Email,Thời trang,120000,2,0.059,240000,225882,63829,98224,Ví điện tử,Desktop,5.0,4.0,0
489,2024-04-04,1289,33.0,Nam,TP.HCM,Facebook Ads,Điện tử,344000,3,0.162,1032000,864486,245065,129291,Chuyển khoản,Desktop,1.0,4.0,0
490,2024-04-04,937,43.0,Nữ,Hà Nội,Organic,Điện tử,205000,7,0.105,1435000,1284671,136858,326665,Chuyển khoản,Mobile,4.0,3.0,0
491,2024-04-05,1666,40.0,Nữ,Hà Nội,Referral,Mỹ phẩm,342000,5,0.049,1710000,1625530,149368,878690,Ví điện tử,Mobile,3.0,4.0,0
492,2024-04-05,30,39.0,Nam,Đà Nẵng,Google Ads,Điện tử,252000,2,0.102,504000,452552,200107,52338,Ví điện tử,Mobile,2.0,5.0,0
493,2024-04-05,504,22.0,Nam,TP.HCM,Email,Gia dụng,237000,6,0.09,1422000,1293992,148858,400844,COD,Mobile,2.0,4.0,0
494,2024-04-05,260,20.0,Nữ,Hà Nội,Organic,Thời trang,146000,4,0.149,584000,497004,80370,175524,Ví điện tử,Desktop,1.0,5.0,0
495,2024-04-05,2114,38.0,Nam,Cần Thơ,Organic,Mỹ phẩm,151000,2,0.13,302000,262887,71065,120757,Chuyển khoản,Tablet,2.0,4.0,0
496,2024-04-05,3161,37.0,Nữ,Hà Nội,Referral,Mỹ phẩm,156000,8,0.06,1248000,1172817,73018,588673,Ví điện tử,Mobile,4.0,4.0,0
497,2024-04-05,2594,,Nam,Hải Phòng,Organic,Mỹ phẩm,163000,4,0.042,652000,624631,73551,330427,COD,Desktop,7.0,4.0,0
498,2024-04-05,2903,49.0,Nam,TP.HCM,Google Ads,Thời trang,138000,2,0.152,276000,233977,75781,82415,Thẻ tín dụng,Mobile,,4.0,0
499,2024-04-05,3150,39.0,Nữ,TP.HCM,Facebook Ads,Thời trang,124000,1,0.074,124000,114864,70691,44173,Chuyển khoản,Mobile,3.0,4.0,0
500,2024-04-05,1889,31.0,Nam,Cần Thơ,Facebook Ads,Thời trang,144000,6,0.044,864000,826007,72225,392657,Chuyển khoản,Mobile,1.0,5.0,0
501,2024-04-06,1443,41.0,Nữ,Đà Nẵng,Organic,Gia dụng,133000,4,0.189,532000,431403,81958,103571,COD,Desktop,1.0,4.0,0
502,2024-04-06,2218,24.0,Nữ,Hà Nội,Google Ads,Mỹ phẩm,213000,6,0.039,1278000,1228726,100684,624622,COD,Mobile,2.0,4.0,0
503,2024-04-06,2457,21.0,Nam,Hà Nội,Referral,Thời trang,200000,3,0.041,600000,575199,116593,225420,COD,Desktop,,4.0,0
504,2024-04-06,867,40.0,Nam,Đà Nẵng,Referral,Mỹ phẩm,127000,4,0.108,508000,453200,63895,197620,COD,Mobile,5.0,4.0,0
505,2024-04-06,159,42.0,Nam,TP.HCM,Facebook Ads,Thời trang,145000,5,0.095,725000,655868,82911,241313,Thẻ tín dụng,Mobile,2.0,4.0,0
506,2024-04-06,2579,21.0,Nam,TP.HCM,Google Ads,Thời trang,176000,2,0.171,352000,291889,98066,95757,COD,Mobile,3.0,4.0,0
507,2024-04-07,119,18.0,Nữ,Hà Nội,Facebook Ads,Thực phẩm,142000,5,0.297,710000,498952,103192,-17008,COD,Mobile,2.0,5.0,0
508,2024-04-07,1577,31.0,Nữ,Đà Nẵng,Organic,Điện tử,197000,3,0.161,591000,495972,133226,96294,Thẻ tín dụng,Desktop,2.0,3.0,0
509,2024-04-07,1851,43.0,Nam,TP.HCM,Google Ads,Điện tử,203000,4,0.104,812000,727155,148588,132803,Chuyển khoản,Desktop,5.0,4.0,0
510,2024-04-07,1052,18.0,Nữ,TP.HCM,Facebook Ads,Điện tử,350000,4,0.035,1400000,1350391,241259,385355,Ví điện tử,Desktop,1.0,4.0,0
511,2024-04-07,2442,18.0,Nam,Cần Thơ,Google Ads,Thời trang,93000,15,0.056,1395000,1316841,50880,553641,COD,Mobile,4.0,2.0,0
512,2024-04-07,803,32.0,Nữ,Hà Nội,Facebook Ads,Thời trang,187000,2,0.112,374000,332260,99751,132758,Ví điện tử,Desktop,6.0,3.0,0
513,2024-04-07,613,38.0,Nữ,TP.HCM,Organic,Điện tử,385000,4,0.095,1540000,1393553,280943,269781,COD,Mobile,1.0,3.0,0
514,2024-04-08,1502,41.0,Nữ,TP.HCM,Google Ads,Điện tử,348000,5,0.153,1740000,1474620,277087,89185,COD,Mobile,9.0,2.0,0
515,2024-04-08,879,42.0,Nữ,Cần Thơ,Facebook Ads,Điện tử,490000,2,0.035,980000,945994,357286,231422,Ví điện tử,Tablet,2.0,4.0,0
516,2024-04-08,505,35.0,Nam,TP.HCM,Organic,Gia dụng,212000,7,0.156,1484000,1252568,117051,433211,COD,Mobile,5.0,3.0,0
517,2024-04-08,1732,35.0,Nữ,Hà Nội,Google Ads,Thực phẩm,127000,6,0.036,762000,734387,91247,186905,Thẻ tín dụng,Mobile,2.0,5.0,0
518,2024-04-08,1220,40.0,Nam,TP.HCM,Organic,Mỹ phẩm,176000,5,0.086,880000,804561,75559,426766,Thẻ tín dụng,Desktop,5.0,3.0,0
519,2024-04-08,1876,25.0,Nam,Cần Thơ,Facebook Ads,Thời trang,216000,3,0.076,648000,598925,116279,250088,COD,Desktop,3.0,3.0,1
520,2024-04-08,1742,48.0,Nữ,Hà Nội,Organic,Gia dụng,230000,5,0.119,1150000,1013455,143788,294515,Thẻ tín dụng,Mobile,3.0,4.0,0
521,2024-04-08,490,21.0,Nữ,Hà Nội,Google Ads,Thời trang,138000,5,0.13,690000,599993,73490,232543,Ví điện tử,Desktop,3.0,4.0,0
522,2024-04-09,944,31.0,Nam,TP.HCM,Organic,Điện tử,530000,2,0.048,1060000,1008919,359067,290785,Thẻ tín dụng,Desktop,3.0,4.0,1
523,2024-04-09,2761,30.0,Nữ,TP.HCM,Facebook Ads,Thời trang,149000,4,0.246,596000,449585,84215,112725,Thẻ tín dụng,Mobile,3.0,4.0,0
524,2024-04-09,2043,28.0,Nữ,TP.HCM,Email,Gia dụng,269000,4,0.041,1076000,1031803,175206,330979,Thẻ tín dụng,Mobile,2.0,4.0,1
525,2024-04-10,1266,25.0,Nam,Hà Nội,Organic,Thời trang,131000,2,0.007,262000,260088,72685,114718,Thẻ tín dụng,Mobile,,,0
526,2024-04-10,3059,25.0,Nam,Đà Nẵng,Google Ads,Thời trang,153000,8,0.155,1224000,1034376,85647,349200,Thẻ tín dụng,Mobile,1.0,4.0,0
527,2024-04-10,1279,53.0,Nam,Hà Nội,Referral,Thời trang,173000,4,0.141,692000,594403,97988,202451,Ví điện tử,Tablet,3.0,,0
528,2024-04-10,643,23.0,Nam,TP.HCM,Organic,Thời trang,180000,9,0.17,1620000,1345407,89410,540717,COD,Desktop,5.0,2.0,0
529,2024-04-10,2153,35.0,Nam,Đà Nẵng,Organic,Điện tử,232000,3,0.029,696000,675915,160080,195675,Ví điện tử,Desktop,5.0,4.0,0
530,2024-04-10,3297,29.0,Nam,TP.HCM,Organic,Mỹ phẩm,305000,1,0.029,305000,296013,134797,161216,COD,Desktop,5.0,4.0,0
531,2024-04-10,263,36.0,Nữ,Hải Phòng,Organic,Điện tử,281000,5,0.043,1405000,1344354,218252,253094,Ví điện tử,Desktop,,5.0,0
532,2024-04-10,908,31.0,Nam,Cần Thơ,Facebook Ads,Thời trang,167000,5,0.025,835000,813794,93963,343979,COD,Tablet,3.0,4.0,0
533,2024-04-10,316,37.0,Nam,Cần Thơ,Referral,Gia dụng,352000,2,0.014,704000,694383,196821,300741,Thẻ tín dụng,Mobile,2.0,4.0,0
534,2024-04-10,2427,48.0,Nữ,TP.HCM,Referral,Thời trang,124000,4,0.031,496000,480833,70317,199565,Thẻ tín dụng,Desktop,2.0,4.0,0
535,2024-04-10,2572,22.0,Nam,Hà Nội,Facebook Ads,Gia dụng,334000,2,0.087,668000,609663,209749,190165,Ví điện tử,Mobile,0.0,5.0,0
536,2024-04-11,756,41.0,Nam,Hải Phòng,Organic,Thực phẩm,148000,4,0.13,592000,514983,107744,84007,Ví điện tử,Desktop,1.0,5.0,0
537,2024-04-11,2052,45.0,Nam,Đà Nẵng,Email,Mỹ phẩm,552000,7,0.028,3864000,3754535,243349,2051092,Thẻ tín dụng,Desktop,2.0,4.0,0
538,2024-04-11,47,28.0,Nam,Cần Thơ,Google Ads,Thời trang,206000,4,0.18,824000,675972,110550,233772,Chuyển khoản,Tablet,1.0,,0
539,2024-04-12,215,57.0,Nam,Hà Nội,Facebook Ads,Thời trang,166000,4,0.075,664000,614135,94950,234335,COD,Desktop,1.0,5.0,0
540,2024-04-12,394,25.0,Nữ,Đà Nẵng,Organic,Gia dụng,243000,5,0.098,1215000,1095846,143660,377546,COD,Mobile,6.0,4.0,0
541,2024-04-12,512,35.0,Nam,TP.HCM,Organic,Sách,80000,2,0.122,160000,140479,45342,49795,Thẻ tín dụng,Mobile,2.0,4.0,0
542,2024-04-12,186,33.0,Nữ,Hà Nội,Facebook Ads,Gia dụng,265000,3,0.107,795000,710121,157843,236592,Ví điện tử,Mobile,6.0,5.0,0
543,2024-04-13,1581,25.0,Nam,TP.HCM,Facebook Ads,Thời trang,156000,3,0.199,468000,374814,90950,101964,Thẻ tín dụng,Desktop,3.0,4.0,0
544,2024-04-13,2527,18.0,Nam,Đà Nẵng,Google Ads,Mỹ phẩm,156000,2,0.047,312000,297287,79435,138417,Thẻ tín dụng,Mobile,3.0,4.0,0
545,2024-04-13,2129,41.0,Nam,Hải Phòng,Google Ads,Điện tử,374000,3,0.069,1122000,1045004,266367,245903,Ví điện tử,Mobile,3.0,4.0,0
546,2024-04-13,142,23.0,Nữ,Đà Nẵng,Organic,Mỹ phẩm,230000,2,0.161,460000,385822,103075,179672,Thẻ tín dụng,Mobile,2.0,4.0,1
547,2024-04-13,2905,25.0,Nữ,Đà Nẵng,Organic,Mỹ phẩm,279000,1,0.046,279000,266290,135060,131230,COD,Mobile,1.0,5.0,0
548,2024-04-13,2629,46.0,Nữ,TP.HCM,Organic,Mỹ phẩm,165000,4,0.116,660000,583642,69561,305398,Thẻ tín dụng,Tablet,1.0,5.0,0
549,2024-04-13,1640,41.0,Nam,Cần Thơ,Referral,Thời trang,131000,1,0.114,131000,116118,75566,40552,COD,Desktop,1.0,5.0,0
550,2024-04-13,2197,32.0,Nam,Hà Nội,Organic,Thời trang,164000,4,0.064,656000,613900,89077,257592,Thẻ tín dụng,Desktop,2.0,4.0,0
551,2024-04-14,1534,42.0,Nữ,Đà Nẵng,Google Ads,Thời trang,132000,4,0.121,528000,464195,78717,149327,Thẻ tín dụng,Tablet,1.0,5.0,0
552,2024-04-14,3020,55.0,Nữ,Hà Nội,Facebook Ads,Gia dụng,233000,3,0.04,699000,670823,138934,254021,Ví điện tử,Desktop,4.0,3.0,0
553,2024-04-14,2004,49.0,Nữ,Hà Nội,Google Ads,Sách,123000,6,0.026,738000,719168,74802,270356,Ví điện tử,Mobile,3.0,4.0,1
554,2024-04-14,1335,20.0,Nam,Hà Nội,Facebook Ads,Gia dụng,339000,2,0.152,678000,574857,205069,164719,COD,Mobile,4.0,4.0,0
555,2024-04-14,231,34.0,Nam,Hải Phòng,Google Ads,Sách,94000,3,0.061,282000,264777,59290,86907,Ví điện tử,Mobile,1.0,4.0,0
556,2024-04-14,1965,27.0,Nữ,Hà Nội,Organic,Thời trang,200000,4,0.124,800000,700748,123199,207952,COD,Tablet,0.0,4.0,0
557,2024-04-14,1315,18.0,Nữ,Hà Nội,Google Ads,Thời trang,115000,2,0.087,230000,209921,63689,82543,Chuyển khoản,Desktop,4.0,5.0,0
558,2024-04-14,404,18.0,Nữ,Hà Nội,Google Ads,Điện tử,334000,7,0.098,2338000,2109599,247999,373606,Ví điện tử,Tablet,1.0,5.0,0
559,2024-04-14,3097,24.0,Nữ,Hà Nội,Organic,Sách,98000,2,0.026,196000,190885,64624,61637,Thẻ tín dụng,Mobile,2.0,4.0,0
560,2024-04-14,1935,28.0,Nam,Hà Nội,Google Ads,Thời trang,95000,3,0.041,285000,273398,53997,111407,Thẻ tín dụng,Mobile,1.0,4.0,1
561,2024-04-14,2294,35.0,Nữ,TP.HCM,Google Ads,Thời trang,159000,5,0.093,795000,721318,79072,325958,Ví điện tử,Tablet,8.0,4.0,0
562,2024-04-15,3000,27.0,Nam,TP.HCM,Google Ads,Thời trang,188000,4,0.083,752000,689271,104492,271303,Ví điện tử,Mobile,2.0,4.0,0
563,2024-04-15,2962,34.0,Nam,Hải Phòng,Organic,Mỹ phẩm,229000,3,0.065,687000,642484,95016,357436,Ví điện tử,Mobile,7.0,3.0,1
564,2024-04-15,658,25.0,Nam,TP.HCM,Email,Điện tử,458000,2,0.185,916000,746869,324209,98451,Ví điện tử,Tablet,1.0,4.0,0
565,2024-04-15,3201,22.0,Nữ,Hà Nội,Organic,Gia dụng,328000,4,0.071,1312000,1219022,193298,445830,Chuyển khoản,Mobile,2.0,4.0,0
566,2024-04-15,2157,31.0,Nữ,Hà Nội,Organic,Sách,79000,2,0.029,158000,153475,55293,42889,Thẻ tín dụng,Desktop,3.0,4.0,0
567,2024-04-15,2370,31.0,Nam,Hải Phòng,Google Ads,Điện tử,285000,2,0.132,570000,494765,198404,97957,COD,Mobile,3.0,5.0,0
568,2024-04-15,1405,37.0,Nam,TP.HCM,Facebook Ads,Sách,78000,5,0.063,390000,365465,57181,79560,Thẻ tín dụng,Desktop,1.0,5.0,0
569,2024-04-16,1480,28.0,Nam,TP.HCM,Referral,Sách,98000,7,0.033,686000,663540,66237,199881,Ví điện tử,Desktop,1.0,5.0,0
570,2024-04-16,2598,41.0,Nữ,TP.HCM,Facebook Ads,Sách,77000,2,0.133,154000,133471,51122,31227,Thẻ tín dụng,Mobile,1.0,4.0,0
571,2024-04-16,3040,36.0,Nữ,TP.HCM,Google Ads,Điện tử,401000,4,0.07,1604000,1492193,299039,296037,COD,Desktop,3.0,3.0,0
572,2024-04-16,2519,41.0,Nữ,Hà Nội,Google Ads,Thời trang,168000,7,0.149,1176000,1000306,91540,359526,COD,Mobile,1.0,5.0,0
573,2024-04-16,869,43.0,Nam,TP.HCM,Referral,Thời trang,74000,4,0.034,296000,285933,40208,125101,Thẻ tín dụng,Mobile,3.0,4.0,0
574,2024-04-16,725,18.0,Nữ,TP.HCM,Organic,Thời trang,129000,7,0.121,903000,793660,65861,332633,Ví điện tử,Mobile,10.0,4.0,0
575,2024-04-16,1053,37.0,Nữ,TP.HCM,Facebook Ads,Thời trang,221000,3,0.095,663000,600281,114346,257243,COD,Desktop,,4.0,0
576,2024-04-16,655,37.0,Nữ,Hà Nội,Organic,Điện tử,217000,6,0.064,1302000,1218357,161770,247737,COD,Mobile,4.0,4.0,0
577,2024-04-16,2971,25.0,Nữ,Hải Phòng,Google Ads,Điện tử,666000,9,0.017,5994000,5890522,429966,2020828,Thẻ tín dụng,Desktop,3.0,3.0,1
578,2024-04-17,2173,47.0,Nữ,Đà Nẵng,Organic,Thực phẩm,110000,1,0.19,110000,89083,75876,13207,Chuyển khoản,Desktop,1.0,4.0,0
579,2024-04-17,1320,53.0,Nữ,Hà Nội,Facebook Ads,Gia dụng,476000,5,0.08,2380000,2189943,281750,781193,Ví điện tử,Desktop,2.0,,0
580,2024-04-17,760,37.0,Nam,Hà Nội,Referral,Thời trang,116000,2,0.077,232000,214105,67628,78849,Ví điện tử,Mobile,2.0,4.0,0
581,2024-04-17,1291,30.0,Nam,TP.HCM,Referral,Mỹ phẩm,219000,6,0.074,1314000,1216193,94777,647531,Thẻ tín dụng,Desktop,1.0,4.0,0
582,2024-04-18,80,45.0,Nữ,TP.HCM,Email,Thời trang,117000,2,0.084,234000,214266,68665,76936,Thẻ tín dụng,Desktop,1.0,5.0,0
583,2024-04-18,2278,51.0,Nữ,Hà Nội,Facebook Ads,Sách,93000,4,0.068,372000,346878,58809,111642,Thẻ tín dụng,Tablet,4.0,4.0,0
584,2024-04-18,3093,51.0,Nam,Cần Thơ,Email,Gia dụng,347000,5,0.131,1735000,1507832,205213,481767,Ví điện tử,Desktop,6.0,4.0,0
585,2024-04-18,615,18.0,Nam,Hà Nội,Organic,Gia dụng,317000,2,0.153,634000,537151,192382,152387,COD,Tablet,1.0,,0
586,2024-04-18,1059,32.0,Nữ,Hải Phòng,Facebook Ads,Điện tử,420000,3,0.159,1260000,1059867,269213,252228,Chuyển khoản,Mobile,1.0,5.0,0
587,2024-04-19,1471,37.0,Nữ,TP.HCM,Facebook Ads,Thực phẩm,133000,9,0.093,1197000,1085614,92851,249955,Thẻ tín dụng,Desktop,1.0,4.0,0
588,2024-04-19,970,41.0,Nam,Hải Phòng,Google Ads,Điện tử,448000,3,0.085,1344000,1229149,344470,195739,Thẻ tín dụng,Desktop,2.0,,0
589,2024-04-19,1719,39.0,Nam,Hà Nội,Referral,Mỹ phẩm,191000,4,0.086,764000,698629,77119,390153,Ví điện tử,Desktop,5.0,3.0,0
590,2024-04-19,661,29.0,Nam,Hải Phòng,Organic,Điện tử,276000,3,0.17,828000,687177,180591,145404,Thẻ tín dụng,Mobile,2.0,4.0,0
591,2024-04-19,438,22.0,Nam,TP.HCM,Referral,Gia dụng,341000,5,0.136,1705000,1473588,199866,474258,COD,Mobile,5.0,5.0,0
592,2024-04-19,2552,20.0,Nữ,TP.HCM,Organic,Điện tử,290000,3,0.088,870000,793843,219299,135946,Ví điện tử,Mobile,1.0,,0
593,2024-04-19,2811,32.0,Nữ,TP.HCM,Organic,Điện tử,374000,2,0.066,748000,698760,265174,168412,Thẻ tín dụng,Mobile,1.0,4.0,0
594,2024-04-20,868,29.0,Nữ,Đà Nẵng,Organic,Thực phẩm,138000,6,0.177,828000,681635,99572,84203,COD,Mobile,2.0,4.0,0
595,2024-04-20,2250,22.0,Nữ,Đà Nẵng,Organic,Thực phẩm,113000,3,0.146,339000,289619,85624,32747,COD,Mobile,1.0,5.0,1
596,2024-04-20,2899,37.0,Nam,Cần Thơ,Organic,Gia dụng,189000,6,0.05,1134000,1077150,110028,416982,Ví điện tử,Desktop,1.0,2.0,0
597,2024-04-20,634,21.0,Nữ,Cần Thơ,Google Ads,Thời trang,159000,1,0.103,159000,142596,79643,62953,COD,Mobile,4.0,,0
598,2024-04-20,1324,24.0,Nữ,Hà Nội,Facebook Ads,Thời trang,287000,4,0.047,1148000,1093863,161794,446687,Ví điện tử,Mobile,6.0,4.0,0
599,2024-04-20,2564,,Nữ,Hà Nội,Google Ads,Điện tử,201000,3,0.153,603000,510856,145236,75148,Chuyển khoản,Desktop,3.0,3.0,0
600,2024-04-20,2034,37.0,Nam,Hà Nội,Organic,Điện tử,196000,9,0.076,1764000,1630787,138756,381983,Ví điện tử,Desktop,1.0,4.0,0
601,2024-04-20,2859,,Nam,Đà Nẵng,Google Ads,Điện tử,252000,3,0.034,756000,730455,160558,248781,COD,Mobile,5.0,3.0,0
602,2024-04-20,1411,41.0,Nữ,TP.HCM,Organic,Thời trang,165000,7,0.099,1155000,1040095,89749,411852,Ví điện tử,Tablet,1.0,4.0,0
603,2024-04-20,37,38.0,Nam,TP.HCM,Google Ads,Mỹ phẩm,139000,3,0.09,417000,379469,59699,200372,Ví điện tử,Mobile,3.0,3.0,0
604,2024-04-20,1737,19.0,Nam,TP.HCM,Facebook Ads,Gia dụng,353000,4,0.102,1412000,1267932,209873,428440,COD,Mobile,1.0,5.0,0
605,2024-04-20,683,,Nam,Hà Nội,Email,Điện tử,269000,2,0.245,538000,405955,192017,21921,COD,Mobile,3.0,4.0,1
606,2024-04-21,1337,38.0,Nam,TP.HCM,Google Ads,Gia dụng,152000,6,0.141,912000,783820,85947,268138,Ví điện tử,Mobile,2.0,5.0,0
607,2024-04-21,3075,30.0,Nữ,TP.HCM,Google Ads,Gia dụng,339000,1,0.155,339000,286338,210286,76052,COD,Mobile,8.0,3.0,1
608,2024-04-21,470,37.0,Nam,TP.HCM,Facebook Ads,Thời trang,149000,4,0.154,596000,504021,83537,169873,Thẻ tín dụng,Desktop,2.0,5.0,0
609,2024-04-21,829,35.0,Nữ,TP.HCM,Facebook Ads,Thời trang,96000,3,0.093,288000,261260,57438,88946,Ví điện tử,Mobile,7.0,3.0,1
610,2024-04-21,3155,32.0,Nam,Hà Nội,Google Ads,Thời trang,135000,1,0.113,135000,119699,75766,43933,COD,Mobile,0.0,4.0,0
611,2024-04-21,1677,35.0,Nữ,TP.HCM,Referral,Thực phẩm,114000,2,0.113,228000,202242,83435,35372,COD,Mobile,3.0,,0
612,2024-04-21,2020,34.0,Nam,TP.HCM,Organic,Điện tử,269000,3,0.057,807000,760678,202637,152767,Ví điện tử,Mobile,2.0,4.0,0
613,2024-04-22,2407,27.0,Nam,Đà Nẵng,Organic,Thời trang,203000,4,0.015,812000,800109,107716,369245,Ví điện tử,Desktop,2.0,4.0,0
614,2024-04-22,861,,Nữ,TP.HCM,Organic,Mỹ phẩm,146000,9,0.226,1314000,1017090,63755,443295,COD,Desktop,3.0,4.0,0
615,2024-04-22,2620,18.0,Nam,TP.HCM,Organic,Gia dụng,285000,3,0.111,855000,760031,168157,255560,COD,Desktop,3.0,4.0,0
616,2024-04-22,2737,35.0,Nữ,Hà Nội,Facebook Ads,Mỹ phẩm,106000,3,0.053,318000,301149,46984,160197,COD,Desktop,3.0,4.0,1
617,2024-04-22,2267,39.0,Nữ,TP.HCM,Email,Gia dụng,287000,5,0.058,1435000,1351258,186811,417203,COD,Mobile,4.0,4.0,0
618,2024-04-22,3036,43.0,Nữ,TP.HCM,Facebook Ads,Mỹ phẩm,158000,4,0.119,632000,556669,70384,275133,Ví điện tử,Mobile,5.0,3.0,0
619,2024-04-22,572,59.0,Nữ,Đà Nẵng,Google Ads,Gia dụng,207000,1,0.103,207000,185754,119198,66556,COD,Mobile,2.0,4.0,0
620,2024-04-22,1997,49.0,Nữ,TP.HCM,Facebook Ads,Thời trang,111000,6,0.104,666000,596939,62987,219017,Ví điện tử,Mobile,2.0,4.0,0
621,2024-04-23,40,18.0,Nữ,TP.HCM,Facebook Ads,Điện tử,176000,3,0.05,528000,501855,118441,146532,Thẻ tín dụng,Mobile,2.0,5.0,0
622,2024-04-23,2139,33.0,Nữ,TP.HCM,Facebook Ads,Gia dụng,327000,8,0.085,2616000,2393727,207662,732431,Thẻ tín dụng,Mobile,1.0,5.0,0
623,2024-04-23,893,42.0,Nam,TP.HCM,Organic,Sách,87000,3,0.065,261000,244064,59976,64136,COD,Desktop,1.0,4.0,0
624,2024-04-23,574,18.0,Nữ,TP.HCM,Facebook Ads,Mỹ phẩm,114000,7,0.033,798000,771705,52474,404387,COD,Desktop,1.0,5.0,0
625,2024-04-23,2884,31.0,Nữ,Hải Phòng,Facebook Ads,Thời trang,150000,4,0.089,600000,546719,76618,240247,Thẻ tín dụng,Desktop,3.0,4.0,0
626,2024-04-24,1231,36.0,Nam,TP.HCM,Organic,Mỹ phẩm,213000,2,0.078,426000,392833,93475,205883,Thẻ tín dụng,Desktop,1.0,5.0,0
627,2024-04-24,1765,24.0,Nữ,TP.HCM,Organic,Thời trang,109000,3,0.093,327000,296667,60217,116016,Thẻ tín dụng,Tablet,2.0,4.0,0
628,2024-04-24,2974,26.0,Nam,Cần Thơ,Google Ads,Điện tử,293000,3,0.058,879000,827855,219921,168092,Thẻ tín dụng,Desktop,5.0,3.0,0
629,2024-04-24,1229,30.0,Nữ,TP.HCM,Google Ads,Mỹ phẩm,393000,2,0.078,786000,724390,168038,388314,COD,Mobile,3.0,3.0,0
630,2024-04-24,1045,19.0,Nữ,Cần Thơ,Facebook Ads,Gia dụng,203000,4,0.143,812000,695555,124791,196391,Thẻ tín dụng,Desktop,3.0,3.0,0
631,2024-04-25,1970,37.0,Nam,TP.HCM,Organic,Thời trang,146000,4,0.195,584000,470041,75513,167989,COD,Mobile,1.0,3.0,0
632,2024-04-25,342,28.0,Nữ,Cần Thơ,Organic,Điện tử,203000,1,0.167,203000,169101,153839,15262,Chuyển khoản,Mobile,2.0,3.0,0
633,2024-04-25,953,34.0,Nữ,TP.HCM,Organic,Gia dụng,318000,4,0.032,1272000,1231292,190193,470520,Thẻ tín dụng,Mobile,4.0,5.0,0
634,2024-04-25,2510,39.0,Nữ,Hải Phòng,Referral,Điện tử,319000,1,0.065,319000,298122,237323,60799,Thẻ tín dụng,Mobile,4.0,3.0,0
635,2024-04-25,1294,27.0,Nữ,TP.HCM,Organic,Gia dụng,167000,2,0.138,334000,287765,95742,96281,Ví điện tử,Mobile,5.0,5.0,0
636,2024-04-25,1359,36.0,Nam,TP.HCM,Organic,Thời trang,166000,4,0.172,664000,550100,86015,206040,Thẻ tín dụng,Desktop,1.0,5.0,0
637,2024-04-25,2426,48.0,Nam,Hà Nội,Organic,Gia dụng,236000,4,0.249,944000,709349,126458,203517,Ví điện tử,Mobile,2.0,3.0,0
638,2024-04-25,1799,33.0,Nữ,Hà Nội,Email,Gia dụng,286000,5,0.225,1430000,1108855,172863,244540,COD,Mobile,5.0,4.0,0
639,2024-04-25,69,21.0,Nam,Cần Thơ,Google Ads,Gia dụng,203000,6,0.191,1218000,985454,113535,304244,Ví điện tử,Desktop,2.0,4.0,0
640,2024-04-25,2095,30.0,Nữ,Hải Phòng,Referral,Mỹ phẩm,194000,6,0.064,1164000,1089512,85526,576356,COD,Mobile,2.0,5.0,0
641,2024-04-26,2645,43.0,Nam,Hà Nội,Facebook Ads,Gia dụng,234000,3,0.187,702000,571016,129204,183404,Ví điện tử,Mobile,5.0,,1
642,2024-04-26,3003,28.0,Nam,Hà Nội,Google Ads,Sách,81000,6,0.007,486000,482483,53706,160247,Ví điện tử,Desktop,6.0,4.0,0
643,2024-04-26,134,21.0,Nam,Hà Nội,Referral,Sách,85000,6,0.073,510000,472588,46709,192334,COD,Mobile,3.0,4.0,0
644,2024-04-26,511,24.0,Nam,TP.HCM,Google Ads,Thời trang,147000,3,0.027,441000,428895,79638,189981,Chuyển khoản,Desktop,2.0,5.0,0
645,2024-04-26,465,21.0,Nữ,TP.HCM,Facebook Ads,Điện tử,180000,5,0.184,900000,734263,132268,72923,Ví điện tử,Mobile,3.0,4.0,0
646,2024-04-27,2237,27.0,Nữ,Hà Nội,Facebook Ads,Điện tử,263000,6,0.114,1578000,1397740,191908,246292,Ví điện tử,Desktop,2.0,4.0,0
647,2024-04-27,2115,25.0,Nữ,Đà Nẵng,Organic,Thời trang,149000,3,0.035,447000,431510,78350,196460,COD,Tablet,3.0,4.0,0
648,2024-04-27,2367,28.0,Nữ,Hải Phòng,Organic,Mỹ phẩm,178000,6,0.013,1068000,1054112,84414,547628,Thẻ tín dụng,Mobile,1.0,5.0,1
649,2024-04-27,588,50.0,Nữ,Hà Nội,Organic,Điện tử,228000,5,0.055,1140000,1077361,169660,229061,Thẻ tín dụng,Mobile,1.0,4.0,0
650,2024-04-27,243,43.0,Nam,Cần Thơ,Organic,Gia dụng,358000,2,0.114,716000,634453,197131,240191,Chuyển khoản,Desktop,1.0,5.0,0
651,2024-04-27,1013,18.0,Nam,Hà Nội,Organic,Thời trang,219000,7,0.069,1533000,1427625,120811,581948,COD,Mobile,6.0,4.0,0
652,2024-04-27,226,28.0,Nam,TP.HCM,Google Ads,Mỹ phẩm,232000,4,0.173,928000,767139,106050,342939,Chuyển khoản,Mobile,3.0,4.0,0
653,2024-04-27,2158,18.0,Nam,Hà Nội,Facebook Ads,Thời trang,144000,5,0.117,720000,635943,75571,258088,COD,Tablet,4.0,5.0,0
654,2024-04-27,2716,49.0,Nam,TP.HCM,Facebook Ads,Gia dụng,335000,3,0.084,1005000,920148,195708,333024,Thẻ tín dụng,Desktop,2.0,5.0,0
655,2024-04-28,1540,39.0,Nam,TP.HCM,Organic,Gia dụng,284000,2,0.166,568000,473948,164943,144062,COD,Mobile,4.0,3.0,0
656,2024-04-28,1118,21.0,Nữ,Đà Nẵng,Google Ads,Sách,92000,6,0.149,552000,469733,61751,99227,Thẻ tín dụng,Mobile,1.0,5.0,0
657,2024-04-28,2427,48.0,Nữ,TP.HCM,Google Ads,Sách,103000,2,0.17,206000,171055,70476,30103,Thẻ tín dụng,Mobile,3.0,4.0,0
658,2024-04-28,1431,32.0,Nữ,Đà Nẵng,Organic,Sách,84000,3,0.165,252000,210480,51608,55656,Ví điện tử,Tablet,5.0,4.0,0
659,2024-04-28,1068,25.0,Nữ,Đà Nẵng,Organic,Thời trang,100000,2,0.047,200000,190598,52092,86414,Ví điện tử,Mobile,4.0,4.0,0
660,2024-04-28,2,41.0,Nữ,Hải Phòng,Email,Điện tử,480000,4,0.096,1920000,1736391,349110,339951,Thẻ tín dụng,Mobile,2.0,5.0,0
661,2024-04-28,2332,29.0,Nam,Cần Thơ,Organic,Điện tử,759000,4,0.117,3036000,2679590,537371,530106,COD,Desktop,,4.0,0
662,2024-04-29,1465,35.0,Nam,Đà Nẵng,Organic,Mỹ phẩm,165000,4,0.123,660000,578980,81892,251412,Thẻ tín dụng,Mobile,5.0,3.0,0
663,2024-04-29,2098,26.0,Nam,Hà Nội,Facebook Ads,Thực phẩm,134000,6,0.154,804000,680584,90687,136462,Thẻ tín dụng,Mobile,4.0,5.0,0
664,2024-04-29,2019,33.0,Nữ,Hà Nội,Organic,Gia dụng,220000,2,0.072,440000,408105,135022,138061,Thẻ tín dụng,Mobile,1.0,5.0,0
665,2024-04-29,938,21.0,Nữ,TP.HCM,Facebook Ads,Gia dụng,503000,8,0.006,4024000,3998834,297244,1620882,COD,Mobile,3.0,5.0,0
666,2024-04-29,903,54.0,Nam,Cần Thơ,Facebook Ads,Thời trang,167000,1,0.087,167000,152441,87000,65441,COD,Mobile,3.0,3.0,0
667,2024-04-29,368,26.0,Nữ,Đà Nẵng,Organic,Mỹ phẩm,192000,3,0.035,576000,555838,81631,310945,COD,Mobile,2.0,5.0,0
668,2024-04-29,99,27.0,Nam,Hải Phòng,Organic,Mỹ phẩm,168000,3,0.131,504000,438136,80760,195856,COD,Mobile,2.0,3.0,0
669,2024-04-29,1623,43.0,Nam,Hà Nội,Organic,Thực phẩm,99000,4,0.167,396000,329893,70244,48917,COD,Mobile,2.0,4.0,0
670,2024-04-29,1645,26.0,Nữ,Hải Phòng,Facebook Ads,Gia dụng,344000,5,0.152,1720000,1458429,198928,463789,COD,Mobile,3.0,4.0,0
671,2024-04-29,738,34.0,Nam,Cần Thơ,Organic,Mỹ phẩm,210000,2,0.022,420000,410561,94043,222475,Thẻ tín dụng,Desktop,5.0,4.0,1
672,2024-04-30,459,61.0,Nữ,TP.HCM,Google Ads,Sách,57000,6,0.067,342000,319228,36705,98998,Ví điện tử,Desktop,3.0,4.0,0
673,2024-04-30,316,37.0,Nam,Hà Nội,Google Ads,Điện tử,368000,3,0.061,1104000,1036859,279971,196946,COD,Mobile,2.0,4.0,0
674,2024-04-30,1494,44.0,Nam,TP.HCM,Google Ads,Thời trang,144000,3,0.049,432000,410949,83398,160755,COD,Mobile,3.0,5.0,0
675,2024-04-30,2064,20.0,Nữ,Đà Nẵng,Referral,Điện tử,277000,4,0.028,1108000,1077322,194675,298622,Ví điện tử,Desktop,1.0,4.0,0
676,2024-05-01,1503,30.0,Nữ,Đà Nẵng,Google Ads,Điện tử,312000,2,0.21,624000,493179,214791,63597,Ví điện tử,Mobile,0.0,4.0,0
677,2024-05-01,190,36.0,Nữ,TP.HCM,Facebook Ads,Điện tử,482000,4,0.107,1928000,1722228,315846,458844,Ví điện tử,Tablet,2.0,4.0,0
678,2024-05-01,2670,21.0,Nam,TP.HCM,Facebook Ads,Thời trang,116000,8,0.025,928000,904977,62249,406985,Ví điện tử,Tablet,4.0,3.0,0
679,2024-05-01,2908,34.0,Nữ,Đà Nẵng,Facebook Ads,Thời trang,208000,3,0.164,624000,521809,119799,162412,COD,Desktop,7.0,,1
680,2024-05-01,1204,26.0,Nam,Hà Nội,Facebook Ads,Gia dụng,220000,7,0.035,1540000,1485617,127703,591696,COD,Mobile,1.0,4.0,0
681,2024-05-02,858,20.0,Nam,TP.HCM,Referral,Thời trang,203000,5,0.037,1015000,977786,103341,461081,Thẻ tín dụng,Mobile,2.0,4.0,0
682,2024-05-02,3124,34.0,Nam,Hà Nội,Email,Mỹ phẩm,130000,2,0.077,260000,239854,59518,120818,COD,Mobile,7.0,5.0,0
683,2024-05-02,1812,34.0,Nam,Hải Phòng,Email,Mỹ phẩm,220000,19,0.023,4180000,4082088,96357,2251305,Thẻ tín dụng,Tablet,6.0,4.0,0
684,2024-05-03,1502,41.0,Nữ,Hà Nội,Referral,Mỹ phẩm,241000,4,0.285,964000,689000,104456,271176,Thẻ tín dụng,Desktop,3.0,5.0,0
685,2024-05-03,1992,45.0,Nữ,TP.HCM,Google Ads,Mỹ phẩm,158000,7,0.143,1106000,947518,71433,447487,Thẻ tín dụng,Desktop,5.0,4.0,0
686,2024-05-03,1017,40.0,Nữ,Đà Nẵng,Referral,Điện tử,378000,6,0.036,2268000,2186524,292340,432484,Ví điện tử,Mobile,2.0,5.0,0
687,2024-05-03,535,47.0,Nữ,TP.HCM,Organic,Gia dụng,197000,3,0.007,591000,587136,120465,225741,Thẻ tín dụng,Desktop,4.0,4.0,0
688,2024-05-03,523,30.0,Nam,Cần Thơ,Email,Thời trang,91000,4,0.087,364000,332395,52671,121711,COD,Mobile,2.0,5.0,0
689,2024-05-03,574,18.0,Nữ,TP.HCM,Email,Mỹ phẩm,171000,2,0.123,342000,299778,78107,143564,Thẻ tín dụng,Desktop,3.0,4.0,0
690,2024-05-03,789,44.0,Nữ,Hà Nội,Organic,Gia dụng,496000,4,0.045,1984000,1895652,342251,526648,Thẻ tín dụng,Mobile,6.0,3.0,0
691,2024-05-04,1745,,Nam,Đà Nẵng,Organic,Mỹ phẩm,152000,3,0.08,456000,419474,66117,221123,Chuyển khoản,Mobile,3.0,4.0,0
692,2024-05-04,909,47.0,Nữ,Hà Nội,Facebook Ads,Gia dụng,245000,4,0.043,980000,937621,148582,343293,COD,Mobile,7.0,4.0,0
693,2024-05-04,3056,,Nữ,TP.HCM,Facebook Ads,Điện tử,340000,5,0.037,1700000,1637894,256790,353944,Ví điện tử,Desktop,3.0,4.0,0
694,2024-05-04,3268,28.0,Nam,TP.HCM,Google Ads,Mỹ phẩm,152000,2,0.098,304000,274073,65659,142755,COD,Desktop,3.0,3.0,0
695,2024-05-04,117,18.0,Nữ,Cần Thơ,Facebook Ads,Gia dụng,566000,3,0.239,1698000,1292088,339266,274290,Chuyển khoản,Mobile,0.0,5.0,0
696,2024-05-04,3012,26.0,Nữ,Hà Nội,Google Ads,Mỹ phẩm,164000,4,0.174,656000,541799,79960,221959,Ví điện tử,Desktop,2.0,4.0,0
697,2024-05-04,2912,22.0,Nữ,TP.HCM,Facebook Ads,Sách,89000,5,0.129,445000,387716,58947,92981,Ví điện tử,Desktop,2.0,5.0,1
698,2024-05-04,1702,22.0,Nữ,TP.HCM,Google Ads,Thời trang,171000,4,0.028,684000,665100,99267,268032,Ví điện tử,Desktop,4.0,3.0,0
699,2024-05-05,3214,34.0,Nữ,Hà Nội,Facebook Ads,Gia dụng,236000,3,0.129,708000,616367,142481,188924,Thẻ tín dụng,Mobile,3.0,4.0,0
700,2024-05-05,3008,29.0,Nữ,Hà Nội,Google Ads,Mỹ phẩm,370000,4,0.114,1480000,1311056,157430,681336,Chuyển khoản,Mobile,7.0,3.0,0
701,2024-05-05,2883,45.0,Nữ,Hà Nội,Organic,Mỹ phẩm,218000,6,0.102,1308000,1174874,99486,577958,Thẻ tín dụng,Mobile,5.0,3.0,0
702,2024-05-05,1276,25.0,Nữ,TP.HCM,Facebook Ads,Điện tử,282000,1,0.186,282000,229686,198701,30985,COD,Mobile,2.0,5.0,0
703,2024-05-06,2398,25.0,Nữ,Hà Nội,Facebook Ads,Sách,79000,4,0.265,316000,232390,52035,24250,Ví điện tử,Mobile,1.0,4.0,0
704,2024-05-06,1155,31.0,Nữ,Cần Thơ,Email,Thực phẩm,116000,3,0.055,348000,329029,83922,77263,COD,Desktop,4.0,5.0,0
705,2024-05-06,315,36.0,Nữ,Đà Nẵng,Google Ads,Mỹ phẩm,246000,5,0.235,1230000,940916,100026,440786,Thẻ tín dụng,Mobile,1.0,5.0,0
706,2024-05-06,2255,31.0,Nữ,Hải Phòng,Facebook Ads,Thời trang,120000,2,0.121,240000,210917,62574,85769,COD,Mobile,,5.0,0
707,2024-05-06,1682,42.0,Nữ,TP.HCM,Facebook Ads,Gia dụng,284000,5,0.067,1420000,1324801,171119,469206,Ví điện tử,Mobile,4.0,4.0,0
708,2024-05-06,1436,32.0,Nam,TP.HCM,Google Ads,Thời trang,195000,6,0.065,1170000,1093569,99076,499113,Ví điện tử,Mobile,4.0,4.0,0
709,2024-05-07,839,49.0,Nam,Hải Phòng,Email,Gia dụng,139000,3,0.08,417000,383661,82654,135699,Chuyển khoản,Mobile,3.0,4.0,0
710,2024-05-07,475,18.0,Nam,Hà Nội,Facebook Ads,Mỹ phẩm,102000,4,0.133,408000,353930,45984,169994,Thẻ tín dụng,Mobile,6.0,4.0,0
711,2024-05-07,1571,,Nam,Hải Phòng,Email,Sách,61000,3,0.11,183000,162814,39104,45502,Thẻ tín dụng,Desktop,2.0,4.0,0
712,2024-05-07,2540,39.0,Nữ,Hà Nội,Organic,Gia dụng,243000,5,0.069,1215000,1131381,144872,407021,Ví điện tử,Mobile,1.0,4.0,0
713,2024-05-07,2055,22.0,Nữ,TP.HCM,Facebook Ads,Thực phẩm,127000,2,0.11,254000,226029,83630,58769,Chuyển khoản,Mobile,2.0,,0
714,2024-05-07,3106,27.0,Nam,Cần Thơ,Facebook Ads,Mỹ phẩm,166000,5,0.175,830000,684856,76001,304851,Ví điện tử,Mobile,14.0,1.0,0
715,2024-05-07,2762,29.0,Nam,TP.HCM,Facebook Ads,Mỹ phẩm,154000,7,0.103,1078000,966763,69871,477666,Thẻ tín dụng,Tablet,5.0,4.0,0
716,2024-05-07,555,31.0,Nam,Hải Phòng,Facebook Ads,Thời trang,98000,4,0.06,392000,368642,51316,163378,Chuyển khoản,Desktop,0.0,5.0,0
717,2024-05-07,3065,32.0,Nam,TP.HCM,Facebook Ads,Điện tử,462000,2,0.012,924000,913026,307528,297970,Thẻ tín dụng,Mobile,4.0,4.0,0
718,2024-05-07,3000,27.0,Nam,Hải Phòng,Google Ads,Điện tử,173000,6,0.048,1038000,988369,122683,252271,COD,Mobile,1.0,5.0,0
719,2024-05-08,2709,32.0,Nữ,Hải Phòng,Google Ads,Điện tử,250000,6,0.206,1500000,1190809,176445,132139,Ví điện tử,Mobile,2.0,3.0,0
720,2024-05-08,1591,27.0,Nam,Hải Phòng,Organic,Điện tử,356000,4,0.162,1424000,1192634,252526,182530,Thẻ tín dụng,Tablet,1.0,4.0,0
721,2024-05-08,709,22.0,Nam,Hà Nội,Organic,Sách,118000,4,0.182,472000,385896,72426,96192,Chuyển khoản,Mobile,3.0,4.0,0
722,2024-05-08,2173,47.0,Nữ,TP.HCM,Organic,Thời trang,171000,3,0.046,513000,489548,98178,195014,COD,Desktop,,5.0,0
723,2024-05-08,122,20.0,Nữ,TP.HCM,Facebook Ads,Sách,94000,6,0.159,564000,474310,57895,126940,Chuyển khoản,Mobile,4.0,4.0,1
724,2024-05-08,1043,30.0,Nam,Hà Nội,Facebook Ads,Sách,79000,3,0.095,237000,214410,51307,60489,COD,Desktop,1.0,4.0,0
725,2024-05-09,1657,25.0,Nam,TP.HCM,Facebook Ads,Thời trang,125000,5,0.064,625000,585311,66805,251286,Chuyển khoản,Mobile,1.0,4.0,0
726,2024-05-09,3149,46.0,Nữ,Hải Phòng,Facebook Ads,Điện tử,252000,4,0.045,1008000,962984,183540,228824,Thẻ tín dụng,Mobile,4.0,4.0,0
727,2024-05-10,1372,32.0,Nữ,TP.HCM,Organic,Gia dụng,102000,3,0.048,306000,291343,59376,113215,Thẻ tín dụng,Mobile,0.0,,0
728,2024-05-10,2531,21.0,Nữ,TP.HCM,Organic,Điện tử,155000,5,0.112,775000,688273,101767,179438,Chuyển khoản,Mobile,2.0,5.0,0
729,2024-05-10,1722,36.0,Nữ,TP.HCM,Facebook Ads,Sách,89000,6,0.055,534000,504864,51114,198180,COD,Desktop,1.0,4.0,0
730,2024-05-10,2857,21.0,Nam,TP.HCM,Organic,Gia dụng,252000,6,0.01,1512000,1496371,152179,583297,Thẻ tín dụng,Mobile,1.0,4.0,0
731,2024-05-10,3215,25.0,Nam,TP.HCM,Organic,Thời trang,157000,3,0.073,471000,436714,86549,177067,Ví điện tử,Mobile,1.0,4.0,0
732,2024-05-10,3245,46.0,Nữ,TP.HCM,Facebook Ads,Thực phẩm,103000,2,0.178,206000,169238,70857,27524,Thẻ tín dụng,Desktop,2.0,4.0,0
733,2024-05-10,2388,45.0,Nữ,Cần Thơ,Facebook Ads,Điện tử,734000,7,0.124,5138000,4503390,504362,972856,Ví điện tử,Desktop,4.0,4.0,0
734,2024-05-11,1415,25.0,Nữ,Hà Nội,Facebook Ads,Thời trang,109000,5,0.11,545000,484953,55693,206488,COD,Mobile,1.0,5.0,0
735,2024-05-11,190,36.0,Nữ,Cần Thơ,Email,Gia dụng,252000,2,0.015,504000,496516,160135,176246,Chuyển khoản,Mobile,2.0,3.0,0
736,2024-05-11,536,38.0,Nam,Hà Nội,Referral,Điện tử,244000,2,0.057,488000,460331,182623,95085,Thẻ tín dụng,Desktop,1.0,4.0,0
737,2024-05-12,2268,19.0,Nam,TP.HCM,Facebook Ads,Gia dụng,397000,2,0.102,794000,713363,237337,238689,COD,Mobile,6.0,,0
738,2024-05-12,588,50.0,Nữ,Hà Nội,Google Ads,Điện tử,306000,4,0.172,1224000,1013324,213312,160076,COD,Mobile,4.0,4.0,0
739,2024-05-12,2308,49.0,Nam,Hà Nội,Email,Thời trang,110000,34,0.092,3740000,3397694,64244,1213398,Ví điện tử,Desktop,2.0,3.0,0
740,2024-05-12,1900,43.0,Nữ,TP.HCM,Facebook Ads,Gia dụng,152000,5,0.254,760000,566719,89626,118589,Ví điện tử,Desktop,1.0,4.0,0
741,2024-05-12,2586,26.0,Nam,Hà Nội,Facebook Ads,Mỹ phẩm,168000,6,0.063,1008000,944135,78649,472241,COD,Mobile,3.0,4.0,0
742,2024-05-12,2534,34.0,Nữ,Cần Thơ,Facebook Ads,Gia dụng,263000,2,0.062,526000,493461,163730,166001,COD,Tablet,0.0,5.0,0
743,2024-05-12,2979,31.0,Nam,TP.HCM,Organic,Mỹ phẩm,228000,7,0.032,1596000,1545005,94984,880117,COD,Desktop,4.0,5.0,0
744,2024-05-12,1601,30.0,Nam,Hà Nội,Organic,Thời trang,116000,4,0.111,464000,412619,64006,156595,Thẻ tín dụng,Mobile,,5.0,0
745,2024-05-12,1244,25.0,Nam,Hà Nội,Facebook Ads,Điện tử,187000,2,0.086,374000,341725,134989,71747,COD,Mobile,1.0,5.0,0
746,2024-05-12,2362,27.0,Nữ,TP.HCM,Google Ads,Gia dụng,456000,3,0.108,1368000,1220103,271241,406380,COD,Mobile,1.0,5.0,0
747,2024-05-12,117,18.0,Nữ,Hà Nội,Organic,Thực phẩm,135000,3,0.126,405000,353857,89986,83899,COD,Mobile,1.0,5.0,0
748,2024-05-12,3184,33.0,Nam,Hải Phòng,Organic,Mỹ phẩm,207000,4,0.118,828000,730050,89005,374030,COD,Mobile,4.0,,0
749,2024-05-12,1750,34.0,Nữ,Hà Nội,Facebook Ads,Điện tử,248000,4,0.05,992000,942220,178893,226648,Ví điện tử,Desktop,4.0,3.0,0
750,2024-05-12,1214,39.0,Nữ,Hà Nội,Email,Thời trang,174000,6,0.058,1044000,983874,90445,441204,Chuyển khoản,Desktop,4.0,5.0,0
751,2024-05-13,1004,31.0,Nữ,TP.HCM,Facebook Ads,Thời trang,146000,4,0.1,584000,525837,74814,226581,COD,Desktop,3.0,5.0,0
752,2024-05-13,361,30.0,Nam,Hà Nội,Google Ads,Mỹ phẩm,127000,6,0.013,762000,752396,54654,424472,COD,Desktop,2.0,5.0,0
753,2024-05-13,1895,38.0,Nữ,TP.HCM,Email,Thời trang,144000,4,0.053,576000,545511,77531,235387,Thẻ tín dụng,Mobile,1.0,5.0,0
754,2024-05-13,1536,44.0,Nam,Đà Nẵng,Email,Thực phẩm,110000,3,0.033,330000,319056,78992,82080,Ví điện tử,Desktop,1.0,5.0,0
755,2024-05-13,2608,24.0,Nữ,TP.HCM,Facebook Ads,Thời trang,195000,4,0.144,780000,667810,102050,259610,COD,Tablet,2.0,4.0,0
756,2024-05-14,160,44.0,Nam,TP.HCM,Google Ads,Thời trang,186000,2,0.233,372000,285141,110981,63179,Ví điện tử,Mobile,0.0,4.0,0
757,2024-05-14,1434,29.0,Nam,Hải Phòng,Organic,Mỹ phẩm,227000,2,0.045,454000,433445,98250,236945,Thẻ tín dụng,Mobile,4.0,4.0,0
758,2024-05-14,431,32.0,Nam,Hải Phòng,Organic,Mỹ phẩm,201000,5,0.042,1005000,963012,91372,506152,COD,Mobile,10.0,3.0,0
759,2024-05-14,353,35.0,Nữ,Cần Thơ,Google Ads,Thời trang,114000,3,0.189,342000,277341,61231,93648,COD,Mobile,1.0,5.0,0
760,2024-05-14,368,26.0,Nữ,Hà Nội,Email,Điện tử,260000,5,0.156,1300000,1097483,182837,183298,Ví điện tử,Mobile,1.0,3.0,0
761,2024-05-14,2819,38.0,Nữ,TP.HCM,Facebook Ads,Mỹ phẩm,262000,39,0.117,10218000,9021907,135196,3749263,Ví điện tử,Tablet,2.0,3.0,0
762,2024-05-15,1120,29.0,Nam,TP.HCM,Google Ads,Gia dụng,212000,5,0.14,1060000,911366,137994,221396,Ví điện tử,Tablet,,5.0,0
763,2024-05-15,2757,39.0,Nữ,Hải Phòng,Google Ads,Mỹ phẩm,168000,3,0.144,504000,431495,84259,178718,COD,Mobile,0.0,4.0,0
764,2024-05-15,494,45.0,Nam,Cần Thơ,Google Ads,Thực phẩm,106000,2,0.252,212000,158613,80186,-1759,Thẻ tín dụng,Mobile,2.0,4.0,0
765,2024-05-15,2122,48.0,Nam,Hải Phòng,Google Ads,Mỹ phẩm,263000,3,0.208,789000,624848,121934,259046,Ví điện tử,Mobile,4.0,,0
766,2024-05-15,961,46.0,Nữ,Hà Nội,Organic,Gia dụng,295000,5,0.167,1475000,1229393,175838,350203,Ví điện tử,Mobile,1.0,4.0,0
767,2024-05-16,1309,27.0,Nữ,Hải Phòng,Organic,Gia dụng,338000,3,0.068,1014000,945284,202602,337478,Thẻ tín dụng,Mobile,2.0,5.0,0
768,2024-05-16,2176,30.0,Nam,Hà Nội,Google Ads,Thực phẩm,121000,6,0.075,726000,671877,82916,174381,COD,Mobile,4.0,4.0,0
769,2024-05-16,185,47.0,Nữ,Hà Nội,Organic,Sách,78000,5,0.102,390000,350214,56463,67899,Chuyển khoản,Desktop,4.0,4.0,0
770,2024-05-16,1683,35.0,Nam,Hà Nội,Email,Sách,89000,4,0.012,356000,351669,55719,128793,Ví điện tử,Mobile,4.0,4.0,1
771,2024-05-16,3058,34.0,Nữ,TP.HCM,Facebook Ads,Điện tử,270000,4,0.09,1080000,982757,181247,257769,COD,Mobile,3.0,4.0,0
772,2024-05-16,1452,31.0,Nữ,Hà Nội,Organic,Mỹ phẩm,340000,8,0.051,2720000,2582158,148526,1393950,Thẻ tín dụng,Desktop,2.0,5.0,0
773,2024-05-16,1107,32.0,Nữ,Hà Nội,Referral,Điện tử,202000,4,0.052,808000,765647,138580,211327,Thẻ tín dụng,Desktop,2.0,4.0,0
774,2024-05-16,2070,34.0,Nam,TP.HCM,Facebook Ads,Thời trang,91000,4,0.077,364000,335930,44760,156890,COD,Desktop,3.0,4.0,0
775,2024-05-16,2288,35.0,Nam,Hà Nội,Email,Mỹ phẩm,218000,7,0.113,1526000,1353997,95190,687667,Ví điện tử,Desktop,3.0,,0
776,2024-05-17,1697,42.0,Nữ,Hà Nội,Organic,Thực phẩm,142000,2,0.026,284000,276654,101866,72922,Chuyển khoản,Mobile,1.0,5.0,1
777,2024-05-17,2833,43.0,Nam,Hải Phòng,Organic,Mỹ phẩm,149000,5,0.088,745000,679287,68390,337337,Chuyển khoản,Mobile,1.0,5.0,0
778,2024-05-17,856,20.0,Nữ,Cần Thơ,Organic,Mỹ phẩm,240000,1,0.214,240000,188678,116265,72413,Thẻ tín dụng,Mobile,3.0,4.0,0
779,2024-05-17,1315,18.0,Nữ,TP.HCM,Google Ads,Gia dụng,335000,4,0.086,1340000,1224820,210648,382228,COD,Mobile,2.0,4.0,0
780,2024-05-17,224,45.0,Nữ,TP.HCM,Facebook Ads,Điện tử,248000,5,0.08,1240000,1140378,160756,336598,COD,Tablet,1.0,4.0,1
781,2024-05-17,3299,18.0,Nam,TP.HCM,Referral,Thời trang,176000,1,0.018,176000,172783,90239,82544,Thẻ tín dụng,Mobile,2.0,3.0,0
782,2024-05-17,1521,26.0,Nữ,Hà Nội,Facebook Ads,Thời trang,106000,3,0.185,318000,259300,59000,82300,COD,Desktop,4.0,2.0,0
783,2024-05-18,143,29.0,Nam,Hà Nội,Organic,Gia dụng,406000,3,0.025,1218000,1187192,247037,446081,COD,Desktop,2.0,4.0,0
784,2024-05-18,3247,43.0,Nữ,TP.HCM,Organic,Thời trang,177000,4,0.194,708000,570713,98791,175549,Chuyển khoản,Tablet,8.0,4.0,0
785,2024-05-18,2781,36.0,Nữ,TP.HCM,Facebook Ads,Thời trang,179000,4,0.202,716000,571192,102718,160320,Ví điện tử,Mobile,4.0,5.0,0
786,2024-05-18,1027,32.0,Nữ,Hà Nội,Google Ads,Thực phẩm,113000,4,0.068,452000,421293,78253,108281,Thẻ tín dụng,Mobile,5.0,4.0,0
787,2024-05-18,1744,33.0,Nữ,Hà Nội,Organic,Gia dụng,277000,3,0.253,831000,620800,175503,94291,Thẻ tín dụng,Mobile,2.0,4.0,0
788,2024-05-18,2683,30.0,Nữ,TP.HCM,Organic,Sách,117000,7,0.085,819000,749666,71781,247199,Thẻ tín dụng,Tablet,1.0,5.0,0
789,2024-05-18,1834,19.0,Nữ,TP.HCM,Referral,Mỹ phẩm,243000,4,0.082,972000,892776,117771,421692,COD,Desktop,1.0,5.0,0
790,2024-05-18,2656,38.0,Nữ,Hà Nội,Organic,Gia dụng,283000,2,0.155,566000,478453,167454,143545,COD,Mobile,2.0,4.0,0
791,2024-05-18,644,38.0,Nữ,TP.HCM,Email,Mỹ phẩm,208000,2,0.14,416000,357772,91245,175282,Chuyển khoản,Desktop,3.0,4.0,0
792,2024-05-18,3233,,Nữ,Hải Phòng,Organic,Thời trang,122000,4,0.032,488000,472614,67631,202090,Ví điện tử,Mobile,4.0,5.0,0
793,2024-05-19,2427,,Nữ,TP.HCM,Organic,Thực phẩm,131000,3,0.203,393000,313272,90596,41484,COD,Desktop,1.0,5.0,0
794,2024-05-19,2260,19.0,Nam,Hà Nội,Facebook Ads,Sách,93000,5,0.083,465000,426174,59107,130639,Thẻ tín dụng,Desktop,1.0,4.0,0
795,2024-05-19,1873,18.0,Nam,Cần Thơ,Google Ads,Thời trang,158000,5,0.095,790000,715018,90233,263853,Ví điện tử,Desktop,1.0,4.0,0
796,2024-05-19,891,31.0,Nữ,Cần Thơ,Referral,Gia dụng,235000,4,0.133,940000,815147,121957,327319,Ví điện tử,Mobile,2.0,5.0,0
797,2024-05-19,2403,43.0,Nữ,TP.HCM,Google Ads,Gia dụng,231000,3,0.032,693000,670582,134295,267697,Thẻ tín dụng,Desktop,3.0,4.0,0
798,2024-05-19,325,24.0,Nữ,TP.HCM,Facebook Ads,Mỹ phẩm,267000,4,0.056,1068000,1008004,117956,536180,COD,Mobile,1.0,,0
799,2024-05-19,1321,22.0,Nam,Cần Thơ,Facebook Ads,Gia dụng,214000,7,0.174,1498000,1236685,130261,324858,Chuyển khoản,Tablet,2.0,4.0,0
800,2024-05-20,1478,27.0,Nữ,Hà Nội,Email,Thực phẩm,113000,5,0.123,565000,495623,84840,71423,Ví điện tử,Mobile,2.0,4.0,0
801,2024-05-20,2390,29.0,Nữ,Hải Phòng,Facebook Ads,Thời trang,166000,2,0.072,332000,308189,99256,109677,COD,Mobile,4.0,4.0,0
802,2024-05-21,1567,31.0,Nam,TP.HCM,Organic,Gia dụng,177000,3,0.097,531000,479241,103427,168960,Ví điện tử,Desktop,5.0,3.0,0
803,2024-05-21,1389,19.0,Nữ,TP.HCM,Referral,Điện tử,224000,6,0.28,1344000,967790,157612,22118,COD,Desktop,,5.0,0
804,2024-05-21,1927,36.0,Nữ,TP.HCM,Google Ads,Gia dụng,231000,4,0.074,924000,855301,136489,309345,Ví điện tử,Tablet,0.0,4.0,0
805,2024-05-21,2408,28.0,Nam,TP.HCM,Google Ads,Thực phẩm,120000,5,0.073,600000,556064,79348,159324,COD,Mobile,1.0,4.0,0
806,2024-05-21,3268,28.0,Nam,Hà Nội,Referral,Mỹ phẩm,216000,5,0.043,1080000,1033894,107419,496799,Ví điện tử,Mobile,4.0,3.0,0
807,2024-05-21,1860,18.0,Nữ,Hải Phòng,Facebook Ads,Thời trang,103000,2,0.059,206000,193786,55175,83436,Ví điện tử,Mobile,4.0,4.0,0
808,2024-05-21,1682,42.0,Nữ,TP.HCM,Organic,Mỹ phẩm,300000,5,0.142,1500000,1287687,123194,671717,Ví điện tử,Desktop,3.0,4.0,0
809,2024-05-21,2656,38.0,Nữ,Hà Nội,Facebook Ads,Thời trang,238000,2,0.07,476000,442608,135674,171260,Thẻ tín dụng,Mobile,3.0,4.0,0
810,2024-05-22,1913,41.0,Nam,TP.HCM,Google Ads,Thực phẩm,133000,3,0.05,399000,378852,91273,105033,Thẻ tín dụng,Desktop,2.0,3.0,0
811,2024-05-22,2615,31.0,Nam,TP.HCM,Referral,Sách,106000,4,0.06,424000,398538,72065,110278,COD,Mobile,2.0,4.0,0
812,2024-05-22,50,18.0,Nữ,Hải Phòng,Facebook Ads,Mỹ phẩm,325000,3,0.024,975000,951233,164917,456482,Chuyển khoản,Desktop,1.0,5.0,0
813,2024-05-22,882,32.0,Nữ,Hà Nội,Organic,Gia dụng,498000,4,0.056,1992000,1880770,293424,707074,COD,Mobile,1.0,4.0,0
814,2024-05-22,2574,19.0,Nữ,Hà Nội,Email,Mỹ phẩm,165000,2,0.011,330000,326269,74458,177353,Thẻ tín dụng,Mobile,2.0,4.0,0
815,2024-05-22,740,34.0,Nam,TP.HCM,Google Ads,Thời trang,187000,1,0.159,187000,157274,104105,53169,Chuyển khoản,Desktop,2.0,5.0,0
816,2024-05-23,2926,26.0,Nam,TP.HCM,Organic,Gia dụng,203000,4,0.132,812000,704655,126394,199079,COD,Mobile,3.0,4.0,0
817,2024-05-23,487,23.0,Nữ,TP.HCM,Google Ads,Điện tử,390000,12,0.094,4680000,4238388,269398,1005612,Thẻ tín dụng,Desktop,2.0,4.0,0
818,2024-05-23,2099,45.0,Nữ,Hà Nội,Referral,Gia dụng,393000,3,0.07,1179000,1097053,253518,336499,Ví điện tử,Mobile,2.0,5.0,0
819,2024-05-24,2718,27.0,Nam,TP.HCM,Organic,Sách,71000,3,0.09,213000,193891,48250,49141,COD,Mobile,6.0,3.0,1
820,2024-05-24,3257,36.0,Nam,Hà Nội,Google Ads,Điện tử,200000,4,0.131,800000,695307,152280,86187,Thẻ tín dụng,Mobile,3.0,4.0,0
821,2024-05-24,1382,28.0,Nữ,Cần Thơ,Organic,Điện tử,330000,3,0.038,990000,952326,253604,191514,Ví điện tử,Mobile,5.0,4.0,0
822,2024-05-24,2186,43.0,Nữ,Hà Nội,Organic,Mỹ phẩm,193000,4,0.021,772000,755457,83110,423017,COD,Mobile,5.0,4.0,0
823,2024-05-24,2841,29.0,Nữ,Hải Phòng,Google Ads,Thời trang,148000,3,0.08,444000,408431,81429,164144,Thẻ tín dụng,Desktop,1.0,5.0,1
824,2024-05-24,2864,,Nam,Hà Nội,Organic,Thời trang,214000,3,0.134,642000,556115,117586,203357,Ví điện tử,Desktop,3.0,,0
825,2024-05-24,620,23.0,Nữ,Hải Phòng,Google Ads,Sách,64000,4,0.183,256000,209240,42771,38156,Thẻ tín dụng,Mobile,4.0,3.0,0
826,2024-05-25,999,37.0,Nam,TP.HCM,Facebook Ads,Thời trang,122000,6,0.167,732000,609863,64404,223439,Thẻ tín dụng,Desktop,2.0,4.0,0
827,2024-05-25,2157,31.0,Nữ,Hải Phòng,Organic,Điện tử,601000,2,0.053,1202000,1138455,440749,256957,COD,Desktop,2.0,4.0,0
828,2024-05-25,1612,30.0,Nữ,Hà Nội,Email,Gia dụng,165000,5,0.162,825000,691126,97893,201661,COD,Mobile,2.0,5.0,0
829,2024-05-25,284,27.0,Nam,TP.HCM,Facebook Ads,Gia dụng,178000,5,0.173,890000,736449,106766,202619,COD,Desktop,0.0,5.0,0
830,2024-05-25,1685,29.0,Nữ,Hà Nội,Email,Thời trang,186000,7,0.044,1302000,1244472,99699,546579,COD,Tablet,0.0,3.0,0
831,2024-05-25,279,24.0,Nam,TP.HCM,Facebook Ads,Thời trang,138000,1,0.011,138000,136472,70589,65883,Thẻ tín dụng,Mobile,7.0,3.0,0
832,2024-05-25,1928,24.0,Nam,TP.HCM,Email,Gia dụng,448000,1,0.105,448000,400756,277466,123290,Thẻ tín dụng,Desktop,3.0,4.0,0
833,2024-05-25,2004,49.0,Nữ,Đà Nẵng,Organic,Gia dụng,272000,2,0.175,544000,448705,161577,125551,Thẻ tín dụng,Mobile,4.0,3.0,0
834,2024-05-25,990,31.0,Nam,TP.HCM,Organic,Thực phẩm,111000,8,0.114,888000,786423,80311,143935,Ví điện tử,Desktop,2.0,3.0,0
835,2024-05-25,2370,31.0,Nam,Hà Nội,Organic,Điện tử,268000,6,0.103,1608000,1442586,178687,370464,Thẻ tín dụng,Desktop,,5.0,0
836,2024-05-25,20,27.0,Nam,Cần Thơ,Facebook Ads,Thời trang,218000,4,0.124,872000,763756,129155,247136,COD,Mobile,3.0,4.0,0
837,2024-05-25,2878,42.0,Nữ,Hải Phòng,Referral,Sách,103000,8,0.04,824000,791006,62620,290046,Ví điện tử,Mobile,9.0,3.0,1
838,2024-05-26,2721,44.0,Nam,Hải Phòng,Facebook Ads,Mỹ phẩm,209000,5,0.147,1045000,891717,97629,403572,Ví điện tử,Mobile,4.0,4.0,0
839,2024-05-26,680,38.0,Nữ,Hà Nội,Organic,Sách,70000,4,0.131,280000,243397,42376,73893,Ví điện tử,Mobile,6.0,4.0,0
840,2024-05-26,384,53.0,Nam,Hải Phòng,Organic,Gia dụng,474000,5,0.079,2370000,2182602,308033,642437,Thẻ tín dụng,Desktop,0.0,5.0,0
841,2024-05-26,2768,32.0,Nam,Cần Thơ,Facebook Ads,Điện tử,293000,3,0.112,879000,780370,215909,132643,Chuyển khoản,Desktop,4.0,3.0,0
842,2024-05-26,1344,18.0,Nam,Cần Thơ,Facebook Ads,Thời trang,245000,4,0.023,980000,957625,124337,460277,COD,Tablet,4.0,4.0,0
843,2024-05-26,2338,36.0,Nam,Cần Thơ,Email,Thực phẩm,107000,2,0.045,214000,204340,85410,33520,Thẻ tín dụng,Mobile,2.0,4.0,0
844,2024-05-26,2759,39.0,Nam,Cần Thơ,Facebook Ads,Điện tử,254000,6,0.13,1524000,1326240,171082,299748,COD,Mobile,1.0,4.0,0
845,2024-05-26,2199,23.0,Nữ,Hà Nội,Facebook Ads,Sách,76000,2,0.035,152000,146753,53274,40205,COD,Desktop,1.0,5.0,0
846,2024-05-26,328,31.0,Nữ,TP.HCM,Organic,Gia dụng,275000,6,0.295,1650000,1162760,185009,52706,COD,Mobile,3.0,4.0,0
847,2024-05-26,1395,28.0,Nam,TP.HCM,Organic,Mỹ phẩm,261000,3,0.078,783000,721616,121924,355844,Thẻ tín dụng,Desktop,1.0,5.0,0
848,2024-05-27,244,39.0,Nam,Cần Thơ,Google Ads,Thời trang,151000,3,0.156,453000,382203,78941,145380,COD,Mobile,3.0,4.0,0
849,2024-05-27,3185,25.0,Nữ,Hà Nội,Google Ads,Thời trang,135000,7,0.143,945000,809514,71760,307194,COD,Desktop,3.0,4.0,0
850,2024-05-27,2390,29.0,Nữ,TP.HCM,Organic,Thời trang,160000,2,0.104,320000,286798,88697,109404,Thẻ tín dụng,Desktop,4.0,3.0,0
851,2024-05-27,2328,27.0,Nữ,Cần Thơ,Google Ads,Sách,82000,5,0.162,410000,343450,57623,55335,COD,Desktop,2.0,3.0,0
852,2024-05-28,1894,27.0,Nam,TP.HCM,Google Ads,Thời trang,112000,3,0.045,336000,320786,62854,132224,Chuyển khoản,Mobile,6.0,4.0,0
853,2024-05-28,1586,34.0,Nam,TP.HCM,Facebook Ads,Thời trang,149000,5,0.117,745000,657526,84488,235086,Ví điện tử,Desktop,1.0,4.0,0
854,2024-05-28,1259,37.0,Nam,Hải Phòng,Facebook Ads,Điện tử,486000,5,0.03,2430000,2356845,389546,409115,Thẻ tín dụng,Mobile,2.0,4.0,0
855,2024-05-28,2707,31.0,Nữ,Hải Phòng,Email,Mỹ phẩm,203000,5,0.108,1015000,905101,93240,438901,Thẻ tín dụng,Desktop,11.0,2.0,0
856,2024-05-28,196,26.0,Nữ,TP.HCM,Organic,Sách,81000,2,0.074,162000,150012,53776,42460,Thẻ tín dụng,Mobile,6.0,3.0,0
857,2024-05-28,2035,27.0,Nữ,TP.HCM,Facebook Ads,Điện tử,262000,6,0.103,1572000,1409493,190812,264621,Chuyển khoản,Mobile,3.0,4.0,1
858,2024-05-28,1745,45.0,Nam,Hà Nội,Facebook Ads,Sách,83000,4,0.051,332000,314921,54941,95157,Ví điện tử,Mobile,6.0,4.0,0
859,2024-05-29,1991,37.0,Nam,TP.HCM,Organic,Thực phẩm,120000,3,0.121,360000,316461,79753,77202,COD,Desktop,1.0,4.0,0
860,2024-05-29,446,39.0,Nam,Cần Thơ,Google Ads,Gia dụng,352000,5,0.067,1760000,1642016,209072,596656,COD,Mobile,2.0,4.0,0
861,2024-05-29,3051,42.0,Nam,TP.HCM,Facebook Ads,Gia dụng,292000,3,0.049,876000,832868,161583,348119,COD,Desktop,1.0,3.0,0
862,2024-05-29,2717,39.0,Nam,Đà Nẵng,Google Ads,Điện tử,379000,3,0.122,1137000,997744,275832,170248,COD,Mobile,2.0,4.0,0
863,2024-05-29,2256,32.0,Nam,TP.HCM,Facebook Ads,Mỹ phẩm,168000,4,0.087,672000,613285,82741,282321,COD,Mobile,4.0,4.0,0
864,2024-05-29,2391,24.0,Nữ,Hải Phòng,Referral,Gia dụng,426000,6,0.097,2556000,2308169,249991,808223,Ví điện tử,Mobile,1.0,5.0,0
865,2024-05-29,362,22.0,Nữ,Hà Nội,Facebook Ads,Sách,73000,4,0.141,292000,250689,51802,43481,Ví điện tử,Mobile,3.0,3.0,0
866,2024-05-29,2300,28.0,Nam,Đà Nẵng,Google Ads,Thời trang,146000,7,0.035,1022000,986054,81041,418767,COD,Mobile,2.0,4.0,0
867,2024-05-30,753,26.0,Nữ,Hà Nội,Google Ads,Thực phẩm,117000,3,0.112,351000,311714,82641,63791,COD,Tablet,1.0,5.0,0
868,2024-05-30,3198,22.0,Nữ,Hà Nội,Google Ads,Điện tử,280000,5,0.059,1400000,1317376,203799,298381,COD,Mobile,1.0,4.0,0
869,2024-05-30,8,36.0,Nam,Cần Thơ,Organic,Thời trang,222000,1,0.146,222000,189624,116338,73286,COD,Mobile,,3.0,0
870,2024-05-30,2536,29.0,Nữ,Hà Nội,Facebook Ads,Mỹ phẩm,258000,7,0.12,1806000,1588400,114636,785948,Thẻ tín dụng,Mobile,3.0,4.0,0
871,2024-05-30,2901,38.0,Nam,TP.HCM,Facebook Ads,Điện tử,311000,5,0.011,1555000,1537437,243841,318232,Thẻ tín dụng,Desktop,4.0,3.0,0
872,2024-05-30,722,47.0,Nữ,Hà Nội,Organic,Thời trang,214000,1,0.133,214000,185471,105845,79626,Ví điện tử,Mobile,3.0,3.0,0
873,2024-05-30,653,20.0,Nữ,Hải Phòng,Referral,Điện tử,216000,4,0.035,864000,833917,167241,164953,Thẻ tín dụng,Desktop,5.0,4.0,0
874,2024-05-30,2116,42.0,Nam,Đà Nẵng,Facebook Ads,Thời trang,95000,4,0.116,380000,335957,50447,134169,Thẻ tín dụng,Mobile,3.0,5.0,0
875,2024-05-31,3050,33.0,Nam,Đà Nẵng,Organic,Thực phẩm,93000,3,0.151,279000,236945,63791,45572,Ví điện tử,Mobile,1.0,,0
876,2024-05-31,667,37.0,Nam,Hà Nội,Google Ads,Sách,107000,4,0.038,428000,411721,73737,116773,Ví điện tử,Mobile,3.0,,0
877,2024-05-31,126,37.0,Nữ,Hà Nội,Facebook Ads,Thực phẩm,116000,3,0.104,348000,311759,89788,42395,COD,Mobile,4.0,4.0,0
878,2024-05-31,2997,45.0,Nam,TP.HCM,Referral,Thời trang,101000,3,0.099,303000,273034,52327,116053,COD,Mobile,1.0,4.0,0
879,2024-05-31,1325,26.0,Nữ,Hà Nội,Facebook Ads,Thời trang,133000,5,0.053,665000,629771,72922,265161,Thẻ tín dụng,Desktop,5.0,4.0,0
880,2024-06-01,2434,52.0,Nữ,Đà Nẵng,Google Ads,Sách,97000,5,0.1,485000,436729,65804,107709,Ví điện tử,Mobile,1.0,4.0,0
881,2024-06-01,462,38.0,Nữ,Cần Thơ,Facebook Ads,Mỹ phẩm,264000,3,0.212,792000,624066,123921,252303,Ví điện tử,Mobile,4.0,4.0,0
882,2024-06-01,720,35.0,Nữ,TP.HCM,Email,Gia dụng,181000,3,0.008,543000,538414,119005,181399,Chuyển khoản,Desktop,3.0,3.0,0
883,2024-06-01,2961,33.0,Nữ,Hà Nội,Referral,Mỹ phẩm,242000,2,0.163,484000,405149,111128,182893,Chuyển khoản,Mobile,2.0,4.0,0
884,2024-06-01,341,,Nữ,TP.HCM,Google Ads,Mỹ phẩm,243000,1,0.088,243000,221699,110397,111302,COD,Mobile,6.0,3.0,0
885,2024-06-01,1766,40.0,Nam,Hà Nội,Google Ads,Điện tử,240000,4,0.071,960000,891578,171385,206038,COD,Tablet,9.0,3.0,0
886,2024-06-01,3275,42.0,Nữ,Hà Nội,Organic,Điện tử,274000,2,0.232,548000,420995,174411,72173,COD,Mobile,4.0,4.0,0
887,2024-06-01,1814,31.0,Nam,Hải Phòng,Organic,Thời trang,128000,7,0.115,896000,793323,77103,253602,COD,Mobile,0.0,5.0,0
888,2024-06-01,2427,48.0,Nữ,TP.HCM,Google Ads,Điện tử,421000,1,0.116,421000,372261,305953,66308,Ví điện tử,Mobile,0.0,4.0,1
889,2024-06-02,1964,47.0,Nữ,Cần Thơ,Organic,Gia dụng,160000,4,0.008,640000,634948,97700,244148,Ví điện tử,Tablet,6.0,4.0,0
890,2024-06-02,2826,42.0,Nam,Hà Nội,Google Ads,Mỹ phẩm,175000,7,0.282,1225000,879055,76535,343310,Thẻ tín dụng,Desktop,4.0,4.0,0
891,2024-06-02,2015,21.0,Nam,Hải Phòng,Google Ads,Thời trang,172000,4,0.135,688000,594803,96849,207407,Ví điện tử,Mobile,1.0,5.0,0
892,2024-06-02,867,40.0,Nam,Cần Thơ,Organic,Điện tử,266000,4,0.012,1064000,1050730,194411,273086,Ví điện tử,Mobile,3.0,4.0,0
893,2024-06-02,578,26.0,Nữ,Hải Phòng,Email,Mỹ phẩm,206000,2,0.159,412000,346680,96088,154504,Chuyển khoản,Desktop,1.0,4.0,0
894,2024-06-02,133,35.0,Nữ,Đà Nẵng,Facebook Ads,Gia dụng,214000,3,0.011,642000,635047,128385,249892,Chuyển khoản,Desktop,0.0,5.0,0
895,2024-06-02,2178,26.0,Nam,Hải Phòng,Email,Mỹ phẩm,125000,4,0.054,500000,473088,54502,255080,Ví điện tử,Mobile,5.0,4.0,0
896,2024-06-02,451,38.0,Nữ,Hà Nội,Facebook Ads,Gia dụng,273000,1,0.047,273000,260037,171453,88584,Ví điện tử,Mobile,5.0,4.0,0
897,2024-06-03,2107,30.0,Nữ,Hà Nội,Google Ads,Thời trang,125000,3,0.104,375000,335852,63204,146240,Thẻ tín dụng,Mobile,2.0,5.0,0
898,2024-06-03,1777,48.0,Nam,TP.HCM,Organic,Thời trang,175000,6,0.283,1050000,753340,94980,183460,COD,Mobile,3.0,4.0,0
899,2024-06-03,1447,43.0,Nữ,Hà Nội,Facebook Ads,Thời trang,91000,9,0.155,819000,692382,50290,239772,COD,Mobile,7.0,2.0,0
900,2024-06-03,531,18.0,Nữ,TP.HCM,Facebook Ads,Thời trang,128000,4,0.097,512000,462355,74584,164019,COD,Mobile,2.0,4.0,0
901,2024-06-03,73,22.0,Nam,Hà Nội,Facebook Ads,Gia dụng,149000,5,0.086,745000,680673,99632,182513,Ví điện tử,Mobile,3.0,4.0,0
902,2024-06-04,1176,37.0,Nữ,TP.HCM,Organic,Thời trang,216000,3,0.196,648000,520914,120646,158976,Chuyển khoản,Mobile,6.0,4.0,0
903,2024-06-04,2364,18.0,Nữ,Cần Thơ,Email,Thời trang,81000,5,0.133,405000,351277,47353,114512,Chuyển khoản,Desktop,3.0,,0
904,2024-06-04,784,41.0,Nữ,Cần Thơ,Facebook Ads,Thời trang,131000,2,0.06,262000,246191,71254,103683,Chuyển khoản,Mobile,2.0,5.0,0
905,2024-06-04,3199,29.0,Nam,Cần Thơ,Referral,Thời trang,120000,7,0.098,840000,757669,69578,270623,Thẻ tín dụng,Mobile,2.0,5.0,0
906,2024-06-04,371,42.0,Nam,TP.HCM,Referral,Thời trang,178000,4,0.104,712000,637896,97723,247004,Chuyển khoản,Mobile,3.0,4.0,0
907,2024-06-04,857,41.0,Nữ,Hà Nội,Organic,Thời trang,144000,8,0.133,1152000,998652,83056,334204,Ví điện tử,Tablet,1.0,5.0,0
908,2024-06-04,1073,37.0,Nữ,Hà Nội,Organic,Thời trang,144000,3,0.025,432000,421219,74612,197383,COD,Mobile,1.0,5.0,0
909,2024-06-04,1073,37.0,Nữ,TP.HCM,Organic,Mỹ phẩm,279000,5,0.108,1395000,1244428,127708,605888,Thẻ tín dụng,Desktop,6.0,3.0,0
910,2024-06-05,2400,18.0,Nữ,Hải Phòng,Facebook Ads,Thực phẩm,99000,1,0.123,99000,86781,83316,3465,Ví điện tử,Desktop,1.0,,0
911,2024-06-05,2630,37.0,Nữ,Đà Nẵng,Facebook Ads,Thực phẩm,113000,3,0.207,339000,268873,82707,20752,COD,Mobile,3.0,3.0,0
912,2024-06-05,2329,34.0,Nữ,Cần Thơ,Referral,Thời trang,108000,3,0.189,324000,262820,59404,84608,Chuyển khoản,Mobile,8.0,4.0,0
913,2024-06-05,1313,18.0,Nữ,Hà Nội,Facebook Ads,Thời trang,187000,7,0.182,1309000,1070272,106331,325955,COD,Mobile,3.0,4.0,0
914,2024-06-05,1572,24.0,Nam,Hải Phòng,Organic,Mỹ phẩm,236000,7,0.099,1652000,1488560,112125,703685,Chuyển khoản,Desktop,3.0,5.0,0
915,2024-06-05,2038,44.0,Nam,TP.HCM,Organic,Thời trang,146000,3,0.02,438000,429182,81978,183248,COD,Mobile,3.0,4.0,1
916,2024-06-05,1805,25.0,Nam,TP.HCM,Email,Mỹ phẩm,250000,2,0.042,500000,479115,114122,250871,COD,Desktop,2.0,4.0,0
917,2024-06-05,3049,29.0,Nữ,Đà Nẵng,Facebook Ads,Thời trang,195000,4,0.117,780000,688554,101680,281834,Ví điện tử,Mobile,1.0,4.0,0
918,2024-06-06,2461,42.0,Nữ,Hà Nội,Facebook Ads,Sách,93000,3,0.116,279000,246587,64117,54236,Ví điện tử,Desktop,1.0,,0
919,2024-06-06,1796,24.0,Nữ,Đà Nẵng,Organic,Điện tử,435000,4,0.07,1740000,1619047,295246,438063,Ví điện tử,Desktop,7.0,4.0,0
920,2024-06-06,1080,25.0,Nữ,TP.HCM,Organic,Thời trang,91000,5,0.112,455000,404252,49190,158302,Thẻ tín dụng,Mobile,5.0,4.0,0
921,2024-06-06,1264,41.0,Nữ,Đà Nẵng,Organic,Mỹ phẩm,288000,2,0.082,576000,528651,129419,269813,COD,Mobile,4.0,4.0,0
922,2024-06-06,86,34.0,Nam,TP.HCM,Referral,Sách,101000,5,0.124,505000,442199,65229,116054,Ví điện tử,Mobile,6.0,4.0,0
923,2024-06-06,1539,30.0,Nữ,Cần Thơ,Email,Gia dụng,197000,3,0.043,591000,565432,113386,225274,Thẻ tín dụng,Mobile,3.0,4.0,0
924,2024-06-07,1661,25.0,Nữ,Hà Nội,Organic,Thời trang,205000,6,0.042,1230000,1178556,115345,486486,Ví điện tử,Desktop,5.0,3.0,0
925,2024-06-07,870,32.0,Nữ,Hà Nội,Facebook Ads,Thời trang,135000,6,0.143,810000,693929,74446,247253,COD,Desktop,3.0,5.0,0
926,2024-06-07,1464,37.0,Nam,Hải Phòng,Facebook Ads,Điện tử,195000,5,0.042,975000,934338,141765,225513,COD,Mobile,1.0,5.0,1
927,2024-06-07,1484,29.0,Nữ,TP.HCM,Organic,Gia dụng,288000,3,0.049,864000,821568,171543,306939,COD,Mobile,2.0,4.0,0
928,2024-06-07,859,37.0,Nữ,Hà Nội,Facebook Ads,Gia dụng,191000,2,0.035,382000,368653,107037,154579,Ví điện tử,Mobile,5.0,1.0,1
929,2024-06-07,1640,41.0,Nam,Hà Nội,Google Ads,Thời trang,125000,3,0.05,375000,356327,66906,155609,Chuyển khoản,Mobile,2.0,4.0,0
930,2024-06-07,11,39.0,Nữ,Hải Phòng,Email,Gia dụng,305000,2,0.078,610000,562531,194596,173339,COD,Mobile,1.0,5.0,0
931,2024-06-07,1096,27.0,Nam,Đà Nẵng,Organic,Mỹ phẩm,121000,1,0.168,121000,100621,51177,49444,Thẻ tín dụng,Tablet,0.0,5.0,1
932,2024-06-07,71,36.0,Nữ,TP.HCM,Organic,Sách,184000,2,0.034,368000,355563,116940,121683,Ví điện tử,Mobile,3.0,,1
933,2024-06-07,1062,27.0,Nữ,Hà Nội,Google Ads,Điện tử,209000,4,0.18,836000,685852,154576,67548,Ví điện tử,Desktop,2.0,4.0,0
934,2024-06-07,182,31.0,Nữ,Cần Thơ,Organic,Thời trang,139000,3,0.136,417000,360186,79766,120888,COD,Mobile,5.0,4.0,0
935,2024-06-07,929,32.0,Nữ,Hải Phòng,Referral,Điện tử,174000,4,0.064,696000,651438,129555,133218,Thẻ tín dụng,Mobile,1.0,5.0,0
936,2024-06-07,3187,39.0,Nam,Hải Phòng,Organic,Gia dụng,215000,1,0.01,215000,212925,130537,82388,COD,Mobile,3.0,5.0,0
937,2024-06-07,1928,24.0,Nam,Hà Nội,Organic,Sách,81000,5,0.131,405000,352088,51754,93318,COD,Mobile,1.0,4.0,0
938,2024-06-07,1475,30.0,Nữ,Hà Nội,Google Ads,Mỹ phẩm,189000,2,0.287,378000,269422,85916,97590,Chuyển khoản,Mobile,4.0,5.0,0
939,2024-06-07,1919,31.0,Nữ,Hải Phòng,Facebook Ads,Mỹ phẩm,300000,5,0.122,1500000,1316483,128229,675338,COD,Tablet,1.0,5.0,0
940,2024-06-08,2404,28.0,Nam,Hà Nội,Facebook Ads,Thực phẩm,115000,8,0.137,920000,793595,76057,185139,Ví điện tử,Tablet,1.0,4.0,0
941,2024-06-08,2664,43.0,Nữ,Hà Nội,Google Ads,Điện tử,320000,3,0.063,960000,899145,234680,195105,Ví điện tử,Mobile,2.0,4.0,0
942,2024-06-08,1100,32.0,Nam,Cần Thơ,Organic,Thời trang,68000,4,0.06,272000,255806,38365,102346,Thẻ tín dụng,Desktop,3.0,5.0,0
943,2024-06-08,2962,34.0,Nam,TP.HCM,Referral,Gia dụng,212000,3,0.26,636000,470857,135283,65008,Chuyển khoản,Desktop,1.0,5.0,0
944,2024-06-08,3108,42.0,Nam,Cần Thơ,Organic,Sách,97000,6,0.057,582000,548692,60956,182956,COD,Mobile,2.0,4.0,0
945,2024-06-08,1330,23.0,Nữ,TP.HCM,Referral,Thời trang,262000,3,0.066,786000,733754,135943,325925,Thẻ tín dụng,Mobile,3.0,4.0,0
946,2024-06-08,1784,19.0,Nam,TP.HCM,Organic,Thời trang,201000,5,0.062,1005000,943095,111196,387115,COD,Mobile,2.0,5.0,0
947,2024-06-08,3052,25.0,Nam,Đà Nẵng,Referral,Gia dụng,215000,6,0.079,1290000,1187986,137513,362908,Ví điện tử,Mobile,5.0,3.0,0
948,2024-06-08,459,61.0,Nữ,TP.HCM,Facebook Ads,Mỹ phẩm,160000,3,0.144,480000,410845,67987,206884,COD,Mobile,1.0,5.0,0
949,2024-06-08,544,40.0,Nữ,TP.HCM,Organic,Sách,81000,5,0.08,405000,372427,55917,92842,Chuyển khoản,Mobile,9.0,2.0,1
950,2024-06-08,719,42.0,Nam,Hà Nội,Google Ads,Điện tử,213000,5,0.024,1065000,1039379,145389,312434,Ví điện tử,Mobile,1.0,5.0,0
951,2024-06-09,936,31.0,Nữ,TP.HCM,Referral,Thời trang,135000,2,0.029,270000,262288,73178,115932,COD,Desktop,6.0,3.0,0
952,2024-06-09,833,36.0,Nữ,TP.HCM,Facebook Ads,Thực phẩm,125000,3,0.101,375000,337304,92160,60824,Thẻ tín dụng,Mobile,2.0,4.0,0
953,2024-06-09,2054,26.0,Nam,Hải Phòng,Facebook Ads,Gia dụng,499000,3,0.078,1497000,1379928,325093,404649,COD,Mobile,8.0,3.0,0
954,2024-06-09,3192,21.0,Nam,TP.HCM,Facebook Ads,Sách,86000,4,0.047,344000,327934,58412,94286,Ví điện tử,Desktop,11.0,3.0,0
955,2024-06-09,1570,18.0,Nữ,Hà Nội,Facebook Ads,Điện tử,318000,7,0.073,2226000,2062869,225314,485671,Thẻ tín dụng,Desktop,4.0,4.0,0
956,2024-06-09,2772,30.0,Nam,Hải Phòng,Email,Thực phẩm,117000,3,0.121,351000,308370,74411,85137,Ví điện tử,Tablet,3.0,3.0,0
957,2024-06-09,131,38.0,Nữ,Đà Nẵng,Google Ads,Mỹ phẩm,172000,6,0.267,1032000,756616,78311,286750,Thẻ tín dụng,Mobile,3.0,5.0,0
958,2024-06-09,1468,39.0,Nữ,Cần Thơ,Referral,Gia dụng,349000,1,0.22,349000,272088,226407,45681,COD,Mobile,3.0,4.0,0
959,2024-06-09,309,32.0,Nữ,Đà Nẵng,Facebook Ads,Thực phẩm,113000,6,0.198,678000,543788,79729,65414,Ví điện tử,Desktop,2.0,4.0,0
960,2024-06-09,407,47.0,Nam,TP.HCM,Email,Gia dụng,268000,3,0.055,804000,759992,158312,285056,Ví điện tử,Mobile,1.0,4.0,0
961,2024-06-09,1758,23.0,Nam,Hà Nội,Google Ads,Gia dụng,134000,3,0.154,402000,340232,75638,113318,COD,Desktop,1.0,4.0,0
962,2024-06-09,2632,46.0,Nữ,Hải Phòng,Google Ads,Mỹ phẩm,155000,4,0.083,620000,568583,72081,280259,Thẻ tín dụng,Mobile,5.0,3.0,0
963,2024-06-09,706,30.0,Nam,Đà Nẵng,Organic,Mỹ phẩm,244000,3,0.047,732000,697559,121316,333611,COD,Mobile,3.0,4.0,0
964,2024-06-10,939,53.0,Nam,Hải Phòng,Organic,Sách,87000,2,0.095,174000,157457,58201,41055,Ví điện tử,Mobile,3.0,4.0,0
965,2024-06-10,1173,42.0,Nữ,Hải Phòng,Facebook Ads,Thời trang,130000,3,0.07,390000,362532,74048,140388,Ví điện tử,Desktop,5.0,3.0,0
966,2024-06-10,3102,42.0,Nữ,Hà Nội,Facebook Ads,Gia dụng,262000,3,0.077,786000,725432,165081,230189,Ví điện tử,Mobile,3.0,4.0,0
967,2024-06-10,838,43.0,Nam,Đà Nẵng,Google Ads,Mỹ phẩm,224000,5,0.051,1120000,1063320,108287,521885,COD,Desktop,,5.0,0
968,2024-06-10,429,27.0,Nam,TP.HCM,Email,Mỹ phẩm,235000,3,0.048,705000,670808,100912,368072,COD,Mobile,2.0,5.0,0
969,2024-06-10,3120,18.0,Nữ,Hải Phòng,Organic,Mỹ phẩm,192000,3,0.089,576000,524923,97497,232432,Thẻ tín dụng,Tablet,8.0,4.0,0
970,2024-06-10,2442,18.0,Nam,Hải Phòng,Facebook Ads,Điện tử,208000,3,0.054,624000,590151,150263,139362,Thẻ tín dụng,Mobile,1.0,4.0,0
971,2024-06-11,345,30.0,Nữ,Hải Phòng,Google Ads,Điện tử,119000,5,0.054,595000,563121,89867,113786,Thẻ tín dụng,Desktop,4.0,4.0,0
972,2024-06-11,2525,31.0,Nữ,Đà Nẵng,Organic,Điện tử,333000,1,0.077,333000,307481,254053,53428,Ví điện tử,Desktop,3.0,5.0,0
973,2024-06-11,3211,33.0,Nữ,TP.HCM,Facebook Ads,Mỹ phẩm,219000,4,0.076,876000,809218,102366,399754,Ví điện tử,Tablet,1.0,5.0,0
974,2024-06-11,2049,26.0,Nữ,Hà Nội,Email,Thời trang,136000,4,0.11,544000,484082,72284,194946,Thẻ tín dụng,Mobile,5.0,4.0,0
975,2024-06-11,1329,36.0,Nam,Hải Phòng,Organic,Thời trang,120000,3,0.114,360000,318892,70021,108829,Thẻ tín dụng,Mobile,3.0,4.0,0
976,2024-06-12,1192,23.0,Nữ,Cần Thơ,Email,Thời trang,113000,4,0.246,452000,340854,60175,100154,COD,Desktop,6.0,3.0,0
977,2024-06-12,2042,24.0,Nữ,Hà Nội,Organic,Sách,96000,4,0.067,384000,358124,63099,105728,Ví điện tử,Mobile,8.0,3.0,0
978,2024-06-12,3119,30.0,Nữ,TP.HCM,Organic,Mỹ phẩm,193000,11,0.043,2123000,2030818,91493,1024395,Thẻ tín dụng,Mobile,3.0,5.0,0
979,2024-06-12,64,49.0,Nữ,Cần Thơ,Google Ads,Sách,93000,7,0.026,651000,633769,61194,205411,COD,Mobile,5.0,4.0,0
980,2024-06-13,1508,25.0,Nam,Hà Nội,Google Ads,Thời trang,207000,6,0.054,1242000,1175240,110802,510428,COD,Desktop,1.0,4.0,0
981,2024-06-13,1444,34.0,Nam,Đà Nẵng,Facebook Ads,Mỹ phẩm,123000,5,0.01,615000,608878,56320,327278,COD,Mobile,5.0,4.0,0
982,2024-06-13,706,30.0,Nam,TP.HCM,Organic,Sách,119000,1,0.04,119000,114244,84448,29796,Ví điện tử,Mobile,2.0,4.0,0
983,2024-06-13,380,22.0,Nữ,TP.HCM,Referral,Mỹ phẩm,169000,3,0.028,507000,492589,77522,260023,Ví điện tử,Mobile,4.0,4.0,0
984,2024-06-13,3075,30.0,Nữ,Hà Nội,Google Ads,Thời trang,224000,4,0.17,896000,743373,127353,233961,Thẻ tín dụng,Mobile,5.0,4.0,0
985,2024-06-13,3034,29.0,Nam,Cần Thơ,Google Ads,Thời trang,194000,6,0.08,1164000,1071040,100989,465106,COD,Desktop,1.0,4.0,0
986,2024-06-13,2321,32.0,Nam,Cần Thơ,Organic,Gia dụng,255000,2,0.187,510000,414495,151750,110995,Thẻ tín dụng,Desktop,3.0,4.0,0
987,2024-06-13,55,42.0,Nam,TP.HCM,Facebook Ads,Điện tử,236000,2,0.151,472000,400586,167572,65442,Ví điện tử,Tablet,3.0,5.0,0
988,2024-06-13,572,59.0,Nữ,Hà Nội,Facebook Ads,Sách,82000,2,0.025,164000,159979,53796,52387,Thẻ tín dụng,Mobile,2.0,5.0,0
989,2024-06-13,842,,Nam,Hà Nội,Referral,Gia dụng,351000,3,0.162,1053000,882874,197603,290065,COD,Desktop,2.0,3.0,0
990,2024-06-14,2119,18.0,Nữ,Cần Thơ,Referral,Sách,88000,4,0.087,352000,321272,55011,101228,Thẻ tín dụng,Mobile,5.0,4.0,0
991,2024-06-14,2478,18.0,Nữ,TP.HCM,Google Ads,Thời trang,144000,2,0.141,288000,247250,79850,87550,Ví điện tử,Mobile,5.0,,0
992,2024-06-14,2911,47.0,Nam,Hà Nội,Facebook Ads,Mỹ phẩm,161000,4,0.213,644000,506687,71593,220315,Chuyển khoản,Mobile,1.0,4.0,0
993,2024-06-14,764,28.0,Nam,Hà Nội,Email,Thời trang,202000,5,0.025,1010000,985234,118793,391269,Thẻ tín dụng,Desktop,0.0,4.0,0
994,2024-06-14,2582,,Nữ,TP.HCM,Email,Điện tử,460000,5,0.086,2300000,2103336,325515,475761,COD,Mobile,1.0,3.0,0
995,2024-06-14,2280,35.0,Nữ,Hà Nội,Organic,Thời trang,178000,7,0.09,1246000,1134128,101377,424489,Thẻ tín dụng,Mobile,4.0,4.0,0
996,2024-06-14,1282,35.0,Nữ,TP.HCM,Facebook Ads,Thời trang,141000,3,0.097,423000,381928,78439,146611,COD,Desktop,6.0,4.0,0
997,2024-06-14,2644,32.0,Nam,Hà Nội,Facebook Ads,Mỹ phẩm,217000,3,0.04,651000,624792,101491,320319,COD,Mobile,1.0,,0
998,2024-06-14,2609,34.0,Nữ,Hà Nội,Facebook Ads,Mỹ phẩm,126000,6,0.156,756000,638165,55681,304079,Ví điện tử,Tablet,2.0,5.0,0
999,2024-06-15,1642,,Nữ,Đà Nẵng,Organic,Thời trang,129000,3,0.103,387000,347259,68363,142170,Chuyển khoản,Mobile,2.0,4.0,0
1000,2024-06-15,413,48.0,Nữ,Hà Nội,Organic,Thời trang,143000,3,0.095,429000,388215,82626,140337,COD,Mobile,,3.0,0
1001,2024-06-15,1510,,Nữ,Đà Nẵng,Facebook Ads,Thời trang,175000,2,0.124,350000,306626,100623,105380,Thẻ tín dụng,Mobile,2.0,4.0,0
1002,2024-06-15,991,30.0,Nữ,TP.HCM,Facebook Ads,Điện tử,189000,4,0.205,756000,600693,136833,53361,Ví điện tử,Mobile,4.0,5.0,0
1003,2024-06-15,2426,48.0,Nam,Hà Nội,Organic,Thời trang,219000,2,0.051,438000,415750,112169,191412,COD,Desktop,2.0,4.0,1
1004,2024-06-15,479,32.0,Nam,TP.HCM,Organic,Thời trang,164000,6,0.246,984000,741503,81901,250097,Thẻ tín dụng,Mobile,4.0,3.0,0
1005,2024-06-15,1135,39.0,Nữ,Hà Nội,Organic,Thực phẩm,114000,3,0.119,342000,301268,81979,55331,Ví điện tử,Desktop,1.0,5.0,0
1006,2024-06-15,3222,30.0,Nữ,Hải Phòng,Organic,Thời trang,126000,4,0.158,504000,424546,67516,154482,COD,Mobile,4.0,3.0,0
1007,2024-06-15,2813,26.0,Nữ,Cần Thơ,Email,Điện tử,349000,1,0.063,349000,327113,232076,95037,COD,Mobile,4.0,3.0,0
1008,2024-06-15,2492,31.0,Nam,Hải Phòng,Referral,Mỹ phẩm,138000,2,0.067,276000,257408,64703,128002,Chuyển khoản,Mobile,4.0,5.0,0
1009,2024-06-16,2401,27.0,Nữ,TP.HCM,Facebook Ads,Gia dụng,290000,3,0.359,870000,557265,164985,62310,COD,Desktop,2.0,4.0,0
1010,2024-06-16,1886,33.0,Nam,Hà Nội,Organic,Thời trang,180000,4,0.077,720000,664476,102096,256092,Thẻ tín dụng,Desktop,1.0,4.0,0
1011,2024-06-16,124,42.0,Nam,TP.HCM,Facebook Ads,Thời trang,179000,5,0.092,895000,812906,96421,330801,COD,Mobile,5.0,4.0,0
1012,2024-06-16,3096,34.0,Nữ,Hải Phòng,Google Ads,Thực phẩm,102000,1,0.028,102000,99180,70575,28605,Thẻ tín dụng,Desktop,1.0,5.0,0
1013,2024-06-16,3130,33.0,Nữ,Hà Nội,Google Ads,Sách,100000,3,0.123,300000,263033,63041,73910,COD,Mobile,5.0,4.0,0
1014,2024-06-16,1681,37.0,Nữ,Đà Nẵng,Facebook Ads,Thực phẩm,121000,3,0.015,363000,357702,93484,77250,Ví điện tử,Mobile,2.0,5.0,0
1015,2024-06-16,360,33.0,Nam,Cần Thơ,Organic,Mỹ phẩm,208000,5,0.05,1040000,987701,93969,517856,Ví điện tử,Desktop,2.0,3.0,0
1016,2024-06-17,477,31.0,Nữ,TP.HCM,Google Ads,Sách,91000,3,0.068,273000,254503,59742,75277,Thẻ tín dụng,Desktop,3.0,,0
1017,2024-06-17,1234,43.0,Nam,Hà Nội,Organic,Thực phẩm,135000,3,0.124,405000,354906,106745,34671,Chuyển khoản,Mobile,4.0,2.0,1
1018,2024-06-17,557,32.0,Nữ,TP.HCM,Organic,Thời trang,129000,2,0.101,258000,231869,75636,80597,Chuyển khoản,Desktop,6.0,4.0,1
1019,2024-06-17,2393,29.0,Nữ,Hà Nội,Referral,Sách,93000,5,0.143,465000,398519,66817,64434,Chuyển khoản,Mobile,6.0,3.0,0
1020,2024-06-17,1574,21.0,Nam,TP.HCM,Organic,Thời trang,209000,5,0.266,1045000,766553,111698,208063,Thẻ tín dụng,Mobile,,5.0,0
1021,2024-06-17,1007,32.0,Nữ,TP.HCM,Organic,Sách,79000,1,0.146,79000,67458,54589,12869,Ví điện tử,Mobile,4.0,4.0,0
1022,2024-06-17,2846,31.0,Nữ,Hà Nội,Facebook Ads,Sách,75000,2,0.164,150000,125466,50337,24792,Ví điện tử,Mobile,2.0,3.0,0
1023,2024-06-17,1838,21.0,Nam,TP.HCM,Facebook Ads,Điện tử,318000,2,0.087,636000,580629,232309,116011,Ví điện tử,Desktop,2.0,4.0,0
1024,2024-06-17,1789,33.0,Nữ,Hà Nội,Organic,Thời trang,77000,7,0.056,539000,508976,40827,223187,Chuyển khoản,Mobile,3.0,4.0,0
1025,2024-06-17,3025,31.0,Nữ,Đà Nẵng,Facebook Ads,Điện tử,511000,6,0.143,3066000,2626377,343047,568095,COD,Desktop,2.0,5.0,0
1026,2024-06-17,1096,27.0,Nam,TP.HCM,Organic,Thời trang,145000,4,0.134,580000,502128,84410,164488,COD,Mobile,4.0,4.0,0
1027,2024-06-18,2567,27.0,Nữ,Đà Nẵng,Facebook Ads,Mỹ phẩm,144000,4,0.054,576000,544642,64675,285942,COD,Mobile,4.0,4.0,0
1028,2024-06-18,2997,45.0,Nam,Hà Nội,Referral,Gia dụng,267000,2,0.066,534000,498714,158383,181948,Chuyển khoản,Mobile,,5.0,0
1029,2024-06-18,1936,34.0,Nữ,Hải Phòng,Email,Gia dụng,245000,5,0.169,1225000,1017623,142531,304968,Ví điện tử,Mobile,7.0,3.0,0
1030,2024-06-18,1728,21.0,Nữ,TP.HCM,Facebook Ads,Thời trang,192000,3,0.083,576000,527988,101890,222318,Thẻ tín dụng,Tablet,4.0,4.0,0
1031,2024-06-18,19,36.0,Nữ,TP.HCM,Organic,Mỹ phẩm,231000,4,0.089,924000,841668,94803,462456,Ví điện tử,Tablet,5.0,4.0,0
1032,2024-06-19,924,38.0,Nam,Hà Nội,Google Ads,Mỹ phẩm,153000,1,0.201,153000,122271,70540,51731,COD,Desktop,3.0,4.0,0
1033,2024-06-19,2355,25.0,Nam,Hà Nội,Facebook Ads,Mỹ phẩm,176000,2,0.082,352000,323251,79761,163729,Thẻ tín dụng,Desktop,3.0,,0
1034,2024-06-19,683,42.0,Nam,Đà Nẵng,Google Ads,Điện tử,174000,3,0.16,522000,438579,118394,83397,Thẻ tín dụng,Tablet,1.0,4.0,0
1035,2024-06-19,1986,28.0,Nam,Đà Nẵng,Google Ads,Thời trang,148000,10,0.152,1480000,1254692,82082,433872,Thẻ tín dụng,Desktop,6.0,,0
1036,2024-06-19,165,18.0,Nữ,Cần Thơ,Organic,Gia dụng,344000,6,0.092,2064000,1873764,199956,674028,COD,Mobile,2.0,4.0,0
1037,2024-06-20,325,24.0,Nữ,Hà Nội,Facebook Ads,Gia dụng,205000,4,0.044,820000,783990,113310,330750,Ví điện tử,Mobile,9.0,3.0,0
1038,2024-06-20,2331,36.0,Nữ,Hải Phòng,Organic,Gia dụng,169000,3,0.245,507000,383006,101513,78467,Chuyển khoản,Mobile,4.0,4.0,0
1039,2024-06-20,1974,37.0,Nữ,TP.HCM,Facebook Ads,Điện tử,407000,6,0.072,2442000,2265727,269066,651331,COD,Tablet,1.0,4.0,0
1040,2024-06-20,208,45.0,Nữ,Hà Nội,Organic,Thời trang,242000,3,0.14,726000,624050,131505,229535,COD,Desktop,0.0,5.0,0
1041,2024-06-20,2687,35.0,Nam,TP.HCM,Google Ads,Thời trang,150000,3,0.075,450000,416068,75933,188269,Chuyển khoản,Desktop,2.0,4.0,0
1042,2024-06-21,2142,25.0,Nữ,Cần Thơ,Facebook Ads,Điện tử,438000,4,0.074,1752000,1622528,285428,480816,Ví điện tử,Mobile,5.0,5.0,0
1043,2024-06-21,3152,49.0,Nam,Đà Nẵng,Google Ads,Mỹ phẩm,160000,3,0.042,480000,459951,72383,242802,COD,Mobile,2.0,3.0,0
1044,2024-06-21,1364,34.0,Nam,Hà Nội,Organic,Điện tử,345000,4,0.02,1380000,1352318,225724,449422,Thẻ tín dụng,Desktop,3.0,4.0,0
1045,2024-06-21,2762,29.0,Nam,TP.HCM,Google Ads,Mỹ phẩm,142000,5,0.075,710000,656630,64650,333380,Thẻ tín dụng,Mobile,1.0,4.0,0
1046,2024-06-21,588,50.0,Nữ,Hải Phòng,Email,Gia dụng,297000,2,0.076,594000,549098,179826,189446,COD,Desktop,5.0,4.0,0
1047,2024-06-21,665,38.0,Nam,Đà Nẵng,Organic,Gia dụng,284000,5,0.202,1420000,1132587,167606,294557,Chuyển khoản,Desktop,2.0,5.0,0
1048,2024-06-21,2515,36.0,Nữ,Hải Phòng,Google Ads,Gia dụng,209000,6,0.132,1254000,1089081,121785,358371,COD,Desktop,6.0,3.0,0
1049,2024-06-21,386,31.0,Nữ,Hải Phòng,Organic,Thời trang,215000,4,0.065,860000,804285,112245,355305,Chuyển khoản,Mobile,2.0,4.0,1
1050,2024-06-21,915,34.0,Nữ,Hải Phòng,Facebook Ads,Mỹ phẩm,301000,4,0.248,1204000,905823,130025,385723,Ví điện tử,Tablet,1.0,4.0,0
1051,2024-06-21,2085,29.0,Nam,Đà Nẵng,Email,Sách,74000,4,0.151,296000,251336,48722,56448,COD,Mobile,3.0,4.0,0
1052,2024-06-21,24,48.0,Nữ,TP.HCM,Facebook Ads,Điện tử,498000,3,0.137,1494000,1289083,333170,289573,Thẻ tín dụng,Mobile,1.0,4.0,0
1053,2024-06-22,1101,35.0,Nữ,Hải Phòng,Organic,Thời trang,172000,4,0.092,688000,624760,88869,269284,Ví điện tử,Desktop,2.0,4.0,0
1054,2024-06-22,1401,56.0,Nữ,Hà Nội,Facebook Ads,Mỹ phẩm,159000,3,0.117,477000,421136,68481,215693,COD,Desktop,4.0,4.0,0
1055,2024-06-22,1770,27.0,Nam,TP.HCM,Organic,Thời trang,109000,6,0.007,654000,649360,59055,295030,Chuyển khoản,Desktop,3.0,,0
1056,2024-06-22,3270,37.0,Nữ,Hải Phòng,Facebook Ads,Điện tử,240000,5,0.137,1200000,1035307,173815,166232,COD,Mobile,8.0,,0
1057,2024-06-22,2649,39.0,Nam,Đà Nẵng,Google Ads,Điện tử,236000,6,0.229,1416000,1091718,172921,54192,Thẻ tín dụng,Mobile,2.0,4.0,0
1058,2024-06-22,1715,39.0,Nữ,TP.HCM,Organic,Điện tử,336000,2,0.114,672000,595651,239045,117561,COD,Mobile,1.0,4.0,0
1059,2024-06-22,1148,30.0,Nữ,TP.HCM,Referral,Thời trang,87000,1,0.033,87000,84159,44899,39260,Chuyển khoản,Desktop,3.0,4.0,0
1060,2024-06-22,2892,,Nam,Cần Thơ,Facebook Ads,Mỹ phẩm,265000,5,0.127,1325000,1156769,115073,581404,Chuyển khoản,Tablet,0.0,5.0,0
1061,2024-06-23,1306,42.0,Nữ,Đà Nẵng,Email,Điện tử,234000,2,0.155,468000,395595,170720,54155,Ví điện tử,Mobile,3.0,4.0,0
1062,2024-06-23,366,33.0,Nữ,TP.HCM,Referral,Điện tử,334000,1,0.007,334000,331624,224327,107297,Chuyển khoản,Mobile,1.0,4.0,0
1063,2024-06-23,1603,26.0,Nam,Hà Nội,Organic,Thời trang,125000,5,0.151,625000,530316,67867,190981,Thẻ tín dụng,Desktop,7.0,3.0,0
1064,2024-06-23,2318,39.0,Nam,Cần Thơ,Facebook Ads,Thực phẩm,157000,7,0.049,1099000,1045466,102756,326174,Ví điện tử,Mobile,2.0,5.0,0
1065,2024-06-23,1732,35.0,Nữ,Cần Thơ,Google Ads,Mỹ phẩm,203000,2,0.078,406000,374277,100207,173863,Thẻ tín dụng,Desktop,1.0,4.0,0
1066,2024-06-23,2146,29.0,Nam,TP.HCM,Organic,Thực phẩm,147000,2,0.069,294000,273599,105522,62555,Thẻ tín dụng,Mobile,5.0,4.0,0
1067,2024-06-23,791,22.0,Nam,TP.HCM,Facebook Ads,Gia dụng,218000,4,0.132,872000,756758,119635,278218,Ví điện tử,Mobile,2.0,4.0,0
1068,2024-06-24,1489,41.0,Nữ,TP.HCM,Facebook Ads,Gia dụng,249000,6,0.04,1494000,1434972,159245,479502,COD,Mobile,6.0,4.0,0
1069,2024-06-24,781,18.0,Nữ,Đà Nẵng,Organic,Thời trang,153000,4,0.085,612000,559809,87834,208473,Ví điện tử,Mobile,3.0,4.0,0
1070,2024-06-24,233,36.0,Nữ,Hà Nội,Google Ads,Điện tử,285000,5,0.107,1425000,1273007,219660,174707,Ví điện tử,Desktop,1.0,5.0,0
1071,2024-06-24,3268,28.0,Nam,TP.HCM,Facebook Ads,Sách,78000,4,0.153,312000,264156,52166,55492,Ví điện tử,Mobile,1.0,3.0,0
1072,2024-06-24,1653,20.0,Nữ,Hải Phòng,Referral,Mỹ phẩm,159000,8,0.116,1272000,1124252,74190,530732,COD,Mobile,1.0,,0
1073,2024-06-24,815,39.0,Nữ,Hà Nội,Facebook Ads,Thời trang,227000,4,0.052,908000,860407,139943,300635,Thẻ tín dụng,Tablet,,4.0,0
1074,2024-06-24,2989,,Nữ,Hải Phòng,Google Ads,Mỹ phẩm,227000,4,0.1,908000,817251,99386,419707,COD,Mobile,1.0,4.0,0
1075,2024-06-24,519,20.0,Nam,TP.HCM,Organic,Thời trang,203000,1,0.172,203000,168063,112809,55254,COD,Mobile,3.0,4.0,0
1076,2024-06-25,2023,51.0,Nam,Hà Nội,Organic,Mỹ phẩm,148000,3,0.249,444000,333568,64433,140269,COD,Mobile,3.0,4.0,0
1077,2024-06-25,145,41.0,Nam,Đà Nẵng,Facebook Ads,Mỹ phẩm,321000,5,0.049,1605000,1526065,133215,859990,COD,Mobile,3.0,5.0,0
1078,2024-06-25,1418,31.0,Nữ,Cần Thơ,Facebook Ads,Gia dụng,204000,4,0.131,816000,709459,126874,201963,Ví điện tử,Mobile,2.0,4.0,0
1079,2024-06-25,1215,33.0,Nam,Cần Thơ,Facebook Ads,Thời trang,119000,6,0.104,714000,639418,60814,274534,Thẻ tín dụng,Desktop,2.0,5.0,0
1080,2024-06-25,2646,37.0,Nam,Hà Nội,Google Ads,Thực phẩm,117000,1,0.043,117000,112012,81013,30999,Ví điện tử,Desktop,2.0,4.0,0
1081,2024-06-25,2534,34.0,Nữ,TP.HCM,Organic,Thực phẩm,136000,5,0.065,680000,636126,103384,119206,COD,Desktop,4.0,4.0,0
1082,2024-06-25,1834,19.0,Nữ,TP.HCM,Google Ads,Thời trang,93000,5,0.091,465000,422870,54647,149635,COD,Tablet,5.0,4.0,0
1083,2024-06-25,743,18.0,Nữ,Hà Nội,Google Ads,Mỹ phẩm,268000,4,0.075,1072000,991697,127386,482153,Ví điện tử,Mobile,3.0,4.0,0
1084,2024-06-25,1344,18.0,Nam,Hải Phòng,Facebook Ads,Sách,82000,3,0.039,246000,236298,54173,73779,Thẻ tín dụng,Desktop,4.0,3.0,0
1085,2024-06-25,3003,28.0,Nam,Hải Phòng,Google Ads,Điện tử,439000,2,0.063,878000,822965,316106,190753,COD,Mobile,1.0,5.0,0
1086,2024-06-26,1908,39.0,Nữ,TP.HCM,Organic,Thực phẩm,108000,2,0.108,216000,192693,72258,48177,Ví điện tử,Mobile,6.0,2.0,1
1087,2024-06-26,1165,48.0,Nữ,Đà Nẵng,Referral,Sách,74000,4,0.044,296000,282987,45976,99083,Chuyển khoản,Mobile,1.0,,1
1088,2024-06-26,2358,19.0,Nữ,TP.HCM,Referral,Thực phẩm,105000,6,0.168,630000,523994,75296,72218,COD,Mobile,0.0,5.0,0
1089,2024-06-26,1443,41.0,Nữ,Hà Nội,Facebook Ads,Mỹ phẩm,137000,3,0.078,411000,379068,60184,198516,Thẻ tín dụng,Mobile,4.0,5.0,0
1090,2024-06-26,2287,34.0,Nữ,Hà Nội,Organic,Thực phẩm,88000,2,0.178,176000,144630,58981,26668,COD,Mobile,3.0,4.0,0
1091,2024-06-26,1480,28.0,Nam,TP.HCM,Facebook Ads,Thời trang,179000,3,0.01,537000,531697,98586,235939,COD,Mobile,3.0,3.0,0
1092,2024-06-26,55,42.0,Nam,Hà Nội,Organic,Mỹ phẩm,233000,4,0.032,932000,902419,104905,482799,Thẻ tín dụng,Mobile,2.0,5.0,0
1093,2024-06-26,1194,41.0,Nam,Đà Nẵng,Facebook Ads,Mỹ phẩm,192000,1,0.059,192000,180655,86877,93778,Chuyển khoản,Mobile,1.0,4.0,0
1094,2024-06-26,1924,37.0,Nữ,Hà Nội,Google Ads,Sách,69000,4,0.12,276000,242961,44398,65369,COD,Mobile,2.0,4.0,0
1095,2024-06-26,527,27.0,Nam,Hà Nội,Facebook Ads,Gia dụng,277000,6,0.166,1662000,1385322,166674,385278,Ví điện tử,Mobile,6.0,3.0,0
1096,2024-06-26,2402,22.0,Nam,Hà Nội,Organic,Thực phẩm,129000,3,0.062,387000,363167,94613,79328,Thẻ tín dụng,Desktop,2.0,5.0,0
1097,2024-06-26,2176,30.0,Nam,TP.HCM,Facebook Ads,Thời trang,93000,2,0.084,186000,170450,53190,64070,COD,Desktop,3.0,3.0,0
1098,2024-06-27,2058,34.0,Nam,Hải Phòng,Organic,Thời trang,88000,4,0.059,352000,331385,47781,140261,Thẻ tín dụng,Mobile,3.0,5.0,0
1099,2024-06-27,3073,40.0,Nam,Hà Nội,Organic,Thời trang,168000,3,0.021,504000,493371,93998,211377,Ví điện tử,Mobile,2.0,4.0,0
1100,2024-06-27,1045,19.0,Nữ,Hà Nội,Facebook Ads,Gia dụng,222000,4,0.17,888000,737305,124462,239457,Thẻ tín dụng,Mobile,1.0,4.0,1
1101,2024-06-27,598,35.0,Nữ,TP.HCM,Referral,Thời trang,138000,2,0.26,276000,204375,75471,53433,Ví điện tử,Mobile,2.0,4.0,1
1102,2024-06-27,154,24.0,Nữ,TP.HCM,Facebook Ads,Mỹ phẩm,207000,4,0.033,828000,800286,97948,408494,Thẻ tín dụng,Desktop,2.0,4.0,0
1103,2024-06-27,3130,33.0,Nữ,Đà Nẵng,Google Ads,Điện tử,325000,6,0.033,1950000,1885194,203895,661824,Thẻ tín dụng,Desktop,0.0,5.0,0
1104,2024-06-27,1621,33.0,Nữ,Hà Nội,Facebook Ads,Mỹ phẩm,106000,1,0.085,106000,96976,45365,51611,COD,Mobile,2.0,3.0,1
1105,2024-06-28,1575,47.0,Nam,TP.HCM,Google Ads,Thời trang,258000,3,0.143,774000,663013,132895,264328,COD,Mobile,3.0,4.0,0
1106,2024-06-28,362,22.0,Nữ,Hà Nội,Organic,Thời trang,114000,2,0.048,228000,217095,65802,85491,COD,Desktop,4.0,4.0,0
1107,2024-06-28,3015,32.0,Nữ,TP.HCM,Google Ads,Sách,88000,5,0.108,440000,392512,54786,118582,Thẻ tín dụng,Mobile,1.0,4.0,0
1108,2024-06-28,1774,18.0,Nữ,Đà Nẵng,Referral,Gia dụng,323000,4,0.128,1292000,1126695,196810,339455,Ví điện tử,Desktop,2.0,4.0,0
1109,2024-06-28,2099,45.0,Nữ,Hà Nội,Google Ads,Thực phẩm,147000,6,0.088,882000,804636,101354,196512,Ví điện tử,Mobile,3.0,,0
1110,2024-06-29,2825,33.0,Nữ,Hà Nội,Facebook Ads,Thời trang,138000,6,0.232,828000,635798,77845,168728,COD,Mobile,7.0,4.0,0
1111,2024-06-29,1958,19.0,Nam,Hà Nội,Organic,Thực phẩm,86000,7,0.181,602000,492760,62803,53139,COD,Tablet,4.0,4.0,0
1112,2024-06-29,1034,31.0,Nữ,Hải Phòng,Organic,Mỹ phẩm,220000,2,0.05,440000,417888,100688,216512,COD,Desktop,1.0,4.0,0
1113,2024-06-29,3142,27.0,Nam,Hà Nội,Facebook Ads,Thời trang,134000,6,0.064,804000,752370,73454,311646,COD,Mobile,2.0,4.0,0
1114,2024-06-29,1415,25.0,Nữ,Cần Thơ,Referral,Điện tử,198000,3,0.081,594000,545934,143880,114294,COD,Desktop,5.0,4.0,0
1115,2024-06-29,206,18.0,Nữ,Đà Nẵng,Organic,Thời trang,105000,5,0.197,525000,421387,59421,124282,COD,Mobile,1.0,3.0,0
1116,2024-06-29,1509,30.0,Nam,Hà Nội,Facebook Ads,Mỹ phẩm,229000,3,0.088,687000,626767,104256,313999,Thẻ tín dụng,Desktop,4.0,5.0,0
1117,2024-06-30,1839,41.0,Nam,TP.HCM,Facebook Ads,Thời trang,162000,2,0.207,324000,256784,95463,65858,COD,Mobile,8.0,3.0,0
1118,2024-06-30,1153,23.0,Nữ,TP.HCM,Organic,Mỹ phẩm,246000,5,0.026,1230000,1198022,100534,695352,Chuyển khoản,Desktop,8.0,4.0,0
1119,2024-06-30,2498,45.0,Nữ,Đà Nẵng,Facebook Ads,Sách,106000,5,0.175,530000,437497,64159,116702,COD,Desktop,7.0,3.0,0
1120,2024-06-30,4,33.0,Nữ,Đà Nẵng,Facebook Ads,Thời trang,265000,2,0.095,530000,479874,159110,161654,Ví điện tử,Mobile,4.0,3.0,0
1121,2024-06-30,625,23.0,Nữ,TP.HCM,Email,Sách,85000,5,0.209,425000,336068,54827,61933,COD,Mobile,3.0,4.0,0
1122,2024-06-30,151,31.0,Nữ,TP.HCM,Google Ads,Sách,67000,3,0.146,201000,171582,41836,46074,COD,Desktop,4.0,4.0,0
1123,2024-06-30,652,22.0,Nữ,TP.HCM,Organic,Điện tử,264000,3,0.099,792000,713326,179754,174064,COD,Mobile,1.0,4.0,0
1124,2024-06-30,8,36.0,Nam,Hà Nội,Facebook Ads,Mỹ phẩm,301000,4,0.185,1204000,981054,141569,414778,COD,Mobile,,4.0,0
1125,2024-06-30,2188,18.0,Nữ,Hà Nội,Referral,Thời trang,307000,7,0.178,2149000,1765478,175627,536089,Ví điện tử,Desktop,4.0,4.0,0
1126,2024-06-30,1450,28.0,Nữ,Hà Nội,Email,Gia dụng,240000,5,0.052,1200000,1137672,146572,404812,Ví điện tử,Tablet,4.0,4.0,0
1127,2024-07-01,129,22.0,Nam,Hà Nội,Organic,Điện tử,524000,3,0.151,1572000,1334362,403030,125272,Thẻ tín dụng,Mobile,1.0,3.0,0
1128,2024-07-01,1801,36.0,Nữ,TP.HCM,Facebook Ads,Mỹ phẩm,277000,4,0.163,1108000,926986,122898,435394,Chuyển khoản,Mobile,4.0,4.0,0
1129,2024-07-01,2904,25.0,Nam,TP.HCM,Facebook Ads,Sách,128000,5,0.082,640000,587648,81452,180388,Chuyển khoản,Desktop,1.0,4.0,0
1130,2024-07-01,3193,33.0,Nữ,Hà Nội,Google Ads,Điện tử,495000,4,0.13,1980000,1722680,363467,268812,Chuyển khoản,Mobile,2.0,5.0,0
1131,2024-07-01,969,37.0,Nam,Hà Nội,Email,Thời trang,79000,8,0.037,632000,608611,45225,246811,Thẻ tín dụng,Mobile,4.0,4.0,0
1132,2024-07-02,2053,25.0,Nam,Hà Nội,Facebook Ads,Điện tử,293000,3,0.204,879000,699379,222279,32542,COD,Desktop,,5.0,0
1133,2024-07-02,973,42.0,Nam,Đà Nẵng,Facebook Ads,Thời trang,109000,4,0.086,436000,398596,66064,134340,Thẻ tín dụng,Mobile,5.0,5.0,0
1134,2024-07-02,713,48.0,Nữ,TP.HCM,Referral,Mỹ phẩm,195000,3,0.213,585000,460337,88742,194111,COD,Mobile,5.0,4.0,0
1135,2024-07-02,731,29.0,Nữ,TP.HCM,Email,Thời trang,190000,6,0.154,1140000,964208,109504,307184,Ví điện tử,Mobile,2.0,4.0,0
1136,2024-07-02,29,19.0,Nam,TP.HCM,Email,Thực phẩm,114000,7,0.065,798000,746095,75494,217637,Thẻ tín dụng,Desktop,2.0,4.0,0
1137,2024-07-02,2362,27.0,Nữ,Hà Nội,Facebook Ads,Sách,90000,2,0.142,180000,154383,58759,36865,Ví điện tử,Mobile,1.0,5.0,0
1138,2024-07-02,2758,25.0,Nữ,Hải Phòng,Organic,Sách,95000,7,0.098,665000,599661,65829,138858,COD,Desktop,2.0,5.0,0
1139,2024-07-02,1029,22.0,Nữ,Đà Nẵng,Organic,Mỹ phẩm,175000,5,0.038,875000,841476,76851,457221,Thẻ tín dụng,Mobile,3.0,5.0,0
1140,2024-07-02,918,26.0,Nữ,Hà Nội,Facebook Ads,Gia dụng,139000,3,0.158,417000,350992,85345,94957,COD,Mobile,2.0,5.0,0
1141,2024-07-03,2772,30.0,Nam,Hải Phòng,Email,Điện tử,337000,2,0.131,674000,585858,228691,128476,COD,Mobile,1.0,5.0,0
1142,2024-07-03,2103,52.0,Nam,Đà Nẵng,Google Ads,Điện tử,185000,6,0.126,1110000,969845,145697,95663,Ví điện tử,Mobile,4.0,4.0,0
1143,2024-07-03,3112,53.0,Nữ,Hà Nội,Organic,Gia dụng,327000,3,0.141,981000,842399,207874,218777,Chuyển khoản,Mobile,3.0,4.0,0
1144,2024-07-03,1058,23.0,Nữ,Hà Nội,Facebook Ads,Thực phẩm,113000,5,0.089,565000,514851,80110,114301,COD,Mobile,4.0,4.0,0
1145,2024-07-04,1364,34.0,Nam,Hà Nội,Facebook Ads,Điện tử,136000,4,0.103,544000,487903,88249,134907,COD,Mobile,4.0,4.0,0
1146,2024-07-04,2750,48.0,Nữ,TP.HCM,Facebook Ads,Thời trang,124000,1,0.107,124000,110727,67656,43071,COD,Desktop,2.0,4.0,0
1147,2024-07-04,2098,26.0,Nam,Cần Thơ,Facebook Ads,Sách,78000,6,0.145,468000,399913,51803,89095,Ví điện tử,Mobile,,3.0,0
1148,2024-07-04,846,25.0,Nữ,Hà Nội,Facebook Ads,Điện tử,279000,4,0.264,1116000,821684,202498,11692,Chuyển khoản,Desktop,4.0,3.0,0
1149,2024-07-04,1203,38.0,Nam,TP.HCM,Organic,Gia dụng,322000,4,0.074,1288000,1192606,183318,459334,COD,Desktop,1.0,5.0,0
1150,2024-07-04,2716,49.0,Nam,Cần Thơ,Facebook Ads,Gia dụng,260000,4,0.03,1040000,1009292,161139,364736,COD,Mobile,1.0,4.0,0
1151,2024-07-04,2163,42.0,Nam,Hà Nội,Organic,Mỹ phẩm,261000,2,0.022,522000,510739,131536,247667,Chuyển khoản,Mobile,4.0,4.0,0
1152,2024-07-04,2928,18.0,Nam,Hải Phòng,Organic,Điện tử,285000,3,0.124,855000,748712,201196,145124,COD,Mobile,3.0,5.0,0
1153,2024-07-04,2361,42.0,Nam,TP.HCM,Organic,Gia dụng,352000,5,0.125,1760000,1540493,230592,387533,COD,Desktop,7.0,4.0,0
1154,2024-07-05,1191,43.0,Nữ,TP.HCM,Google Ads,Gia dụng,255000,5,0.021,1275000,1248100,146366,516270,Ví điện tử,Mobile,1.0,4.0,0
1155,2024-07-05,251,43.0,Nữ,Đà Nẵng,Organic,Gia dụng,373000,2,0.082,746000,684891,236787,211317,Thẻ tín dụng,Desktop,2.0,4.0,0
1156,2024-07-05,648,41.0,Nữ,Hà Nội,Referral,Thực phẩm,133000,2,0.114,266000,235671,93247,49177,Ví điện tử,Desktop,3.0,4.0,1
1157,2024-07-05,266,50.0,Nam,TP.HCM,Organic,Thời trang,187000,9,0.048,1683000,1602186,95764,740310,COD,Mobile,5.0,4.0,0
1158,2024-07-05,3225,31.0,Nữ,Hà Nội,Email,Mỹ phẩm,164000,3,0.054,492000,465421,64204,272809,COD,Desktop,,5.0,0
1159,2024-07-05,2878,42.0,Nữ,Cần Thơ,Google Ads,Thời trang,113000,3,0.1,339000,305115,56038,137001,COD,Mobile,4.0,4.0,0
1160,2024-07-05,2751,41.0,Nam,TP.HCM,Organic,Mỹ phẩm,156000,3,0.059,468000,440165,67451,237812,COD,Desktop,2.0,4.0,0
1161,2024-07-05,3271,22.0,Nam,TP.HCM,Referral,Mỹ phẩm,238000,4,0.165,952000,794807,112298,345615,Ví điện tử,Mobile,1.0,4.0,1
1162,2024-07-06,1393,35.0,Nam,Cần Thơ,Facebook Ads,Điện tử,344000,4,0.036,1376000,1326700,239785,367560,COD,Mobile,1.0,4.0,0
1163,2024-07-06,1427,18.0,Nữ,TP.HCM,Facebook Ads,Điện tử,209000,2,0.247,418000,314876,158604,-2332,Ví điện tử,Desktop,4.0,4.0,0
1164,2024-07-06,425,51.0,Nam,Đà Nẵng,Organic,Sách,84000,9,0.042,756000,724179,51163,263712,Ví điện tử,Desktop,2.0,3.0,0
1165,2024-07-06,2063,30.0,Nữ,Đà Nẵng,Organic,Gia dụng,192000,2,0.178,384000,315610,121078,73454,Thẻ tín dụng,Mobile,3.0,3.0,0
1166,2024-07-06,1078,36.0,Nam,TP.HCM,Email,Gia dụng,301000,5,0.056,1505000,1420040,195803,441025,COD,Mobile,0.0,5.0,0
1167,2024-07-06,2610,23.0,Nam,Hải Phòng,Organic,Điện tử,605000,3,0.075,1815000,1679235,445189,343668,COD,Mobile,5.0,5.0,0
1168,2024-07-06,1969,,Nam,TP.HCM,Facebook Ads,Thực phẩm,121000,3,0.032,363000,351234,78497,115743,Ví điện tử,Mobile,2.0,4.0,0
1169,2024-07-06,1793,46.0,Nam,TP.HCM,Referral,Mỹ phẩm,188000,5,0.094,940000,851177,83877,431792,Chuyển khoản,Mobile,4.0,4.0,0
1170,2024-07-06,1919,31.0,Nữ,Cần Thơ,Referral,Gia dụng,341000,4,0.108,1364000,1217124,204930,397404,Chuyển khoản,Mobile,1.0,5.0,0
1171,2024-07-06,350,37.0,Nam,Cần Thơ,Google Ads,Điện tử,211000,7,0.037,1477000,1421694,158989,308771,COD,Mobile,1.0,4.0,0
1172,2024-07-06,1585,38.0,Nam,Hải Phòng,Organic,Điện tử,319000,5,0.039,1595000,1533020,231189,377075,COD,Desktop,3.0,3.0,0
1173,2024-07-06,111,18.0,Nữ,Hải Phòng,Google Ads,Sách,76000,3,0.029,228000,221366,49011,74333,Ví điện tử,Mobile,1.0,4.0,0
1174,2024-07-07,121,18.0,Nam,TP.HCM,Facebook Ads,Thời trang,138000,2,0.3,276000,193255,72401,48453,COD,Mobile,1.0,4.0,0
1175,2024-07-07,1817,45.0,Nữ,Đà Nẵng,Organic,Sách,136000,2,0.196,272000,218716,91690,35336,COD,Mobile,7.0,4.0,0
1176,2024-07-07,2717,39.0,Nam,TP.HCM,Facebook Ads,Mỹ phẩm,137000,5,0.045,685000,653840,65667,325505,Ví điện tử,Tablet,2.0,5.0,0
1177,2024-07-07,178,35.0,Nữ,TP.HCM,Google Ads,Mỹ phẩm,148000,2,0.021,296000,289781,68209,153363,Thẻ tín dụng,Tablet,1.0,5.0,0
1178,2024-07-07,1929,35.0,Nữ,Hà Nội,Referral,Thời trang,151000,5,0.094,755000,684039,83951,264284,Ví điện tử,Desktop,2.0,5.0,0
1179,2024-07-07,1829,35.0,Nữ,Đà Nẵng,Email,Sách,113000,9,0.028,1017000,988849,75237,311716,Thẻ tín dụng,Mobile,4.0,4.0,0
1180,2024-07-07,2326,37.0,Nữ,TP.HCM,Organic,Sách,93000,1,0.151,93000,78961,63622,15339,Ví điện tử,Mobile,2.0,5.0,0
1181,2024-07-07,410,34.0,Nữ,TP.HCM,Organic,Gia dụng,324000,3,0.145,972000,830958,195493,244479,Ví điện tử,Desktop,6.0,4.0,0
1182,2024-07-07,117,18.0,Nữ,Hà Nội,Referral,Điện tử,396000,5,0.108,1980000,1766529,287856,327249,Ví điện tử,Mobile,2.0,5.0,0
1183,2024-07-07,2930,21.0,Nữ,Cần Thơ,Google Ads,Thời trang,120000,7,0.064,840000,786580,66628,320184,Chuyển khoản,Desktop,2.0,5.0,0
1184,2024-07-07,688,55.0,Nam,Hải Phòng,Organic,Thời trang,89000,6,0.045,534000,510136,47613,224458,Ví điện tử,Mobile,3.0,4.0,0
1185,2024-07-07,3020,55.0,Nữ,Hà Nội,Organic,Thời trang,145000,3,0.065,435000,406554,78731,170361,Thẻ tín dụng,Mobile,6.0,4.0,0
1186,2024-07-08,3139,23.0,Nữ,Hà Nội,Organic,Gia dụng,376000,4,0.055,1504000,1421554,245198,440762,Chuyển khoản,Desktop,2.0,5.0,0
1187,2024-07-08,2123,37.0,Nữ,Hải Phòng,Facebook Ads,Thời trang,203000,5,0.169,1015000,843818,104693,320353,COD,Desktop,6.0,3.0,0
1188,2024-07-08,379,40.0,Nữ,Cần Thơ,Referral,Thời trang,159000,2,0.097,318000,287057,86747,113563,COD,Mobile,3.0,4.0,0
1189,2024-07-09,2985,22.0,Nam,Hà Nội,Referral,Điện tử,228000,1,0.096,228000,206017,172537,33480,COD,Mobile,1.0,4.0,0
1190,2024-07-09,1296,44.0,Nam,Hải Phòng,Facebook Ads,Sách,116000,6,0.009,696000,690014,69124,275270,Thẻ tín dụng,Mobile,2.0,4.0,0
1191,2024-07-09,1591,27.0,Nam,Đà Nẵng,Organic,Điện tử,251000,2,0.076,502000,463890,179890,104110,Chuyển khoản,Mobile,3.0,4.0,0
1192,2024-07-09,1955,32.0,Nữ,Hà Nội,Organic,Mỹ phẩm,226000,5,0.054,1130000,1069096,98715,575521,Ví điện tử,Mobile,2.0,4.0,0
1193,2024-07-09,2048,36.0,Nữ,Hà Nội,Email,Thời trang,76000,6,0.162,456000,381996,42507,126954,Ví điện tử,Mobile,2.0,4.0,0
1194,2024-07-09,1078,36.0,Nam,Hà Nội,Google Ads,Sách,104000,6,0.102,624000,560499,65896,165123,COD,Mobile,1.0,4.0,0
1195,2024-07-09,883,58.0,Nữ,Hà Nội,Referral,Gia dụng,288000,4,0.039,1152000,1106497,168307,433269,COD,Desktop,1.0,4.0,0
1196,2024-07-09,713,48.0,Nữ,Hà Nội,Organic,Gia dụng,320000,6,0.102,1920000,1724098,180958,638350,COD,Mobile,2.0,4.0,0
1197,2024-07-09,528,38.0,Nam,Hà Nội,Google Ads,Điện tử,284000,7,0.083,1988000,1822084,219568,285108,Thẻ tín dụng,Desktop,5.0,3.0,0
1198,2024-07-09,41,31.0,Nữ,Đà Nẵng,Facebook Ads,Mỹ phẩm,157000,3,0.156,471000,397457,75115,172112,COD,Mobile,1.0,4.0,0
1199,2024-07-09,398,30.0,Nữ,TP.HCM,Referral,Mỹ phẩm,191000,5,0.108,955000,852146,83553,434381,COD,Mobile,0.0,5.0,0
1200,2024-07-10,2854,23.0,Nữ,Hà Nội,Google Ads,Mỹ phẩm,120000,2,0.09,240000,218490,53071,112348,Chuyển khoản,Desktop,1.0,5.0,1
1201,2024-07-10,382,34.0,Nữ,Cần Thơ,Facebook Ads,Gia dụng,181000,5,0.072,905000,839996,111645,281771,Ví điện tử,Mobile,2.0,4.0,0
1202,2024-07-10,1580,36.0,Nữ,Hà Nội,Organic,Điện tử,314000,2,0.082,628000,576471,235193,106085,Chuyển khoản,Mobile,2.0,4.0,0
1203,2024-07-10,3188,18.0,Nữ,Đà Nẵng,Organic,Gia dụng,385000,2,0.092,770000,699153,236256,226641,Thẻ tín dụng,Mobile,3.0,4.0,0
1204,2024-07-11,2060,41.0,Nam,Cần Thơ,Organic,Thời trang,124000,5,0.045,620000,592350,65760,263550,COD,Desktop,2.0,4.0,0
1205,2024-07-11,34,39.0,Nam,Hà Nội,Organic,Gia dụng,191000,5,0.036,955000,920688,125039,295493,COD,Mobile,,4.0,0
1206,2024-07-11,2672,32.0,Nam,TP.HCM,Google Ads,Thực phẩm,141000,4,0.03,564000,546885,93221,174001,Thẻ tín dụng,Mobile,3.0,4.0,0
1207,2024-07-11,1977,40.0,Nữ,TP.HCM,Referral,Thực phẩm,121000,5,0.052,605000,573267,89430,126117,COD,Mobile,4.0,4.0,0
1208,2024-07-11,655,37.0,Nữ,Hà Nội,Organic,Sách,90000,3,0.1,270000,242898,53580,82158,COD,Desktop,1.0,5.0,0
1209,2024-07-11,1371,26.0,Nam,Hà Nội,Facebook Ads,Thời trang,100000,9,0.063,900000,843075,55672,342027,COD,Tablet,1.0,,0
1210,2024-07-11,3259,33.0,Nữ,Cần Thơ,Facebook Ads,Sách,93000,10,0.09,930000,846342,56016,286182,COD,Mobile,2.0,5.0,0
1211,2024-07-11,882,32.0,Nữ,TP.HCM,Facebook Ads,Thời trang,180000,3,0.088,540000,492644,93389,212477,COD,Desktop,2.0,,0
1212,2024-07-11,995,33.0,Nam,TP.HCM,Organic,Thời trang,147000,6,0.1,882000,793769,83439,293135,Thẻ tín dụng,Tablet,2.0,4.0,0
1213,2024-07-11,2400,18.0,Nữ,Hải Phòng,Email,Gia dụng,241000,4,0.092,964000,875381,153250,262381,COD,Desktop,3.0,4.0,0
1214,2024-07-11,3124,34.0,Nam,TP.HCM,Organic,Thời trang,126000,3,0.173,378000,312762,65554,116100,COD,Mobile,2.0,4.0,0
1215,2024-07-11,1294,27.0,Nữ,Hà Nội,Google Ads,Thời trang,361000,3,0.176,1083000,892557,212301,255654,COD,Mobile,2.0,5.0,0
1216,2024-07-11,2918,37.0,Nữ,Cần Thơ,Organic,Thời trang,154000,3,0.117,462000,408171,86489,148704,Ví điện tử,Desktop,2.0,4.0,1
1217,2024-07-12,1790,37.0,Nam,Hà Nội,Google Ads,Mỹ phẩm,150000,4,0.026,600000,584518,63384,330982,COD,Mobile,2.0,4.0,0
1218,2024-07-12,1263,32.0,Nữ,TP.HCM,Google Ads,Thời trang,122000,6,0.026,732000,712656,66073,316218,COD,Tablet,2.0,4.0,0
1219,2024-07-12,3097,24.0,Nữ,TP.HCM,Organic,Thời trang,158000,5,0.072,790000,733449,88746,289719,COD,Desktop,2.0,2.0,0
1220,2024-07-13,1698,44.0,Nữ,Đà Nẵng,Facebook Ads,Mỹ phẩm,236000,4,0.146,944000,806022,115938,342270,Thẻ tín dụng,Tablet,5.0,4.0,0
1221,2024-07-13,2548,30.0,Nam,Hà Nội,Google Ads,Gia dụng,229000,3,0.113,687000,609033,133288,209169,Thẻ tín dụng,Mobile,5.0,4.0,0
1222,2024-07-13,1984,,Nữ,Đà Nẵng,Google Ads,Mỹ phẩm,297000,5,0.175,1485000,1224584,126070,594234,Ví điện tử,Desktop,1.0,,0
1223,2024-07-13,2982,26.0,Nữ,Cần Thơ,Organic,Điện tử,138000,2,0.086,276000,252196,100908,50380,Thẻ tín dụng,Desktop,5.0,3.0,0
1224,2024-07-13,3119,30.0,Nữ,Cần Thơ,Organic,Điện tử,236000,5,0.109,1180000,1051083,166027,220948,Ví điện tử,Desktop,3.0,4.0,0
1225,2024-07-13,3154,33.0,Nam,TP.HCM,Facebook Ads,Gia dụng,166000,4,0.112,664000,589532,98111,197088,COD,Desktop,3.0,5.0,0
1226,2024-07-13,2070,34.0,Nam,Cần Thơ,Google Ads,Thời trang,219000,3,0.086,657000,600455,115941,252632,COD,Mobile,1.0,4.0,0
1227,2024-07-13,804,28.0,Nữ,Cần Thơ,Organic,Mỹ phẩm,170000,3,0.169,510000,423590,84512,170054,Ví điện tử,Mobile,3.0,4.0,1
1228,2024-07-13,2634,34.0,Nam,TP.HCM,Referral,Mỹ phẩm,289000,2,0.061,578000,542547,124534,293479,Thẻ tín dụng,Tablet,1.0,5.0,0
1229,2024-07-14,3158,26.0,Nữ,Hà Nội,Organic,Thời trang,141000,3,0.103,423000,379623,78841,143100,Chuyển khoản,Mobile,1.0,4.0,0
1230,2024-07-14,1080,25.0,Nữ,Hà Nội,Organic,Mỹ phẩm,240000,6,0.131,1440000,1251441,104115,626751,COD,Desktop,1.0,5.0,0
1231,2024-07-14,538,18.0,Nam,Hà Nội,Organic,Gia dụng,216000,1,0.05,216000,205118,124171,80947,Thẻ tín dụng,Mobile,3.0,5.0,0
1232,2024-07-14,483,36.0,Nữ,TP.HCM,Email,Mỹ phẩm,136000,7,0.152,952000,807279,60550,383429,COD,Mobile,1.0,5.0,0
1233,2024-07-14,2197,32.0,Nam,Đà Nẵng,Facebook Ads,Điện tử,316000,1,0.082,316000,290241,226413,63828,Thẻ tín dụng,Mobile,3.0,5.0,0
1234,2024-07-14,75,32.0,Nữ,Hà Nội,Google Ads,Gia dụng,277000,3,0.052,831000,787757,155570,321047,COD,Mobile,2.0,4.0,0
1235,2024-07-14,2467,29.0,Nữ,Hải Phòng,Referral,Gia dụng,218000,2,0.06,436000,409900,137524,134852,Ví điện tử,Mobile,2.0,5.0,0
1236,2024-07-14,355,37.0,Nam,Hà Nội,Organic,Mỹ phẩm,172000,6,0.094,1032000,935381,69998,515393,Ví điện tử,Mobile,2.0,4.0,0
1237,2024-07-14,269,38.0,Nữ,TP.HCM,Facebook Ads,Điện tử,265000,4,0.107,1060000,946303,177411,236659,Thẻ tín dụng,Mobile,8.0,3.0,0
1238,2024-07-15,782,30.0,Nữ,TP.HCM,Facebook Ads,Gia dụng,322000,4,0.045,1288000,1229491,184668,490819,Ví điện tử,Mobile,1.0,3.0,1
1239,2024-07-15,3204,28.0,Nữ,Hà Nội,Email,Thời trang,173000,4,0.181,692000,566635,96583,180303,Ví điện tử,Desktop,2.0,4.0,0
1240,2024-07-15,2179,49.0,Nữ,TP.HCM,Facebook Ads,Điện tử,274000,4,0.117,1096000,967569,187074,219273,Ví điện tử,Mobile,2.0,5.0,0
1241,2024-07-15,721,22.0,Nữ,Đà Nẵng,Google Ads,Điện tử,515000,2,0.028,1030000,1000861,355329,290203,Thẻ tín dụng,Mobile,2.0,3.0,0
1242,2024-07-15,2615,31.0,Nam,TP.HCM,Google Ads,Thời trang,278000,3,0.081,834000,766286,148639,320369,Thẻ tín dụng,Desktop,10.0,3.0,0
1243,2024-07-15,348,23.0,Nam,TP.HCM,Facebook Ads,Sách,100000,4,0.127,400000,349212,61175,104512,COD,Desktop,0.0,4.0,1
1244,2024-07-15,1789,33.0,Nữ,Cần Thơ,Facebook Ads,Mỹ phẩm,120000,7,0.036,840000,809799,51623,448438,Thẻ tín dụng,Desktop,2.0,4.0,0
1245,2024-07-15,3091,18.0,Nữ,Hà Nội,Google Ads,Thời trang,261000,5,0.077,1305000,1204137,142729,490492,Thẻ tín dụng,Desktop,4.0,4.0,0
1246,2024-07-16,649,34.0,Nữ,TP.HCM,Google Ads,Gia dụng,413000,1,0.187,413000,335951,254552,81399,Thẻ tín dụng,Tablet,3.0,3.0,0
1247,2024-07-16,1400,29.0,Nam,Hà Nội,Facebook Ads,Điện tử,343000,1,0.151,343000,291352,247425,43927,Ví điện tử,Desktop,0.0,5.0,0
1248,2024-07-16,2787,28.0,Nữ,TP.HCM,Organic,Mỹ phẩm,185000,4,0.071,740000,687398,87623,336906,Ví điện tử,Mobile,7.0,3.0,0
1249,2024-07-16,1651,47.0,Nữ,Hà Nội,Organic,Gia dụng,341000,3,0.119,1023000,901496,203318,291542,Thẻ tín dụng,Desktop,5.0,,0
1250,2024-07-16,2296,26.0,Nữ,TP.HCM,Organic,Điện tử,455000,5,0.12,2275000,2002196,336498,319706,COD,Tablet,1.0,4.0,0
1251,2024-07-16,495,33.0,Nữ,Hà Nội,Referral,Thời trang,172000,2,0.037,344000,331192,84972,161248,Thẻ tín dụng,Desktop,3.0,4.0,0
1252,2024-07-16,1462,49.0,Nam,TP.HCM,Google Ads,Mỹ phẩm,215000,3,0.056,645000,608584,98749,312337,COD,Desktop,5.0,4.0,0
1253,2024-07-16,2243,56.0,Nam,TP.HCM,Organic,Điện tử,273000,2,0.172,546000,451849,205148,41553,COD,Desktop,3.0,5.0,0
1254,2024-07-16,912,37.0,Nữ,Đà Nẵng,Facebook Ads,Điện tử,244000,3,0.043,732000,700186,172374,183064,COD,Desktop,4.0,4.0,0
1255,2024-07-16,1018,34.0,Nữ,TP.HCM,Google Ads,Gia dụng,386000,2,0.034,772000,746002,244198,257606,COD,Mobile,1.0,3.0,1
1256,2024-07-17,2882,48.0,Nam,TP.HCM,Referral,Thời trang,174000,2,0.129,348000,303091,101581,99929,COD,Mobile,1.0,5.0,0
1257,2024-07-17,2224,46.0,Nam,Hà Nội,Referral,Thực phẩm,131000,5,0.09,655000,596115,86980,161215,Chuyển khoản,Desktop,2.0,5.0,1
1258,2024-07-17,1693,25.0,Nữ,Cần Thơ,Organic,Gia dụng,358000,2,0.106,716000,640033,222864,194305,Ví điện tử,Desktop,3.0,3.0,0
1259,2024-07-17,415,29.0,Nữ,Hải Phòng,Organic,Gia dụng,218000,2,0.185,436000,355124,124699,105726,COD,Mobile,1.0,,0
1260,2024-07-17,1685,29.0,Nữ,TP.HCM,Google Ads,Thời trang,171000,6,0.135,1026000,887427,92901,330021,Thẻ tín dụng,Mobile,1.0,4.0,0
1261,2024-07-17,2257,34.0,Nam,Hà Nội,Referral,Gia dụng,173000,2,0.137,346000,298439,101418,95603,COD,Mobile,1.0,5.0,0
1262,2024-07-17,1458,20.0,Nữ,TP.HCM,Organic,Thực phẩm,90000,4,0.154,360000,304736,67503,34724,Ví điện tử,Tablet,2.0,5.0,0
1263,2024-07-17,2153,35.0,Nam,TP.HCM,Facebook Ads,Gia dụng,261000,3,0.042,783000,750332,147509,307805,Thẻ tín dụng,Mobile,2.0,4.0,0
1264,2024-07-17,1816,41.0,Nam,TP.HCM,Organic,Gia dụng,259000,3,0.356,777000,500517,161800,15117,COD,Mobile,3.0,4.0,0
1265,2024-07-17,3158,26.0,Nữ,Hải Phòng,Facebook Ads,Thời trang,112000,4,0.206,448000,355653,59435,117913,COD,Mobile,2.0,4.0,0
1266,2024-07-17,127,37.0,Nam,Hải Phòng,Facebook Ads,Gia dụng,148000,2,0.055,296000,279690,88096,103498,Thẻ tín dụng,Desktop,2.0,3.0,0
1267,2024-07-17,2308,49.0,Nam,Hà Nội,Referral,Sách,92000,1,0.085,92000,84218,56691,27527,Ví điện tử,Mobile,6.0,3.0,0
1268,2024-07-17,3126,28.0,Nam,Đà Nẵng,Google Ads,Điện tử,238000,8,0.109,1904000,1695587,162055,399147,COD,Mobile,4.0,4.0,1
1269,2024-07-18,1754,30.0,Nữ,TP.HCM,Referral,Gia dụng,353000,5,0.147,1765000,1505822,203526,488192,Thẻ tín dụng,Mobile,4.0,5.0,0
1270,2024-07-18,2608,,Nữ,TP.HCM,Facebook Ads,Gia dụng,149000,2,0.074,298000,275898,93618,88662,COD,Mobile,2.0,4.0,0
1271,2024-07-18,1009,21.0,Nữ,Hà Nội,Organic,Điện tử,307000,6,0.09,1842000,1676309,230146,295433,COD,Mobile,0.0,4.0,0
1272,2024-07-18,421,26.0,Nam,Đà Nẵng,Google Ads,Thực phẩm,98000,7,0.102,686000,616070,72441,108983,Chuyển khoản,Mobile,3.0,5.0,0
1273,2024-07-18,2300,28.0,Nam,Hải Phòng,Google Ads,Gia dụng,239000,3,0.089,717000,653183,146311,214250,Ví điện tử,Mobile,2.0,4.0,0
1274,2024-07-18,1560,25.0,Nam,Hà Nội,Facebook Ads,Thời trang,98000,4,0.065,392000,366440,54145,149860,COD,Mobile,2.0,5.0,0
1275,2024-07-19,1413,18.0,Nữ,Hà Nội,Google Ads,Mỹ phẩm,239000,3,0.079,717000,660435,106745,340200,Ví điện tử,Mobile,3.0,4.0,0
1276,2024-07-19,952,21.0,Nữ,Hà Nội,Google Ads,Điện tử,222000,2,0.1,444000,399629,143693,112243,COD,Mobile,3.0,4.0,0
1277,2024-07-19,822,39.0,Nữ,TP.HCM,Google Ads,Thời trang,160000,3,0.107,480000,428415,82783,180066,COD,Desktop,2.0,4.0,0
1278,2024-07-19,1978,,Nam,TP.HCM,Google Ads,Thực phẩm,90000,8,0.09,720000,655111,64518,138967,Thẻ tín dụng,Desktop,3.0,4.0,0
1279,2024-07-19,2600,33.0,Nam,Hà Nội,Google Ads,Mỹ phẩm,203000,3,0.054,609000,576404,89697,307313,COD,Mobile,4.0,4.0,1
1280,2024-07-19,836,18.0,Nữ,Hà Nội,Facebook Ads,Sách,73000,5,0.09,365000,332288,48393,90323,COD,Desktop,9.0,1.0,0
1281,2024-07-20,1339,44.0,Nam,Hà Nội,Organic,Sách,115000,4,0.053,460000,435532,80616,113068,COD,Desktop,1.0,4.0,0
1282,2024-07-20,235,22.0,Nữ,Cần Thơ,Organic,Sách,93000,5,0.016,465000,457699,57631,169544,Thẻ tín dụng,Mobile,2.0,3.0,0
1283,2024-07-20,1185,25.0,Nam,Hà Nội,Organic,Thời trang,183000,6,0.206,1098000,872101,95667,298099,COD,Mobile,3.0,3.0,0
1284,2024-07-20,2429,25.0,Nữ,Hải Phòng,Google Ads,Sách,127000,5,0.082,635000,583107,77026,197977,Chuyển khoản,Desktop,6.0,4.0,0
1285,2024-07-21,930,44.0,Nữ,Hà Nội,Facebook Ads,Thời trang,188000,1,0.138,188000,162035,110073,51962,Ví điện tử,Mobile,1.0,4.0,0
1286,2024-07-21,12,30.0,Nữ,Đà Nẵng,Google Ads,Mỹ phẩm,195000,5,0.058,975000,918381,95209,442336,Thẻ tín dụng,Tablet,1.0,4.0,0
1287,2024-07-21,1774,18.0,Nữ,Hà Nội,Facebook Ads,Mỹ phẩm,173000,6,0.125,1038000,908413,75235,457003,Chuyển khoản,Desktop,3.0,5.0,0
1288,2024-07-21,2510,39.0,Nữ,Hà Nội,Facebook Ads,Điện tử,261000,5,0.031,1305000,1265065,186213,334000,Ví điện tử,Mobile,4.0,3.0,0
1289,2024-07-21,1267,21.0,Nam,TP.HCM,Referral,Mỹ phẩm,236000,3,0.106,708000,632978,106805,312563,COD,Mobile,7.0,3.0,0
1290,2024-07-21,3104,24.0,Nữ,Hà Nội,Referral,Điện tử,311000,3,0.079,933000,859484,226244,180752,COD,Mobile,6.0,4.0,0
1291,2024-07-21,3215,25.0,Nam,Cần Thơ,Organic,Thời trang,141000,4,0.157,564000,475300,75962,171452,COD,Mobile,2.0,4.0,0
1292,2024-07-21,2638,27.0,Nam,TP.HCM,Email,Gia dụng,247000,3,0.114,741000,656830,152498,199336,COD,Tablet,1.0,4.0,0
1293,2024-07-21,3264,18.0,Nữ,TP.HCM,Facebook Ads,Thời trang,122000,5,0.158,610000,513634,69704,165114,COD,Mobile,2.0,4.0,0
1294,2024-07-22,732,36.0,Nữ,Hải Phòng,Facebook Ads,Sách,84000,6,0.082,504000,462864,56193,125706,COD,Mobile,1.0,5.0,0
1295,2024-07-22,422,40.0,Nam,TP.HCM,Google Ads,Điện tử,580000,4,0.18,2320000,1903392,437852,151984,Ví điện tử,Desktop,1.0,4.0,0
1296,2024-07-22,1663,30.0,Nam,TP.HCM,Facebook Ads,Mỹ phẩm,111000,3,0.057,333000,314174,52191,157601,Ví điện tử,Mobile,,4.0,1
1297,2024-07-22,1097,45.0,Nữ,TP.HCM,Organic,Thời trang,117000,2,0.013,234000,231024,65931,99162,Thẻ tín dụng,Mobile,3.0,4.0,0
1298,2024-07-22,1514,29.0,Nữ,Cần Thơ,Organic,Thời trang,95000,3,0.191,285000,230702,50467,79301,Thẻ tín dụng,Mobile,1.0,4.0,0
1299,2024-07-22,2644,32.0,Nam,Đà Nẵng,Google Ads,Thời trang,166000,6,0.119,996000,877673,91314,329789,COD,Mobile,1.0,4.0,0
1300,2024-07-22,1696,33.0,Nữ,Hải Phòng,Facebook Ads,Gia dụng,307000,2,0.085,614000,561577,173627,214323,COD,Mobile,1.0,5.0,0
1301,2024-07-22,1405,37.0,Nam,Cần Thơ,Organic,Điện tử,342000,3,0.182,1026000,839271,245539,102654,Chuyển khoản,Tablet,1.0,5.0,0
1302,2024-07-23,126,37.0,Nữ,Hà Nội,Google Ads,Thời trang,159000,2,0.124,318000,278497,84854,108789,Ví điện tử,Mobile,1.0,3.0,0
1303,2024-07-23,1811,22.0,Nữ,Hải Phòng,Email,Mỹ phẩm,135000,5,0.015,675000,664894,60493,362429,Thẻ tín dụng,Desktop,12.0,2.0,0
1304,2024-07-23,2357,33.0,Nam,Đà Nẵng,Facebook Ads,Thực phẩm,113000,5,0.297,565000,396969,77639,8774,Thẻ tín dụng,Mobile,1.0,3.0,0
1305,2024-07-23,2184,47.0,Nam,Hà Nội,Google Ads,Thực phẩm,117000,2,0.096,234000,211549,75308,60933,COD,Mobile,5.0,4.0,0
1306,2024-07-23,683,42.0,Nam,TP.HCM,Facebook Ads,Mỹ phẩm,201000,4,0.023,804000,785466,98555,391246,COD,Desktop,0.0,5.0,0
1307,2024-07-24,2597,25.0,Nữ,TP.HCM,Google Ads,Gia dụng,145000,4,0.041,580000,556077,89850,196677,Ví điện tử,Mobile,1.0,5.0,0
1308,2024-07-24,271,43.0,Nữ,Đà Nẵng,Facebook Ads,Thực phẩm,141000,4,0.172,564000,466798,98644,72222,Ví điện tử,Mobile,2.0,4.0,0
1309,2024-07-24,2896,27.0,Nam,TP.HCM,Email,Gia dụng,129000,3,0.104,387000,346661,78442,111335,Chuyển khoản,Desktop,0.0,4.0,0
1310,2024-07-24,151,31.0,Nữ,Đà Nẵng,Referral,Mỹ phẩm,119000,7,0.061,833000,781792,55392,394048,Chuyển khoản,Mobile,2.0,5.0,0
1311,2024-07-24,2041,22.0,Nam,TP.HCM,Google Ads,Thời trang,143000,2,0.116,286000,252732,84438,83856,Ví điện tử,Desktop,2.0,4.0,0
1312,2024-07-24,2832,20.0,Nữ,Hải Phòng,Facebook Ads,Thời trang,160000,2,0.109,320000,285162,80806,123550,Thẻ tín dụng,Mobile,5.0,4.0,0
1313,2024-07-24,1360,26.0,Nam,Hải Phòng,Organic,Gia dụng,302000,2,0.096,604000,546224,178893,188438,Thẻ tín dụng,Mobile,4.0,3.0,0
1314,2024-07-25,1459,38.0,Nữ,TP.HCM,Google Ads,Sách,95000,4,0.146,380000,324694,57745,93714,Ví điện tử,Mobile,4.0,4.0,0
1315,2024-07-25,766,26.0,Nữ,Hà Nội,Referral,Sách,80000,1,0.03,80000,77607,48162,29445,Chuyển khoản,Desktop,4.0,3.0,0
1316,2024-07-25,524,39.0,Nam,Đà Nẵng,Google Ads,Mỹ phẩm,242000,4,0.008,968000,960050,106193,535278,Thẻ tín dụng,Desktop,0.0,5.0,0
1317,2024-07-25,2361,42.0,Nam,Hà Nội,Organic,Gia dụng,288000,2,0.062,576000,540190,175596,188998,Thẻ tín dụng,Mobile,4.0,3.0,0
1318,2024-07-26,816,42.0,Nữ,Cần Thơ,Facebook Ads,Mỹ phẩm,207000,2,0.041,414000,397089,89636,217817,Chuyển khoản,Tablet,1.0,5.0,0
1319,2024-07-26,598,35.0,Nữ,Đà Nẵng,Google Ads,Điện tử,437000,3,0.195,1311000,1055204,331149,61757,COD,Mobile,1.0,4.0,0
1320,2024-07-26,1261,30.0,Nữ,Hà Nội,Organic,Gia dụng,308000,5,0.13,1540000,1339990,165732,511330,Chuyển khoản,Desktop,7.0,4.0,0
1321,2024-07-26,3136,31.0,Nữ,Cần Thơ,Google Ads,Điện tử,482000,5,0.138,2410000,2078510,377577,190625,COD,Mobile,1.0,4.0,0
1322,2024-07-27,3098,33.0,Nam,TP.HCM,Facebook Ads,Điện tử,413000,4,0.078,1652000,1523219,288082,370891,COD,Tablet,1.0,4.0,0
1323,2024-07-27,1964,47.0,Nữ,Hải Phòng,Facebook Ads,Gia dụng,330000,3,0.055,990000,935414,198741,339191,COD,Mobile,4.0,5.0,0
1324,2024-07-27,169,20.0,Nữ,Hà Nội,Organic,Thời trang,97000,3,0.236,291000,222384,51855,66819,Ví điện tử,Desktop,1.0,4.0,0
1325,2024-07-27,1586,34.0,Nam,Hà Nội,Facebook Ads,Thời trang,148000,4,0.072,592000,549294,74709,250458,COD,Tablet,2.0,4.0,1
1326,2024-07-27,2450,29.0,Nam,Hải Phòng,Referral,Thời trang,86000,4,0.047,344000,327933,47447,138145,Thẻ tín dụng,Mobile,2.0,5.0,0
1327,2024-07-27,191,34.0,Nam,Hà Nội,Google Ads,Mỹ phẩm,191000,3,0.157,573000,483133,84980,228193,Thẻ tín dụng,Mobile,2.0,4.0,0
1328,2024-07-27,1214,39.0,Nữ,Hà Nội,Email,Mỹ phẩm,178000,6,0.155,1068000,902513,82483,407615,Ví điện tử,Tablet,1.0,5.0,0
1329,2024-07-27,2971,25.0,Nữ,TP.HCM,Facebook Ads,Điện tử,568000,4,0.279,2272000,1637842,387010,89802,Chuyển khoản,Mobile,7.0,3.0,0
1330,2024-07-27,2726,24.0,Nam,Cần Thơ,Facebook Ads,Điện tử,353000,5,0.033,1765000,1706548,246869,472203,COD,Mobile,4.0,5.0,0
1331,2024-07-27,2386,32.0,Nam,TP.HCM,Facebook Ads,Điện tử,386000,2,0.145,772000,659869,285809,88251,COD,Mobile,4.0,3.0,0
1332,2024-07-27,130,37.0,Nam,Hà Nội,Organic,Thời trang,93000,2,0.043,186000,178006,50575,76856,COD,Mobile,2.0,5.0,0
1333,2024-07-28,3211,33.0,Nữ,Hà Nội,Organic,Thời trang,122000,4,0.126,488000,426311,65289,165155,Thẻ tín dụng,Mobile,1.0,5.0,0
1334,2024-07-28,653,20.0,Nữ,Hà Nội,Referral,Điện tử,295000,3,0.091,885000,804487,192098,228193,Ví điện tử,Mobile,0.0,4.0,0
1335,2024-07-28,2141,39.0,Nữ,Hải Phòng,Facebook Ads,Sách,102000,7,0.063,714000,669242,72546,161420,COD,Mobile,1.0,4.0,0
1336,2024-07-28,1171,30.0,Nữ,TP.HCM,Organic,Thời trang,205000,3,0.112,615000,546274,119405,188059,Ví điện tử,Mobile,6.0,3.0,0
1337,2024-07-28,220,46.0,Nữ,TP.HCM,Organic,Thời trang,241000,3,0.059,723000,680328,145156,244860,Thẻ tín dụng,Mobile,2.0,4.0,0
1338,2024-07-28,2348,51.0,Nữ,Cần Thơ,Facebook Ads,Mỹ phẩm,212000,2,0.12,424000,373110,88086,196938,Ví điện tử,Mobile,4.0,4.0,0
1339,2024-07-28,440,36.0,Nữ,Hải Phòng,Organic,Gia dụng,226000,6,0.127,1356000,1184433,138742,351981,COD,Tablet,0.0,5.0,0
1340,2024-07-28,2748,25.0,Nữ,TP.HCM,Email,Điện tử,455000,5,0.071,2275000,2113559,335673,435194,COD,Mobile,3.0,4.0,0
1341,2024-07-28,1181,42.0,Nữ,Hải Phòng,Referral,Gia dụng,278000,3,0.156,834000,703823,172460,186443,COD,Desktop,6.0,4.0,0
1342,2024-07-28,295,35.0,Nữ,Đà Nẵng,Google Ads,Điện tử,260000,4,0.159,1040000,875033,193574,100737,COD,Desktop,4.0,3.0,0
1343,2024-07-28,1116,31.0,Nữ,Hà Nội,Facebook Ads,Gia dụng,325000,1,0.154,325000,274879,195937,78942,COD,Mobile,2.0,5.0,0
1344,2024-07-28,154,24.0,Nữ,TP.HCM,Organic,Điện tử,537000,5,0.032,2685000,2599197,404392,577237,Ví điện tử,Mobile,6.0,4.0,0
1345,2024-07-29,2333,25.0,Nam,TP.HCM,Referral,Thời trang,113000,3,0.008,339000,336269,68467,130868,Thẻ tín dụng,Desktop,7.0,4.0,0
1346,2024-07-29,1532,39.0,Nữ,Hải Phòng,Facebook Ads,Mỹ phẩm,197000,4,0.031,788000,763609,88191,410845,Thẻ tín dụng,Tablet,2.0,4.0,0
1347,2024-07-29,3034,29.0,Nam,TP.HCM,Email,Gia dụng,462000,5,0.058,2310000,2175829,277987,785894,Thẻ tín dụng,Desktop,1.0,,0
1348,2024-07-29,2113,32.0,Nam,Hà Nội,Google Ads,Thời trang,110000,4,0.168,440000,366053,56441,140289,Ví điện tử,Tablet,3.0,5.0,0
1349,2024-07-29,75,32.0,Nữ,TP.HCM,Organic,Mỹ phẩm,217000,9,0.15,1953000,1660901,87549,872960,Thẻ tín dụng,Mobile,1.0,5.0,0
1350,2024-07-30,1733,22.0,Nữ,TP.HCM,Referral,Gia dụng,203000,3,0.077,609000,561868,119288,204004,COD,Mobile,,,0
1351,2024-07-30,2586,26.0,Nam,Cần Thơ,Google Ads,Điện tử,449000,3,0.033,1347000,1302460,310431,371167,Ví điện tử,Mobile,2.0,5.0,0
1352,2024-07-30,2995,35.0,Nam,TP.HCM,Facebook Ads,Gia dụng,289000,6,0.063,1734000,1625498,164567,638096,COD,Mobile,1.0,5.0,0
1353,2024-07-30,772,43.0,Nam,Hà Nội,Facebook Ads,Thời trang,143000,7,0.056,1001000,945068,70726,449986,Chuyển khoản,Desktop,4.0,3.0,0
1354,2024-07-30,1085,18.0,Nam,Hà Nội,Google Ads,Mỹ phẩm,241000,2,0.131,482000,419065,107981,203103,Thẻ tín dụng,Mobile,4.0,5.0,0
1355,2024-07-30,142,23.0,Nữ,Đà Nẵng,Google Ads,Thời trang,134000,1,0.117,134000,118281,72555,45726,Thẻ tín dụng,Mobile,3.0,4.0,0
1356,2024-07-31,1137,44.0,Nữ,Hải Phòng,Referral,Gia dụng,184000,7,0.047,1288000,1227903,109176,463671,Ví điện tử,Mobile,2.0,4.0,0
1357,2024-07-31,2224,46.0,Nam,Hà Nội,Organic,Thời trang,118000,4,0.115,472000,417837,68836,142493,COD,Desktop,2.0,,0
1358,2024-07-31,718,32.0,Nữ,Đà Nẵng,Referral,Điện tử,262000,5,0.21,1310000,1035024,203781,16119,Thẻ tín dụng,Mobile,5.0,4.0,0
1359,2024-07-31,1964,47.0,Nữ,TP.HCM,Organic,Điện tử,152000,2,0.1,304000,273685,118977,35731,COD,Mobile,2.0,4.0,0
1360,2024-07-31,2654,21.0,Nữ,Hà Nội,Organic,Thời trang,112000,2,0.077,224000,206809,67816,71177,Chuyển khoản,Desktop,2.0,4.0,0
1361,2024-07-31,1101,35.0,Nữ,Cần Thơ,Google Ads,Thời trang,178000,6,0.015,1068000,1051534,92482,496642,COD,Mobile,4.0,4.0,0
1362,2024-07-31,1454,43.0,Nam,Hải Phòng,Facebook Ads,Thời trang,103000,6,0.09,618000,562609,52281,248923,Chuyển khoản,Desktop,4.0,4.0,0
1363,2024-07-31,180,35.0,Nữ,Đà Nẵng,Organic,Mỹ phẩm,136000,5,0.062,680000,637767,61543,330052,Chuyển khoản,Desktop,2.0,5.0,0
1364,2024-08-01,3224,22.0,Nữ,Hà Nội,Facebook Ads,Điện tử,273000,5,0.125,1365000,1194327,204900,169827,Thẻ tín dụng,Desktop,1.0,4.0,0
1365,2024-08-01,978,36.0,Nữ,TP.HCM,Facebook Ads,Điện tử,242000,3,0.151,726000,616654,175365,90559,COD,Mobile,1.0,4.0,0
1366,2024-08-01,1415,25.0,Nữ,Hà Nội,Organic,Thời trang,88000,2,0.097,176000,158867,50630,57607,Ví điện tử,Mobile,6.0,3.0,0
1367,2024-08-01,1330,23.0,Nữ,Đà Nẵng,Organic,Gia dụng,233000,1,0.026,233000,226872,137372,89500,Thẻ tín dụng,Mobile,,4.0,0
1368,2024-08-01,2589,45.0,Nam,TP.HCM,Referral,Điện tử,276000,1,0.164,276000,230718,189308,41410,COD,Desktop,1.0,5.0,0
1369,2024-08-02,2357,33.0,Nam,TP.HCM,Organic,Thời trang,207000,3,0.147,621000,529597,108149,205150,Thẻ tín dụng,Mobile,2.0,5.0,0
1370,2024-08-02,2137,28.0,Nam,Đà Nẵng,Referral,Gia dụng,332000,2,0.062,664000,622933,199168,224597,Thẻ tín dụng,Mobile,3.0,5.0,0
1371,2024-08-02,1024,37.0,Nam,Hà Nội,Google Ads,Thời trang,95000,3,0.063,285000,267118,53070,107908,Ví điện tử,Mobile,3.0,5.0,0
1372,2024-08-02,1524,23.0,Nữ,TP.HCM,Organic,Thời trang,142000,2,0.134,284000,245920,85264,75392,Thẻ tín dụng,Tablet,3.0,5.0,0
1373,2024-08-02,1349,34.0,Nữ,Hà Nội,Facebook Ads,Thời trang,166000,2,0.068,332000,309435,89267,130901,Chuyển khoản,Mobile,3.0,4.0,0
1374,2024-08-02,2538,33.0,Nữ,Hải Phòng,Facebook Ads,Sách,75000,3,0.036,225000,216965,50024,66893,COD,Tablet,2.0,3.0,0
1375,2024-08-02,586,26.0,Nam,Hải Phòng,Organic,Thời trang,97000,5,0.031,485000,469770,53371,202915,Thẻ tín dụng,Tablet,4.0,4.0,0
1376,2024-08-02,1232,32.0,Nữ,TP.HCM,Google Ads,Gia dụng,210000,4,0.061,840000,789037,111403,343425,Thẻ tín dụng,Mobile,,3.0,0
1377,2024-08-03,684,26.0,Nam,TP.HCM,Organic,Thời trang,196000,2,0.035,392000,378133,113159,151815,Thẻ tín dụng,Mobile,4.0,4.0,0
1378,2024-08-03,357,24.0,Nữ,Đà Nẵng,Organic,Mỹ phẩm,167000,4,0.118,668000,589163,75354,287747,Ví điện tử,Mobile,3.0,4.0,0
1379,2024-08-03,457,31.0,Nam,Hải Phòng,Facebook Ads,Điện tử,305000,3,0.132,915000,794342,228874,107720,COD,Mobile,1.0,4.0,0
1380,2024-08-03,3132,34.0,Nam,TP.HCM,Referral,Mỹ phẩm,153000,3,0.096,459000,414991,66027,216910,COD,Tablet,0.0,5.0,0
1381,2024-08-03,3018,38.0,Nữ,Đà Nẵng,Facebook Ads,Thời trang,149000,3,0.095,447000,404624,83528,154040,COD,Mobile,6.0,4.0,0
1382,2024-08-03,877,41.0,Nữ,Cần Thơ,Google Ads,Điện tử,423000,6,0.071,2538000,2356640,311473,487802,Thẻ tín dụng,Mobile,1.0,4.0,0
1383,2024-08-03,2431,43.0,Nam,Hà Nội,Organic,Thời trang,169000,8,0.05,1352000,1283964,100628,478940,COD,Mobile,3.0,5.0,0
1384,2024-08-03,480,31.0,Nữ,Đà Nẵng,Google Ads,Thời trang,208000,7,0.124,1456000,1274941,110609,500678,Thẻ tín dụng,Mobile,6.0,,0
1385,2024-08-04,2398,25.0,Nữ,Cần Thơ,Referral,Điện tử,180000,6,0.223,1080000,839182,125362,87010,Ví điện tử,Mobile,2.0,4.0,0
1386,2024-08-04,306,30.0,Nữ,TP.HCM,Organic,Thời trang,187000,3,0.11,561000,499567,88657,233596,Thẻ tín dụng,Mobile,4.0,4.0,0
1387,2024-08-04,3245,46.0,Nữ,Hà Nội,Facebook Ads,Mỹ phẩm,218000,5,0.14,1090000,937878,98391,445923,COD,Mobile,2.0,4.0,0
1388,2024-08-04,2374,18.0,Nam,TP.HCM,Google Ads,Gia dụng,242000,7,0.187,1694000,1377070,156281,283103,Thẻ tín dụng,Desktop,4.0,3.0,0
1389,2024-08-04,2177,23.0,Nữ,TP.HCM,Facebook Ads,Gia dụng,473000,3,0.12,1419000,1249127,324915,274382,Thẻ tín dụng,Mobile,1.0,4.0,0
1390,2024-08-04,2575,30.0,Nam,Hà Nội,Google Ads,Thời trang,174000,2,0.159,348000,292758,99599,93560,Thẻ tín dụng,Tablet,1.0,4.0,0
1391,2024-08-04,2558,37.0,Nữ,TP.HCM,Facebook Ads,Thời trang,152000,4,0.165,608000,507399,81704,180583,COD,Desktop,1.0,,0
1392,2024-08-05,736,31.0,Nam,Hà Nội,Referral,Sách,101000,2,0.166,202000,168443,69718,29007,Ví điện tử,Mobile,6.0,4.0,0
1393,2024-08-05,3006,43.0,Nam,Hà Nội,Email,Thời trang,180000,5,0.149,900000,765489,94267,294154,Chuyển khoản,Desktop,4.0,5.0,0
1394,2024-08-05,2613,29.0,Nữ,Hải Phòng,Email,Thời trang,172000,5,0.091,860000,781487,95780,302587,COD,Desktop,2.0,4.0,0
1395,2024-08-05,474,53.0,Nữ,Đà Nẵng,Google Ads,Thời trang,121000,2,0.046,242000,230804,61248,108308,Ví điện tử,Mobile,5.0,4.0,0
1396,2024-08-05,1393,35.0,Nam,TP.HCM,Email,Thời trang,140000,6,0.139,840000,723515,71541,294269,COD,Mobile,2.0,4.0,0
1397,2024-08-05,1127,34.0,Nữ,Cần Thơ,Organic,Thực phẩm,117000,3,0.026,351000,341920,85840,84400,Thẻ tín dụng,Desktop,2.0,4.0,0
1398,2024-08-05,175,41.0,Nam,Hải Phòng,Facebook Ads,Sách,87000,3,0.091,261000,237176,57829,63689,Thẻ tín dụng,Mobile,2.0,4.0,1
1399,2024-08-05,1407,27.0,Nữ,TP.HCM,Facebook Ads,Gia dụng,212000,4,0.031,848000,822083,131074,297787,Ví điện tử,Desktop,2.0,3.0,0
1400,2024-08-05,467,39.0,Nữ,Hải Phòng,Facebook Ads,Điện tử,277000,4,0.101,1108000,996158,195825,212858,Thẻ tín dụng,Mobile,3.0,4.0,0
1401,2024-08-06,2113,32.0,Nam,Hải Phòng,Facebook Ads,Điện tử,317000,2,0.15,634000,539129,225841,87447,COD,Desktop,2.0,4.0,0
1402,2024-08-06,2349,36.0,Nam,Hà Nội,Referral,Mỹ phẩm,341000,3,0.087,1023000,933949,152667,475948,Chuyển khoản,Mobile,4.0,4.0,0
1403,2024-08-06,650,31.0,Nữ,Đà Nẵng,Organic,Thời trang,251000,3,0.071,753000,699867,141305,275952,Chuyển khoản,Desktop,2.0,4.0,0
1404,2024-08-06,2603,24.0,Nam,Đà Nẵng,Google Ads,Mỹ phẩm,270000,3,0.092,810000,735458,116700,385358,Ví điện tử,Mobile,0.0,5.0,0
1405,2024-08-06,2819,38.0,Nữ,Đà Nẵng,Google Ads,Sách,98000,4,0.169,392000,325897,63944,70121,Thẻ tín dụng,Mobile,3.0,3.0,0
1406,2024-08-06,2323,24.0,Nam,TP.HCM,Facebook Ads,Điện tử,250000,3,0.091,750000,682092,186452,122736,Chuyển khoản,Mobile,3.0,3.0,0
1407,2024-08-07,2927,49.0,Nữ,Hải Phòng,Organic,Điện tử,305000,2,0.183,610000,498221,205282,87657,Thẻ tín dụng,Mobile,2.0,4.0,0
1408,2024-08-07,2628,33.0,Nam,TP.HCM,Google Ads,Điện tử,279000,3,0.088,837000,763200,187027,202119,Ví điện tử,Desktop,6.0,4.0,0
1409,2024-08-07,1196,39.0,Nam,Hà Nội,Google Ads,Gia dụng,191000,2,0.137,382000,329734,107499,114736,COD,Desktop,1.0,5.0,1
1410,2024-08-07,864,52.0,Nữ,Cần Thơ,Google Ads,Thời trang,120000,1,0.172,120000,99397,65369,34028,Ví điện tử,Mobile,7.0,3.0,0
1411,2024-08-07,1281,33.0,Nam,TP.HCM,Organic,Mỹ phẩm,171000,5,0.059,855000,804613,73912,435053,COD,Tablet,3.0,3.0,0
1412,2024-08-07,3214,34.0,Nữ,TP.HCM,Email,Thời trang,116000,5,0.088,580000,528921,68537,186236,Ví điện tử,Desktop,2.0,4.0,0
1413,2024-08-07,3212,21.0,Nữ,Cần Thơ,Facebook Ads,Mỹ phẩm,172000,4,0.087,688000,627878,80238,306926,Thẻ tín dụng,Desktop,2.0,4.0,0
1414,2024-08-07,2552,20.0,Nữ,TP.HCM,Email,Thời trang,121000,2,0.094,242000,219365,69475,80415,Ví điện tử,Mobile,4.0,4.0,0
1415,2024-08-07,2890,34.0,Nữ,Đà Nẵng,Facebook Ads,Gia dụng,236000,4,0.093,944000,855793,150300,254593,Thẻ tín dụng,Tablet,3.0,3.0,0
1416,2024-08-07,1506,29.0,Nữ,Hà Nội,Organic,Điện tử,366000,1,0.076,366000,338131,259506,78625,Thẻ tín dụng,Desktop,2.0,4.0,0
1417,2024-08-07,1843,60.0,Nam,Hà Nội,Facebook Ads,Gia dụng,220000,3,0.289,660000,469243,134534,65641,Ví điện tử,Desktop,0.0,5.0,0
1418,2024-08-08,1621,33.0,Nữ,TP.HCM,Google Ads,Thời trang,179000,6,0.235,1074000,821219,102565,205829,COD,Mobile,1.0,5.0,0
1419,2024-08-08,2788,32.0,Nam,TP.HCM,Organic,Gia dụng,369000,4,0.067,1476000,1377674,226332,472346,Chuyển khoản,Desktop,1.0,4.0,0
1420,2024-08-09,572,59.0,Nữ,TP.HCM,Facebook Ads,Gia dụng,191000,3,0.053,573000,542370,111558,207696,COD,Desktop,4.0,3.0,1
1421,2024-08-09,1899,27.0,Nam,TP.HCM,Google Ads,Gia dụng,183000,9,0.23,1647000,1268587,106868,306775,Thẻ tín dụng,Tablet,5.0,3.0,0
1422,2024-08-09,737,27.0,Nữ,Đà Nẵng,Google Ads,Sách,70000,1,0.036,70000,67487,42543,24944,Chuyển khoản,Mobile,2.0,4.0,0
1423,2024-08-09,2873,,Nam,TP.HCM,Referral,Gia dụng,249000,3,0.116,747000,659976,144559,226299,Ví điện tử,Mobile,1.0,5.0,0
1424,2024-08-09,2248,31.0,Nữ,TP.HCM,Organic,Thời trang,189000,6,0.172,1134000,939249,102673,323211,Thẻ tín dụng,Desktop,7.0,3.0,0
1425,2024-08-10,3125,33.0,Nữ,Hà Nội,Referral,Gia dụng,105000,1,0.062,105000,98492,58041,40451,Thẻ tín dụng,Mobile,0.0,4.0,0
1426,2024-08-10,1528,38.0,Nữ,TP.HCM,Google Ads,Mỹ phẩm,283000,5,0.093,1415000,1282997,121304,676477,COD,Mobile,0.0,5.0,0
1427,2024-08-11,2309,46.0,Nam,Hà Nội,Organic,Mỹ phẩm,153000,2,0.189,306000,248201,67779,112643,Chuyển khoản,Mobile,4.0,5.0,0
1428,2024-08-11,1575,47.0,Nam,Hải Phòng,Google Ads,Gia dụng,354000,4,0.179,1416000,1162191,196527,376083,Ví điện tử,Desktop,2.0,5.0,0
1429,2024-08-11,1301,31.0,Nữ,Hà Nội,Facebook Ads,Điện tử,203000,3,0.219,609000,475524,144182,42978,COD,Desktop,2.0,4.0,0
1430,2024-08-11,1651,47.0,Nữ,Hà Nội,Referral,Mỹ phẩm,149000,7,0.033,1043000,1009019,69116,525207,Ví điện tử,Tablet,0.0,5.0,0
1431,2024-08-11,2167,32.0,Nữ,Hà Nội,Facebook Ads,Thời trang,112000,2,0.054,224000,211930,61459,89012,Thẻ tín dụng,Tablet,3.0,4.0,0
1432,2024-08-11,1810,42.0,Nam,Hà Nội,Google Ads,Điện tử,354000,2,0.035,708000,682966,260277,162412,Ví điện tử,Mobile,1.0,4.0,0
1433,2024-08-12,3062,24.0,Nam,Hà Nội,Facebook Ads,Điện tử,272000,4,0.043,1088000,1041119,221362,155671,COD,Mobile,4.0,3.0,0
1434,2024-08-12,3116,29.0,Nam,TP.HCM,Referral,Thời trang,103000,7,0.038,721000,693817,52969,323034,Ví điện tử,Mobile,,4.0,0
1435,2024-08-12,3011,22.0,Nữ,TP.HCM,Organic,Điện tử,190000,3,0.041,570000,546729,130392,155553,Chuyển khoản,Mobile,0.0,5.0,0
1436,2024-08-12,2278,51.0,Nữ,Hà Nội,Facebook Ads,Mỹ phẩm,196000,1,0.113,196000,173794,82182,91612,COD,Mobile,8.0,2.0,1
1437,2024-08-12,1250,43.0,Nữ,TP.HCM,Organic,Mỹ phẩm,200000,6,0.121,1200000,1054303,86459,535549,Ví điện tử,Mobile,1.0,5.0,0
1438,2024-08-13,1190,20.0,Nam,Hà Nội,Google Ads,Mỹ phẩm,173000,4,0.142,692000,593953,73753,298941,COD,Desktop,5.0,3.0,0
1439,2024-08-13,976,29.0,Nữ,Cần Thơ,Organic,Gia dụng,290000,4,0.107,1160000,1035593,174618,337121,Thẻ tín dụng,Desktop,6.0,4.0,0
1440,2024-08-13,2617,22.0,Nam,Đà Nẵng,Facebook Ads,Thực phẩm,125000,5,0.227,625000,483316,92394,21346,Ví điện tử,Mobile,3.0,4.0,0
1441,2024-08-13,1927,36.0,Nữ,TP.HCM,Google Ads,Gia dụng,279000,4,0.096,1116000,1008731,174046,312547,Ví điện tử,Desktop,2.0,4.0,0
1442,2024-08-13,1878,49.0,Nữ,Đà Nẵng,Facebook Ads,Sách,70000,8,0.087,560000,511130,42396,171962,Chuyển khoản,Desktop,5.0,4.0,0
1443,2024-08-13,3191,46.0,Nữ,Hải Phòng,Facebook Ads,Thời trang,133000,5,0.075,665000,615150,75866,235820,COD,Desktop,3.0,4.0,0
1444,2024-08-13,2950,46.0,Nữ,Cần Thơ,Email,Sách,77000,2,0.231,154000,118478,54168,10142,Ví điện tử,Mobile,3.0,5.0,0
1445,2024-08-13,1127,34.0,Nữ,Cần Thơ,Facebook Ads,Điện tử,310000,3,0.128,930000,811414,218812,154978,COD,Desktop,0.0,4.0,0
1446,2024-08-14,256,40.0,Nam,TP.HCM,Organic,Điện tử,193000,4,0.039,772000,741552,138309,188316,Ví điện tử,Desktop,2.0,5.0,0
1447,2024-08-14,2773,21.0,Nam,TP.HCM,Email,Thời trang,232000,5,0.184,1160000,946475,120231,345320,Thẻ tín dụng,Mobile,2.0,3.0,0
1448,2024-08-14,2960,32.0,Nữ,Hà Nội,Referral,Thời trang,126000,4,0.008,504000,499999,72248,211007,COD,Tablet,0.0,,0
1449,2024-08-14,1483,42.0,Nữ,Đà Nẵng,Facebook Ads,Thời trang,137000,5,0.038,685000,658763,77433,271598,COD,Mobile,3.0,5.0,0
1450,2024-08-14,183,21.0,Nam,TP.HCM,Google Ads,Điện tử,255000,6,0.209,1530000,1210159,178492,139207,COD,Mobile,1.0,5.0,0
1451,2024-08-14,2853,18.0,Nữ,Hải Phòng,Referral,Mỹ phẩm,260000,2,0.036,520000,501530,107147,287236,Thẻ tín dụng,Mobile,1.0,4.0,0
1452,2024-08-14,3202,39.0,Nữ,TP.HCM,Organic,Mỹ phẩm,172000,2,0.053,344000,325860,76511,172838,Thẻ tín dụng,Mobile,4.0,4.0,0
1453,2024-08-14,1368,31.0,Nữ,Hà Nội,Organic,Thực phẩm,121000,7,0.053,847000,801772,87232,191148,Chuyển khoản,Mobile,11.0,3.0,0
1454,2024-08-14,395,24.0,Nữ,Cần Thơ,Email,Gia dụng,85000,5,0.137,425000,366630,50615,113555,Ví điện tử,Mobile,4.0,3.0,0
1455,2024-08-14,380,22.0,Nữ,Đà Nẵng,Referral,Thực phẩm,107000,4,0.107,428000,382078,76526,75974,Thẻ tín dụng,Desktop,0.0,4.0,0
1456,2024-08-14,1897,28.0,Nam,Hải Phòng,Referral,Điện tử,287000,4,0.051,1148000,1089635,200880,286115,COD,Desktop,5.0,2.0,0
1457,2024-08-15,2794,39.0,Nam,Đà Nẵng,Facebook Ads,Sách,110000,3,0.039,330000,317103,77595,84318,Thẻ tín dụng,Tablet,1.0,4.0,0
1458,2024-08-15,1738,33.0,Nữ,Hà Nội,Google Ads,Sách,82000,6,0.113,492000,436277,50037,136055,Chuyển khoản,Mobile,9.0,4.0,0
1459,2024-08-15,1631,26.0,Nam,Đà Nẵng,Organic,Thời trang,181000,5,0.011,905000,895109,94924,420489,COD,Mobile,6.0,3.0,0
1460,2024-08-15,2486,47.0,Nữ,TP.HCM,Organic,Thời trang,177000,3,0.109,531000,472871,90762,200585,Thẻ tín dụng,Mobile,1.0,5.0,0
1461,2024-08-15,2460,29.0,Nữ,Hà Nội,Email,Thực phẩm,109000,8,0.076,872000,806108,73841,215380,Chuyển khoản,Mobile,1.0,4.0,0
1462,2024-08-15,766,26.0,Nữ,Đà Nẵng,Google Ads,Gia dụng,280000,3,0.012,840000,829996,166113,331657,Ví điện tử,Mobile,2.0,3.0,0
1463,2024-08-15,2300,28.0,Nam,Hà Nội,Referral,Thời trang,109000,5,0.115,545000,482262,60694,178792,COD,Mobile,7.0,3.0,1
1464,2024-08-16,963,38.0,Nữ,TP.HCM,Facebook Ads,Điện tử,306000,4,0.083,1224000,1122822,212302,273614,COD,Mobile,4.0,,0
1465,2024-08-16,634,21.0,Nữ,TP.HCM,Referral,Sách,83000,4,0.118,332000,292834,53917,77166,Ví điện tử,Mobile,1.0,5.0,0
1466,2024-08-16,2130,39.0,Nam,TP.HCM,Google Ads,Thực phẩm,131000,3,0.128,393000,342749,94440,59429,Chuyển khoản,Mobile,3.0,4.0,0
1467,2024-08-16,790,23.0,Nữ,Cần Thơ,Organic,Gia dụng,225000,4,0.073,900000,833989,130702,311181,Ví điện tử,Desktop,2.0,3.0,0
1468,2024-08-16,2084,18.0,Nữ,Hà Nội,Facebook Ads,Thời trang,76000,1,0.043,76000,72714,38628,34086,COD,Mobile,6.0,4.0,0
1469,2024-08-16,2206,47.0,Nữ,Đà Nẵng,Email,Điện tử,336000,5,0.156,1680000,1418170,236815,234095,COD,Tablet,3.0,3.0,0
1470,2024-08-16,1691,35.0,Nam,TP.HCM,Referral,Thời trang,181000,4,0.01,724000,716731,92158,348099,Thẻ tín dụng,Desktop,4.0,4.0,0
1471,2024-08-16,2386,32.0,Nam,Hà Nội,Referral,Điện tử,142000,3,0.157,426000,359197,106372,40081,COD,Mobile,2.0,5.0,0
1472,2024-08-17,1133,37.0,Nam,Hà Nội,Facebook Ads,Gia dụng,339000,3,0.094,1017000,921776,210149,291329,COD,Mobile,1.0,5.0,0
1473,2024-08-17,234,42.0,Nam,Cần Thơ,Facebook Ads,Thời trang,234000,1,0.067,234000,218304,123272,95032,Thẻ tín dụng,Mobile,7.0,,0
1474,2024-08-17,2382,35.0,Nữ,Hà Nội,Google Ads,Điện tử,218000,3,0.015,654000,644449,152069,188242,Ví điện tử,Tablet,2.0,4.0,0
1475,2024-08-18,3010,32.0,Nữ,TP.HCM,Organic,Thời trang,156000,4,0.152,624000,529289,91624,162793,COD,Mobile,3.0,4.0,0
1476,2024-08-18,1028,30.0,Nam,Hà Nội,Facebook Ads,Điện tử,354000,4,0.266,1416000,1039779,260724,-3117,Thẻ tín dụng,Mobile,1.0,4.0,0
1477,2024-08-18,1519,36.0,Nữ,TP.HCM,Google Ads,Điện tử,111000,5,0.147,555000,473204,80734,69534,Thẻ tín dụng,Desktop,1.0,4.0,0
1478,2024-08-18,3162,36.0,Nữ,Đà Nẵng,Referral,Gia dụng,186000,5,0.096,930000,840727,107888,301287,Ví điện tử,Mobile,2.0,4.0,1
1479,2024-08-18,1569,47.0,Nam,Hà Nội,Email,Thời trang,149000,5,0.034,745000,719799,80555,317024,Chuyển khoản,Mobile,2.0,,0
1480,2024-08-18,2516,29.0,Nam,TP.HCM,Organic,Mỹ phẩm,121000,2,0.061,242000,227134,54418,118298,COD,Mobile,4.0,4.0,0
1481,2024-08-18,1342,39.0,Nữ,Đà Nẵng,Facebook Ads,Gia dụng,292000,1,0.103,292000,261830,169633,92197,Ví điện tử,Mobile,1.0,5.0,0
1482,2024-08-18,1151,25.0,Nam,TP.HCM,Email,Thực phẩm,134000,3,0.179,402000,329886,89670,60876,Ví điện tử,Mobile,2.0,,0
1483,2024-08-18,957,25.0,Nữ,TP.HCM,Facebook Ads,Thời trang,122000,5,0.029,610000,592086,65813,263021,COD,Desktop,1.0,4.0,0
1484,2024-08-18,2963,24.0,Nữ,Hà Nội,Facebook Ads,Thời trang,204000,4,0.103,816000,731970,111462,286122,Thẻ tín dụng,Desktop,7.0,3.0,0
1485,2024-08-18,334,23.0,Nữ,Đà Nẵng,Organic,Thời trang,124000,4,0.164,496000,414683,69385,137143,COD,Mobile,2.0,4.0,0
1486,2024-08-18,3009,36.0,Nam,Cần Thơ,Facebook Ads,Gia dụng,307000,3,0.094,921000,834446,187317,272495,COD,Mobile,4.0,3.0,0
1487,2024-08-18,2108,32.0,Nam,TP.HCM,Google Ads,Sách,104000,4,0.058,416000,391991,66253,126979,Chuyển khoản,Mobile,1.0,4.0,0
1488,2024-08-18,1237,18.0,Nữ,Cần Thơ,Email,Gia dụng,320000,2,0.067,640000,597149,209355,178439,Thẻ tín dụng,Mobile,9.0,3.0,0
1489,2024-08-18,1191,43.0,Nữ,TP.HCM,Facebook Ads,Điện tử,221000,4,0.023,884000,863639,170981,179715,Thẻ tín dụng,Tablet,4.0,3.0,0
1490,2024-08-19,620,23.0,Nữ,Đà Nẵng,Organic,Thời trang,241000,5,0.072,1205000,1117779,142784,403859,COD,Mobile,3.0,3.0,0
1491,2024-08-19,851,29.0,Nữ,Đà Nẵng,Facebook Ads,Thời trang,182000,3,0.065,546000,510575,93317,230624,Ví điện tử,Mobile,10.0,3.0,1
1492,2024-08-19,1196,39.0,Nam,Hải Phòng,Referral,Mỹ phẩm,282000,5,0.046,1410000,1344548,134431,672393,COD,Mobile,1.0,4.0,0
1493,2024-08-19,1560,25.0,Nam,Hà Nội,Email,Thời trang,127000,4,0.097,508000,458470,66103,194058,COD,Desktop,,5.0,0
1494,2024-08-20,824,44.0,Nữ,Đà Nẵng,Organic,Thời trang,203000,6,0.295,1218000,859083,110076,198627,COD,Tablet,3.0,4.0,0
1495,2024-08-20,2776,34.0,Nam,Hải Phòng,Organic,Điện tử,236000,3,0.219,708000,553105,177821,19642,Ví điện tử,Mobile,3.0,4.0,0
1496,2024-08-20,2323,24.0,Nam,Hà Nội,Email,Điện tử,543000,6,0.09,3258000,2964817,402971,546991,COD,Mobile,1.0,4.0,0
1497,2024-08-20,2335,36.0,Nam,TP.HCM,Facebook Ads,Thời trang,274000,2,0.201,548000,437679,157460,122759,Chuyển khoản,Mobile,3.0,4.0,1
1498,2024-08-20,2541,18.0,Nữ,Hải Phòng,Google Ads,Điện tử,405000,4,0.09,1620000,1474317,286940,326557,Ví điện tử,Desktop,3.0,5.0,0
1499,2024-08-20,576,39.0,Nữ,TP.HCM,Facebook Ads,Điện tử,229000,1,0.119,229000,201777,175320,26457,Ví điện tử,Mobile,1.0,5.0,0
1500,2024-08-20,926,18.0,Nữ,Hà Nội,Email,Gia dụng,248000,3,0.063,744000,697001,152452,239645,Ví điện tử,Mobile,2.0,4.0,0
1501,2024-08-20,2547,43.0,Nữ,TP.HCM,Organic,Điện tử,295000,2,0.129,590000,513625,214208,85209,Ví điện tử,Desktop,2.0,5.0,0
1502,2024-08-21,1061,29.0,Nam,TP.HCM,Facebook Ads,Thời trang,161000,3,0.05,483000,458809,84850,204259,Chuyển khoản,Mobile,0.0,5.0,0
1503,2024-08-21,2527,18.0,Nam,TP.HCM,Referral,Mỹ phẩm,145000,2,0.032,290000,280863,64804,151255,Ví điện tử,Mobile,3.0,4.0,0
1504,2024-08-21,1686,20.0,Nam,Hà Nội,Organic,Thời trang,98000,6,0.075,588000,543863,53723,221525,Ví điện tử,Mobile,2.0,4.0,1
1505,2024-08-21,2987,31.0,Nam,Hà Nội,Facebook Ads,Thời trang,186000,4,0.124,744000,651496,99629,252980,Chuyển khoản,Mobile,3.0,4.0,0
1506,2024-08-21,1806,35.0,Nữ,Hải Phòng,Facebook Ads,Sách,110000,3,0.14,330000,283911,75636,57003,Ví điện tử,Mobile,4.0,4.0,0
1507,2024-08-21,2588,25.0,Nữ,TP.HCM,Google Ads,Điện tử,472000,5,0.012,2360000,2330635,284895,906160,Thẻ tín dụng,Mobile,7.0,4.0,0
1508,2024-08-21,908,31.0,Nam,TP.HCM,Organic,Sách,81000,4,0.061,324000,304377,55320,83097,Ví điện tử,Mobile,1.0,4.0,1
1509,2024-08-21,2808,41.0,Nam,Hà Nội,Google Ads,Gia dụng,236000,2,0.016,472000,464602,133617,197368,COD,Mobile,6.0,3.0,0
1510,2024-08-21,901,,Nữ,Hải Phòng,Google Ads,Gia dụng,202000,5,0.124,1010000,884575,114444,312355,Ví điện tử,Tablet,1.0,4.0,0
1511,2024-08-22,2674,18.0,Nữ,Cần Thơ,Google Ads,Sách,81000,4,0.013,324000,319938,52775,108838,COD,Mobile,3.0,4.0,0
1512,2024-08-22,3273,31.0,Nam,Đà Nẵng,Organic,Điện tử,329000,4,0.113,1316000,1167816,234576,229512,Thẻ tín dụng,Mobile,7.0,3.0,0
1513,2024-08-22,1733,22.0,Nữ,TP.HCM,Organic,Điện tử,596000,4,0.096,2384000,2156015,431735,429075,Ví điện tử,Desktop,7.0,4.0,0
1514,2024-08-22,83,37.0,Nữ,TP.HCM,Organic,Mỹ phẩm,199000,1,0.087,199000,181697,91695,90002,Chuyển khoản,Desktop,4.0,5.0,0
1515,2024-08-22,653,20.0,Nữ,Hà Nội,Email,Thực phẩm,121000,5,0.064,605000,566464,89219,120369,Thẻ tín dụng,Desktop,3.0,4.0,0
1516,2024-08-22,1881,28.0,Nữ,Hà Nội,Facebook Ads,Thực phẩm,105000,2,0.142,210000,180281,75054,30173,Ví điện tử,Mobile,0.0,4.0,0
1517,2024-08-22,1873,18.0,Nam,Đà Nẵng,Facebook Ads,Thời trang,164000,3,0.037,492000,473805,86642,213879,Chuyển khoản,Desktop,5.0,4.0,0
1518,2024-08-22,1383,25.0,Nữ,Hà Nội,Organic,Sách,77000,2,0.353,154000,99668,47649,4370,COD,Desktop,,4.0,1
1519,2024-08-22,2430,29.0,Nữ,TP.HCM,Facebook Ads,Thời trang,168000,2,0.088,336000,306541,92286,121969,Thẻ tín dụng,Mobile,2.0,5.0,0
1520,2024-08-23,1596,18.0,Nam,TP.HCM,Referral,Thời trang,142000,6,0.056,852000,803873,77502,338861,Chuyển khoản,Mobile,1.0,5.0,0
1521,2024-08-23,2628,33.0,Nam,Hải Phòng,Referral,Gia dụng,311000,3,0.106,933000,834543,196630,244653,Thẻ tín dụng,Mobile,2.0,,0
1522,2024-08-23,1426,32.0,Nữ,TP.HCM,Google Ads,Mỹ phẩm,276000,3,0.038,828000,796212,119070,439002,Ví điện tử,Mobile,1.0,4.0,0
1523,2024-08-23,2923,33.0,Nam,TP.HCM,Email,Điện tử,328000,2,0.066,656000,612828,262617,87594,Thẻ tín dụng,Mobile,2.0,,0
1524,2024-08-23,1986,28.0,Nam,Đà Nẵng,Facebook Ads,Gia dụng,152000,5,0.146,760000,649195,92951,184440,Ví điện tử,Mobile,3.0,4.0,0
1525,2024-08-23,1394,21.0,Nữ,Hải Phòng,Facebook Ads,Thời trang,156000,4,0.031,624000,604396,85007,264368,COD,Mobile,2.0,4.0,1
1526,2024-08-23,3220,32.0,Nam,TP.HCM,Facebook Ads,Gia dụng,463000,5,0.048,2315000,2203419,266030,873269,COD,Desktop,0.0,5.0,0
1527,2024-08-23,1131,50.0,Nữ,Hải Phòng,Google Ads,Gia dụng,367000,2,0.238,734000,559109,213090,132929,COD,Desktop,6.0,4.0,0
1528,2024-08-24,1880,26.0,Nam,Hà Nội,Organic,Mỹ phẩm,202000,5,0.027,1010000,983148,98718,489558,Thẻ tín dụng,Mobile,1.0,4.0,0
1529,2024-08-24,3163,30.0,Nữ,Đà Nẵng,Google Ads,Mỹ phẩm,177000,4,0.081,708000,650823,91205,286003,Thẻ tín dụng,Desktop,4.0,3.0,0
1530,2024-08-24,3223,18.0,Nam,Hà Nội,Facebook Ads,Gia dụng,195000,4,0.022,780000,762716,119726,283812,COD,Mobile,3.0,4.0,0
1531,2024-08-24,19,36.0,Nữ,Hà Nội,Google Ads,Điện tử,216000,3,0.098,648000,584806,155633,117907,COD,Desktop,1.0,5.0,0
1532,2024-08-24,553,26.0,Nữ,Hà Nội,Organic,Thời trang,96000,6,0.136,576000,497504,56535,158294,COD,Mobile,6.0,3.0,0
1533,2024-08-24,1339,44.0,Nam,TP.HCM,Google Ads,Gia dụng,177000,4,0.061,708000,665032,105155,244412,COD,Mobile,3.0,4.0,0
1534,2024-08-24,1209,30.0,Nam,TP.HCM,Referral,Thời trang,253000,5,0.261,1265000,935412,138991,240457,Ví điện tử,Mobile,10.0,3.0,1
1535,2024-08-24,809,18.0,Nữ,Cần Thơ,Organic,Điện tử,336000,6,0.102,2016000,1811019,251558,301671,COD,Mobile,1.0,4.0,0
1536,2024-08-24,1269,36.0,Nữ,Hà Nội,Organic,Gia dụng,378000,4,0.016,1512000,1487803,230370,566323,Ví điện tử,Mobile,2.0,4.0,0
1537,2024-08-24,1782,29.0,Nam,TP.HCM,Google Ads,Mỹ phẩm,161000,6,0.004,966000,961983,68604,550359,COD,Mobile,,4.0,0
1538,2024-08-25,150,18.0,Nữ,Hà Nội,Referral,Gia dụng,311000,5,0.157,1555000,1310708,191847,351473,COD,Mobile,3.0,3.0,0
1539,2024-08-25,2727,37.0,Nữ,Hà Nội,Organic,Điện tử,422000,2,0.081,844000,775947,304187,167573,Ví điện tử,Mobile,1.0,5.0,0
1540,2024-08-25,1650,38.0,Nam,Hà Nội,Email,Điện tử,159000,4,0.038,636000,612112,109906,172488,Ví điện tử,Mobile,1.0,3.0,0
1541,2024-08-25,296,27.0,Nữ,Đà Nẵng,Organic,Thời trang,127000,3,0.068,381000,355267,72013,139228,Ví điện tử,Desktop,0.0,,0
1542,2024-08-25,98,48.0,Nữ,TP.HCM,Facebook Ads,Thời trang,302000,5,0.089,1510000,1375362,162771,561507,COD,Mobile,2.0,3.0,0
1543,2024-08-25,1966,38.0,Nữ,Hà Nội,Google Ads,Thời trang,127000,3,0.184,381000,310856,66072,112640,Thẻ tín dụng,Mobile,3.0,4.0,0
1544,2024-08-25,625,23.0,Nữ,Đà Nẵng,Facebook Ads,Thời trang,107000,2,0.08,214000,196820,61528,73764,Ví điện tử,Mobile,6.0,4.0,0
1545,2024-08-25,254,33.0,Nữ,TP.HCM,Facebook Ads,Điện tử,366000,1,0.064,366000,342694,255286,87408,COD,Mobile,4.0,4.0,0
1546,2024-08-25,1669,44.0,Nữ,Hà Nội,Organic,Thực phẩm,123000,3,0.078,369000,340265,87528,77681,COD,Mobile,2.0,5.0,0
1547,2024-08-25,518,28.0,Nam,Cần Thơ,Organic,Thời trang,185000,3,0.033,555000,536817,105722,219651,Ví điện tử,Mobile,2.0,5.0,0
1548,2024-08-26,2822,49.0,Nữ,Hà Nội,Organic,Gia dụng,334000,3,0.277,1002000,724392,209155,96927,COD,Desktop,1.0,4.0,0
1549,2024-08-26,2792,18.0,Nam,Hải Phòng,Google Ads,Thực phẩm,105000,3,0.09,315000,286575,70233,75876,COD,Mobile,2.0,5.0,0
1550,2024-08-26,1335,20.0,Nam,Đà Nẵng,Email,Điện tử,477000,2,0.047,954000,908867,328678,251511,Thẻ tín dụng,Desktop,0.0,4.0,0
1551,2024-08-26,2827,35.0,Nam,Cần Thơ,Facebook Ads,Thời trang,92000,4,0.077,368000,339776,48472,145888,Ví điện tử,Mobile,2.0,4.0,0
1552,2024-08-26,3031,30.0,Nam,Hải Phòng,Referral,Gia dụng,206000,4,0.05,824000,783074,123922,287386,Chuyển khoản,Mobile,2.0,4.0,0
1553,2024-08-26,319,31.0,Nam,TP.HCM,Email,Gia dụng,188000,4,0.115,752000,665235,106824,237939,Thẻ tín dụng,Desktop,1.0,5.0,0
1554,2024-08-26,163,40.0,Nữ,TP.HCM,Referral,Thời trang,246000,4,0.047,984000,937542,129882,418014,Ví điện tử,Tablet,1.0,5.0,0
1555,2024-08-27,687,29.0,Nam,Hải Phòng,Facebook Ads,Điện tử,255000,5,0.102,1275000,1145226,191984,185306,COD,Mobile,2.0,4.0,0
1556,2024-08-27,2120,,Nam,TP.HCM,Email,Mỹ phẩm,167000,4,0.27,668000,487712,69826,208408,COD,Desktop,1.0,4.0,0
1557,2024-08-27,1287,46.0,Nữ,Hà Nội,Organic,Thời trang,91000,3,0.073,273000,252935,51805,97520,COD,Mobile,2.0,3.0,0
1558,2024-08-27,2471,34.0,Nam,TP.HCM,Organic,Mỹ phẩm,160000,3,0.067,480000,447814,75278,221980,Chuyển khoản,Mobile,2.0,4.0,0
1559,2024-08-27,860,47.0,Nữ,Hà Nội,Organic,Mỹ phẩm,293000,4,0.056,1172000,1106448,126976,598544,Thẻ tín dụng,Desktop,2.0,4.0,0
1560,2024-08-28,2397,27.0,Nam,Hải Phòng,Organic,Gia dụng,206000,3,0.117,618000,545632,121893,179953,Thẻ tín dụng,Mobile,1.0,5.0,0
1561,2024-08-28,1157,29.0,Nam,Hà Nội,Organic,Điện tử,407000,5,0.056,2035000,1921190,288121,480585,Ví điện tử,Mobile,2.0,4.0,0
1562,2024-08-28,875,34.0,Nam,Hải Phòng,Facebook Ads,Gia dụng,198000,3,0.009,594000,588528,110626,256650,Thẻ tín dụng,Mobile,3.0,,0
1563,2024-08-29,158,28.0,Nữ,Hà Nội,Facebook Ads,Mỹ phẩm,293000,4,0.068,1172000,1091941,138870,536461,COD,Mobile,1.0,4.0,0
1564,2024-08-29,2427,48.0,Nữ,Hà Nội,Referral,Sách,79000,4,0.142,316000,271167,50768,68095,Chuyển khoản,Mobile,1.0,5.0,0
1565,2024-08-29,1413,18.0,Nữ,Cần Thơ,Facebook Ads,Điện tử,318000,4,0.156,1272000,1073495,223093,181123,Thẻ tín dụng,Mobile,2.0,5.0,0
1566,2024-08-29,906,28.0,Nam,TP.HCM,Facebook Ads,Thời trang,219000,3,0.03,657000,637425,122366,270327,Ví điện tử,Desktop,,4.0,0
1567,2024-08-29,2360,24.0,Nam,Hà Nội,Facebook Ads,Gia dụng,216000,5,0.132,1080000,937284,127899,297789,COD,Mobile,2.0,4.0,0
1568,2024-08-29,2242,39.0,Nữ,Hà Nội,Organic,Điện tử,206000,1,0.014,206000,203216,149088,54128,Ví điện tử,Mobile,4.0,4.0,0
1569,2024-08-29,1764,29.0,Nam,Hà Nội,Google Ads,Điện tử,241000,3,0.059,723000,680247,169412,172011,COD,Desktop,4.0,3.0,0
1570,2024-08-30,1400,29.0,Nam,Hải Phòng,Email,Điện tử,167000,5,0.056,835000,788207,125215,162132,Thẻ tín dụng,Mobile,7.0,4.0,0
1571,2024-08-30,1383,25.0,Nữ,Hà Nội,Google Ads,Gia dụng,315000,5,0.113,1575000,1397629,190249,446384,Ví điện tử,Mobile,4.0,4.0,0
1572,2024-08-30,1972,35.0,Nam,Hải Phòng,Organic,Thực phẩm,101000,2,0.151,202000,171447,74176,23095,COD,Mobile,3.0,4.0,0
1573,2024-08-30,23,37.0,Nam,TP.HCM,Facebook Ads,Thực phẩm,136000,7,0.053,952000,901860,96167,228691,Chuyển khoản,Mobile,4.0,4.0,0
1574,2024-08-30,2781,36.0,Nữ,TP.HCM,Facebook Ads,Thực phẩm,129000,5,0.157,645000,543623,85025,118498,Thẻ tín dụng,Mobile,3.0,4.0,0
1575,2024-08-30,2428,24.0,Nữ,Hà Nội,Google Ads,Gia dụng,199000,4,0.121,796000,699767,127062,191519,COD,Mobile,3.0,4.0,0
1576,2024-08-30,1800,18.0,Nữ,Hải Phòng,Facebook Ads,Thời trang,234000,3,0.044,702000,670955,122494,303473,Thẻ tín dụng,Mobile,3.0,4.0,1
1577,2024-08-30,1185,25.0,Nam,Hà Nội,Email,Sách,122000,6,0.106,732000,654161,79259,178607,Chuyển khoản,Desktop,1.0,5.0,0
1578,2024-08-31,550,22.0,Nam,Hải Phòng,Organic,Thực phẩm,131000,2,0.134,262000,227022,98354,30314,COD,Desktop,5.0,4.0,0
1579,2024-08-31,750,25.0,Nữ,TP.HCM,Organic,Thời trang,181000,6,0.047,1086000,1035419,96555,456089,Ví điện tử,Mobile,5.0,3.0,0
1580,2024-08-31,1719,39.0,Nam,Hải Phòng,Organic,Gia dụng,221000,2,0.114,442000,391801,125597,140607,COD,Mobile,4.0,4.0,0
1581,2024-08-31,3035,,Nữ,Cần Thơ,Google Ads,Thời trang,85000,9,0.064,765000,715917,42169,336396,Ví điện tử,Desktop,4.0,4.0,0
1582,2024-08-31,419,28.0,Nữ,TP.HCM,Email,Thời trang,128000,4,0.108,512000,456609,70005,176589,COD,Mobile,2.0,4.0,0
1583,2024-08-31,2780,32.0,Nữ,Hà Nội,Google Ads,Gia dụng,177000,2,0.03,354000,343241,98236,146769,COD,Mobile,1.0,5.0,0
1584,2024-09-01,3231,32.0,Nữ,Hà Nội,Google Ads,Mỹ phẩm,211000,4,0.052,844000,799708,87675,449008,COD,Mobile,4.0,4.0,0
1585,2024-09-01,2498,45.0,Nữ,TP.HCM,Facebook Ads,Thời trang,209000,2,0.166,418000,348586,119407,109772,Ví điện tử,Mobile,4.0,4.0,0
1586,2024-09-01,1888,41.0,Nam,TP.HCM,Email,Gia dụng,219000,7,0.193,1533000,1237093,120203,395672,Ví điện tử,Desktop,4.0,4.0,0
1587,2024-09-01,2217,28.0,Nữ,Hà Nội,Google Ads,Thời trang,105000,2,0.096,210000,189901,62878,64145,Chuyển khoản,Mobile,1.0,5.0,0
1588,2024-09-01,1864,39.0,Nữ,Hà Nội,Facebook Ads,Điện tử,257000,4,0.207,1028000,815433,177386,105889,Ví điện tử,Desktop,0.0,4.0,0
1589,2024-09-01,77,40.0,Nữ,TP.HCM,Facebook Ads,Điện tử,187000,2,0.095,374000,338517,137525,63467,Ví điện tử,Desktop,3.0,5.0,0
1590,2024-09-01,118,28.0,Nữ,Hà Nội,Organic,Gia dụng,187000,5,0.209,935000,739675,117355,152900,Ví điện tử,Mobile,5.0,4.0,0
1591,2024-09-01,3265,33.0,Nam,Hà Nội,Google Ads,Gia dụng,200000,6,0.055,1200000,1133420,126693,373262,COD,Desktop,1.0,4.0,0
1592,2024-09-01,2855,36.0,Nữ,TP.HCM,Organic,Thời trang,173000,6,0.038,1038000,998736,85914,483252,COD,Desktop,4.0,4.0,0
1593,2024-09-01,1225,26.0,Nữ,Hà Nội,Organic,Gia dụng,218000,3,0.324,654000,441783,126759,61506,Thẻ tín dụng,Mobile,7.0,3.0,0
1594,2024-09-01,1709,18.0,Nữ,Hà Nội,Facebook Ads,Điện tử,199000,4,0.245,796000,600747,153593,-13625,Ví điện tử,Mobile,4.0,4.0,1
1595,2024-09-01,829,35.0,Nữ,TP.HCM,Google Ads,Sách,79000,4,0.133,316000,274033,55751,51029,Thẻ tín dụng,Mobile,5.0,5.0,0
1596,2024-09-01,2230,42.0,Nam,Hà Nội,Google Ads,Mỹ phẩm,173000,4,0.044,692000,661571,80906,337947,Ví điện tử,Mobile,4.0,4.0,0
1597,2024-09-01,564,23.0,Nam,TP.HCM,Google Ads,Thời trang,83000,3,0.253,249000,185901,41304,61989,Ví điện tử,Mobile,2.0,4.0,0
1598,2024-09-01,841,47.0,Nữ,TP.HCM,Google Ads,Điện tử,487000,1,0.056,487000,459738,334890,124848,Ví điện tử,Mobile,9.0,3.0,0
1599,2024-09-01,1784,19.0,Nam,TP.HCM,Organic,Mỹ phẩm,350000,3,0.09,1050000,955213,159154,477751,COD,Mobile,2.0,5.0,0
1600,2024-09-02,1755,23.0,Nam,TP.HCM,Facebook Ads,Thực phẩm,116000,2,0.085,232000,212389,85643,41103,Ví điện tử,Desktop,4.0,,0
1601,2024-09-02,2820,20.0,Nam,Hải Phòng,Referral,Thời trang,174000,5,0.171,870000,721128,99744,222408,Ví điện tử,Desktop,2.0,4.0,0
1602,2024-09-02,831,34.0,Nam,Đà Nẵng,Facebook Ads,Mỹ phẩm,244000,1,0.093,244000,221327,111017,110310,Chuyển khoản,Mobile,1.0,4.0,1
1603,2024-09-02,2584,29.0,Nam,Hà Nội,Google Ads,Gia dụng,207000,3,0.086,621000,567650,130588,175886,Chuyển khoản,Mobile,4.0,4.0,0
1604,2024-09-03,1231,,Nam,Đà Nẵng,Facebook Ads,Mỹ phẩm,139000,5,0.037,695000,669436,61157,363651,Thẻ tín dụng,Desktop,2.0,5.0,0
1605,2024-09-03,3127,31.0,Nam,TP.HCM,Organic,Gia dụng,231000,5,0.073,1155000,1070414,145576,342534,Ví điện tử,Mobile,7.0,3.0,0
1606,2024-09-03,975,21.0,Nam,Hải Phòng,Referral,Thời trang,106000,4,0.072,424000,393315,56289,168159,Chuyển khoản,Desktop,5.0,5.0,0
1607,2024-09-03,1648,23.0,Nam,Hải Phòng,Referral,Điện tử,392000,4,0.057,1568000,1477961,296457,292133,COD,Mobile,4.0,4.0,0
1608,2024-09-04,1567,31.0,Nam,Cần Thơ,Facebook Ads,Mỹ phẩm,220000,3,0.149,660000,561786,99487,263325,COD,Mobile,1.0,5.0,0
1609,2024-09-04,872,30.0,Nữ,TP.HCM,Google Ads,Điện tử,336000,9,0.061,3024000,2838728,234423,728921,Ví điện tử,Mobile,3.0,4.0,0
1610,2024-09-04,2721,44.0,Nam,Hà Nội,Referral,Gia dụng,183000,5,0.034,915000,883692,109513,336127,Chuyển khoản,Tablet,4.0,3.0,0
1611,2024-09-04,2121,35.0,Nữ,Đà Nẵng,Facebook Ads,Thời trang,78000,5,0.086,390000,356615,43074,141245,Ví điện tử,Mobile,3.0,5.0,0
1612,2024-09-05,1903,46.0,Nam,TP.HCM,Google Ads,Điện tử,279000,4,0.082,1116000,1024629,200983,220697,COD,Desktop,1.0,4.0,0
1613,2024-09-05,127,37.0,Nam,TP.HCM,Organic,Thời trang,189000,3,0.054,567000,536538,112585,198783,COD,Mobile,5.0,3.0,0
1614,2024-09-05,1984,33.0,Nữ,TP.HCM,Referral,Mỹ phẩm,197000,3,0.062,591000,554486,88901,287783,Thẻ tín dụng,Mobile,2.0,4.0,0
1615,2024-09-06,3210,29.0,Nam,Cần Thơ,Facebook Ads,Thời trang,118000,5,0.071,590000,548382,67211,212327,Thẻ tín dụng,Mobile,1.0,5.0,0
1616,2024-09-06,571,27.0,Nữ,Hải Phòng,Facebook Ads,Điện tử,234000,2,0.107,468000,417986,164858,88270,Thẻ tín dụng,Desktop,2.0,4.0,0
1617,2024-09-06,44,22.0,Nữ,TP.HCM,Facebook Ads,Điện tử,515000,3,0.122,1545000,1356663,368265,251868,COD,Desktop,2.0,4.0,0
1618,2024-09-06,1234,43.0,Nam,Hà Nội,Email,Điện tử,252000,2,0.035,504000,486237,172745,140747,Thẻ tín dụng,Mobile,1.0,5.0,0
1619,2024-09-06,2345,47.0,Nữ,TP.HCM,Organic,Thời trang,139000,2,0.113,278000,246507,78956,88595,COD,Mobile,3.0,3.0,0
1620,2024-09-06,2021,27.0,Nữ,TP.HCM,Email,Thực phẩm,138000,3,0.031,414000,401127,91509,126600,Ví điện tử,Desktop,2.0,4.0,0
1621,2024-09-06,3217,41.0,Nữ,Đà Nẵng,Google Ads,Thời trang,114000,8,0.121,912000,801252,70199,239660,Ví điện tử,Tablet,2.0,5.0,0
1622,2024-09-06,708,42.0,Nữ,TP.HCM,Facebook Ads,Thực phẩm,142000,4,0.093,568000,515338,106360,89898,Thẻ tín dụng,Desktop,2.0,4.0,0
1623,2024-09-07,522,23.0,Nam,Hà Nội,Organic,Gia dụng,297000,4,0.076,1188000,1098241,178307,385013,Thẻ tín dụng,Mobile,3.0,4.0,0
1624,2024-09-07,1253,51.0,Nam,Đà Nẵng,Organic,Mỹ phẩm,167000,5,0.203,835000,665613,70606,312583,Chuyển khoản,Mobile,1.0,4.0,0
1625,2024-09-07,2544,30.0,Nữ,TP.HCM,Email,Gia dụng,359000,5,0.065,1795000,1677737,216896,593257,Thẻ tín dụng,Desktop,2.0,5.0,0
1626,2024-09-07,2731,28.0,Nữ,TP.HCM,Referral,Thời trang,100000,3,0.019,300000,294224,56527,124643,Ví điện tử,Mobile,1.0,5.0,0
1627,2024-09-07,2637,38.0,Nữ,Đà Nẵng,Facebook Ads,Thực phẩm,124000,2,0.193,248000,200092,83918,32256,Thẻ tín dụng,Mobile,4.0,,0
1628,2024-09-07,2800,43.0,Nữ,Hà Nội,Email,Thời trang,149000,1,0.043,149000,142605,77995,64610,COD,Mobile,2.0,4.0,0
1629,2024-09-07,3006,43.0,Nam,Đà Nẵng,Organic,Sách,97000,3,0.091,291000,264659,63268,74855,Thẻ tín dụng,Mobile,2.0,5.0,0
1630,2024-09-07,1405,37.0,Nam,TP.HCM,Organic,Điện tử,296000,3,0.042,888000,850563,205526,233985,Ví điện tử,Mobile,,4.0,0
1631,2024-09-07,3118,30.0,Nữ,Cần Thơ,Facebook Ads,Mỹ phẩm,141000,6,0.155,846000,714750,61947,343068,Ví điện tử,Mobile,3.0,4.0,0
1632,2024-09-07,282,36.0,Nữ,TP.HCM,Referral,Mỹ phẩm,142000,4,0.109,568000,506154,63851,250750,COD,Mobile,2.0,5.0,0
1633,2024-09-07,69,21.0,Nam,TP.HCM,Facebook Ads,Thời trang,196000,2,0.072,392000,363844,103941,155962,COD,Tablet,1.0,4.0,0
1634,2024-09-08,1364,34.0,Nam,TP.HCM,Facebook Ads,Mỹ phẩm,220000,7,0.162,1540000,1290178,96599,613985,Ví điện tử,Desktop,4.0,5.0,0
1635,2024-09-08,10,39.0,Nam,Cần Thơ,Facebook Ads,Thời trang,197000,2,0.073,394000,365186,116779,131628,COD,Mobile,7.0,3.0,0
1636,2024-09-08,1226,34.0,Nam,TP.HCM,Organic,Thời trang,117000,3,0.074,351000,324925,62381,137782,COD,Desktop,2.0,3.0,0
1637,2024-09-08,4,33.0,Nữ,Đà Nẵng,Referral,Gia dụng,351000,5,0.205,1755000,1395008,205938,365318,Thẻ tín dụng,Mobile,,5.0,0
1638,2024-09-08,2670,21.0,Nam,TP.HCM,Facebook Ads,Gia dụng,522000,3,0.065,1566000,1464299,323736,493091,Thẻ tín dụng,Desktop,4.0,3.0,0
1639,2024-09-08,676,30.0,Nữ,Hà Nội,Google Ads,Mỹ phẩm,284000,4,0.136,1136000,981761,137297,432573,Thẻ tín dụng,Desktop,3.0,4.0,1
1640,2024-09-08,497,23.0,Nam,TP.HCM,Facebook Ads,Điện tử,572000,2,0.139,1144000,985047,437112,110823,COD,Desktop,3.0,4.0,0
1641,2024-09-09,2215,24.0,Nữ,TP.HCM,Organic,Thời trang,118000,5,0.051,590000,560091,61332,253431,COD,Mobile,4.0,3.0,0
1642,2024-09-09,43,45.0,Nữ,TP.HCM,Organic,Điện tử,326000,1,0.138,326000,281017,231798,49219,Thẻ tín dụng,Mobile,1.0,5.0,0
1643,2024-09-09,2784,29.0,Nữ,Hà Nội,Facebook Ads,Mỹ phẩm,174000,2,0.129,348000,303009,85283,132443,COD,Mobile,2.0,4.0,0
1644,2024-09-10,1080,25.0,Nữ,TP.HCM,Facebook Ads,Gia dụng,154000,3,0.135,462000,399714,96527,110133,Thẻ tín dụng,Mobile,5.0,4.0,0
1645,2024-09-10,459,61.0,Nữ,Hải Phòng,Google Ads,Mỹ phẩm,216000,4,0.096,864000,780917,93506,406893,Thẻ tín dụng,Mobile,0.0,5.0,0
1646,2024-09-10,885,27.0,Nữ,Hà Nội,Google Ads,Sách,95000,4,0.125,380000,332489,60272,91401,Thẻ tín dụng,Mobile,4.0,4.0,0
1647,2024-09-10,1377,30.0,Nam,TP.HCM,Referral,Gia dụng,360000,2,0.06,720000,676566,219667,237232,Ví điện tử,Desktop,2.0,5.0,0
1648,2024-09-10,2317,31.0,Nữ,Hà Nội,Google Ads,Thực phẩm,149000,5,0.152,745000,632045,110102,81535,COD,Mobile,9.0,3.0,0
1649,2024-09-10,1006,37.0,Nữ,Hà Nội,Google Ads,Sách,109000,2,0.124,218000,190869,76235,38399,Chuyển khoản,Mobile,1.0,5.0,0
1650,2024-09-11,817,41.0,Nam,TP.HCM,Organic,Thời trang,154000,2,0.013,308000,304022,82506,139010,Ví điện tử,Desktop,2.0,4.0,0
1651,2024-09-11,2133,23.0,Nam,Hải Phòng,Google Ads,Sách,82000,4,0.179,328000,269403,50590,67043,Chuyển khoản,Desktop,2.0,4.0,0
1652,2024-09-11,1432,24.0,Nam,Hải Phòng,Facebook Ads,Thực phẩm,99000,3,0.175,297000,245003,69220,37343,Ví điện tử,Desktop,3.0,,0
1653,2024-09-12,3086,18.0,Nữ,TP.HCM,Google Ads,Gia dụng,228000,3,0.086,684000,624920,126017,246869,Ví điện tử,Mobile,3.0,4.0,0
1654,2024-09-12,2624,22.0,Nam,TP.HCM,Google Ads,Mỹ phẩm,190000,5,0.124,950000,831765,87152,396005,Ví điện tử,Tablet,1.0,4.0,0
1655,2024-09-12,569,27.0,Nữ,Hà Nội,Facebook Ads,Thời trang,130000,2,0.11,260000,231370,65595,100180,Chuyển khoản,Mobile,1.0,5.0,0
1656,2024-09-12,1523,42.0,Nam,Cần Thơ,Google Ads,Mỹ phẩm,246000,5,0.238,1230000,936879,109476,389499,Ví điện tử,Mobile,5.0,4.0,0
1657,2024-09-13,692,32.0,Nữ,Hải Phòng,Facebook Ads,Thời trang,101000,5,0.177,505000,415507,58076,125127,Ví điện tử,Mobile,3.0,3.0,0
1658,2024-09-13,852,27.0,Nữ,Cần Thơ,Organic,Gia dụng,181000,5,0.123,905000,793845,114891,219390,COD,Desktop,4.0,4.0,0
1659,2024-09-13,363,36.0,Nữ,Hà Nội,Facebook Ads,Mỹ phẩm,199000,3,0.031,597000,578212,88773,311893,COD,Mobile,1.0,3.0,0
1660,2024-09-13,1429,33.0,Nam,Đà Nẵng,Facebook Ads,Thời trang,116000,5,0.147,580000,494451,66655,161176,COD,Mobile,3.0,4.0,0
1661,2024-09-13,2200,38.0,Nữ,TP.HCM,Organic,Thời trang,157000,5,0.125,785000,687211,84317,265626,Ví điện tử,Mobile,1.0,5.0,0
1662,2024-09-13,554,28.0,Nam,TP.HCM,Organic,Gia dụng,379000,3,0.086,1137000,1038982,230512,347446,Ví điện tử,Mobile,0.0,3.0,1
1663,2024-09-13,911,45.0,Nam,TP.HCM,Facebook Ads,Điện tử,383000,3,0.153,1149000,972651,285216,117003,Ví điện tử,Mobile,9.0,3.0,0
1664,2024-09-13,2403,43.0,Nữ,TP.HCM,Facebook Ads,Điện tử,198000,5,0.153,990000,838090,144851,113835,Ví điện tử,Mobile,6.0,3.0,1
1665,2024-09-13,2607,28.0,Nam,TP.HCM,Google Ads,Thời trang,131000,2,0.104,262000,234682,78014,78654,Ví điện tử,Mobile,2.0,5.0,0
1666,2024-09-13,2403,43.0,Nữ,Hải Phòng,Facebook Ads,Thời trang,174000,2,0.058,348000,327839,100096,127647,Ví điện tử,Mobile,,,0
1667,2024-09-13,3032,19.0,Nam,TP.HCM,Organic,Gia dụng,273000,4,0.063,1092000,1022666,172180,333946,COD,Desktop,2.0,4.0,0
1668,2024-09-13,2185,41.0,Nam,TP.HCM,Organic,Thời trang,190000,7,0.118,1330000,1172990,104830,439180,COD,Desktop,4.0,4.0,0
1669,2024-09-13,2679,24.0,Nam,Cần Thơ,Facebook Ads,Thực phẩm,108000,2,0.02,216000,211620,75437,60746,COD,Mobile,2.0,3.0,0
1670,2024-09-14,2222,24.0,Nam,TP.HCM,Email,Thời trang,158000,5,0.091,790000,717847,80432,315687,Ví điện tử,Mobile,5.0,4.0,0
1671,2024-09-14,1705,28.0,Nam,Hải Phòng,Organic,Mỹ phẩm,157000,4,0.059,628000,590668,72892,299100,Thẻ tín dụng,Mobile,7.0,2.0,0
1672,2024-09-14,2757,39.0,Nữ,Hà Nội,Google Ads,Mỹ phẩm,192000,1,0.103,192000,172241,86306,85935,Thẻ tín dụng,Desktop,2.0,5.0,0
1673,2024-09-14,358,33.0,Nam,TP.HCM,Organic,Điện tử,297000,4,0.057,1188000,1119708,204701,300904,Thẻ tín dụng,Desktop,4.0,4.0,0
1674,2024-09-14,744,30.0,Nam,TP.HCM,Facebook Ads,Điện tử,161000,5,0.083,805000,738484,109574,190614,COD,Mobile,2.0,5.0,0
1675,2024-09-14,2922,53.0,Nữ,Hải Phòng,Organic,Sách,85000,3,0.096,255000,230579,54276,67751,Ví điện tử,Mobile,4.0,5.0,0
1676,2024-09-14,1676,38.0,Nữ,Hà Nội,Facebook Ads,Mỹ phẩm,110000,5,0.055,550000,519728,46664,286408,COD,Desktop,2.0,4.0,0
1677,2024-09-14,3074,37.0,Nữ,Cần Thơ,Google Ads,Điện tử,225000,6,0.124,1350000,1182421,163419,201907,Thẻ tín dụng,Mobile,1.0,5.0,0
1678,2024-09-14,2949,34.0,Nữ,TP.HCM,Organic,Sách,96000,4,0.135,384000,332006,57614,101550,Chuyển khoản,Mobile,4.0,4.0,1
1679,2024-09-15,3237,57.0,Nam,Hà Nội,Organic,Sách,78000,1,0.232,78000,59878,55084,4794,Ví điện tử,Tablet,1.0,5.0,0
1680,2024-09-15,1047,29.0,Nam,Đà Nẵng,Referral,Gia dụng,273000,3,0.135,819000,708435,171444,194103,COD,Mobile,3.0,4.0,0
1681,2024-09-15,702,18.0,Nữ,Hà Nội,Organic,Thời trang,169000,6,0.051,1014000,962778,95455,390048,Ví điện tử,Desktop,2.0,3.0,0
1682,2024-09-15,1843,60.0,Nam,TP.HCM,Referral,Gia dụng,154000,5,0.077,770000,711026,83756,292246,Ví điện tử,Mobile,7.0,3.0,1
1683,2024-09-15,2958,34.0,Nữ,Hà Nội,Facebook Ads,Điện tử,172000,4,0.117,688000,607257,111088,162905,COD,Desktop,1.0,4.0,0
1684,2024-09-15,563,33.0,Nam,TP.HCM,Organic,Điện tử,273000,3,0.14,819000,704379,187985,140424,COD,Mobile,0.0,5.0,0
1685,2024-09-15,1007,32.0,Nữ,TP.HCM,Facebook Ads,Mỹ phẩm,141000,2,0.012,282000,278550,60258,158034,Ví điện tử,Mobile,6.0,3.0,0
1686,2024-09-15,700,39.0,Nam,Hà Nội,Facebook Ads,Gia dụng,235000,9,0.067,2115000,1973124,145012,668016,COD,Desktop,1.0,5.0,0
1687,2024-09-15,2583,42.0,Nữ,TP.HCM,Organic,Thời trang,247000,3,0.166,741000,617890,130477,226459,Ví điện tử,Desktop,3.0,5.0,0
1688,2024-09-15,1411,41.0,Nữ,Đà Nẵng,Facebook Ads,Thời trang,228000,4,0.159,912000,766572,118575,292272,Ví điện tử,Desktop,0.0,,0
1689,2024-09-15,1457,31.0,Nam,TP.HCM,Google Ads,Thời trang,156000,9,0.088,1404000,1280496,78764,571620,COD,Mobile,1.0,5.0,0
1690,2024-09-15,214,43.0,Nữ,Hà Nội,Google Ads,Gia dụng,244000,4,0.065,976000,912558,134490,374598,Ví điện tử,Desktop,10.0,3.0,0
1691,2024-09-15,2199,23.0,Nữ,TP.HCM,Organic,Thực phẩm,123000,5,0.003,615000,613377,83602,195367,Thẻ tín dụng,Desktop,4.0,4.0,0
1692,2024-09-16,2263,42.0,Nam,Hà Nội,Facebook Ads,Thực phẩm,112000,5,0.143,560000,479816,84523,57201,Chuyển khoản,Mobile,,4.0,0
1693,2024-09-16,1487,25.0,Nam,TP.HCM,Organic,Mỹ phẩm,144000,5,0.052,720000,682563,68326,340933,COD,Desktop,1.0,5.0,0
1694,2024-09-16,2361,42.0,Nam,Hà Nội,Organic,Thực phẩm,124000,4,0.064,496000,464315,79240,147355,COD,Mobile,2.0,4.0,0
1695,2024-09-16,323,29.0,Nam,TP.HCM,Organic,Điện tử,194000,2,0.083,388000,355651,153462,48727,COD,Mobile,1.0,4.0,1
1696,2024-09-16,2294,35.0,Nữ,Đà Nẵng,Google Ads,Gia dụng,189000,1,0.057,189000,178205,117815,60390,Chuyển khoản,Tablet,7.0,4.0,0
1697,2024-09-16,3217,41.0,Nữ,Hải Phòng,Organic,Điện tử,207000,2,0.122,414000,363545,148078,67389,Thẻ tín dụng,Desktop,1.0,4.0,0
1698,2024-09-16,1488,18.0,Nam,Đà Nẵng,Organic,Thời trang,149000,5,0.135,745000,644703,77816,255623,COD,Mobile,2.0,4.0,1
1699,2024-09-16,51,23.0,Nữ,TP.HCM,Google Ads,Sách,82000,5,0.193,410000,330703,48614,87633,Thẻ tín dụng,Desktop,,4.0,0
1700,2024-09-16,624,50.0,Nữ,Đà Nẵng,Organic,Điện tử,255000,6,0.129,1530000,1332978,163868,349770,Thẻ tín dụng,Mobile,0.0,4.0,0
1701,2024-09-17,1933,23.0,Nam,Đà Nẵng,Facebook Ads,Gia dụng,189000,6,0.076,1134000,1048048,115716,353752,Thẻ tín dụng,Mobile,1.0,4.0,0
1702,2024-09-17,1628,18.0,Nam,Hà Nội,Organic,Mỹ phẩm,256000,5,0.164,1280000,1070044,116908,485504,COD,Mobile,2.0,4.0,0
1703,2024-09-17,2338,36.0,Nam,Hà Nội,Google Ads,Gia dụng,366000,3,0.166,1098000,915891,211849,280344,Ví điện tử,Mobile,3.0,5.0,0
1704,2024-09-17,2386,32.0,Nam,Đà Nẵng,Google Ads,Gia dụng,139000,3,0.103,417000,373998,86352,114942,Ví điện tử,Mobile,2.0,4.0,0
1705,2024-09-17,1568,41.0,Nữ,Hà Nội,Email,Mỹ phẩm,217000,4,0.076,868000,801696,102136,393152,COD,Desktop,3.0,4.0,0
1706,2024-09-17,382,34.0,Nữ,TP.HCM,Google Ads,Gia dụng,177000,4,0.254,708000,528110,102573,117818,COD,Desktop,1.0,5.0,0
1707,2024-09-17,63,27.0,Nữ,Đà Nẵng,Organic,Sách,95000,4,0.123,380000,333447,62809,82211,Ví điện tử,Mobile,6.0,3.0,0
1708,2024-09-17,1670,36.0,Nữ,Cần Thơ,Facebook Ads,Gia dụng,190000,3,0.181,570000,467070,110785,134715,COD,Mobile,2.0,4.0,0
1709,2024-09-18,966,25.0,Nam,TP.HCM,Organic,Thời trang,194000,2,0.041,388000,371977,112079,147819,Thẻ tín dụng,Mobile,1.0,5.0,0
1710,2024-09-18,2935,18.0,Nữ,Hà Nội,Google Ads,Gia dụng,391000,4,0.077,1564000,1443816,236163,499164,Ví điện tử,Mobile,2.0,4.0,0
1711,2024-09-18,3138,28.0,Nữ,Cần Thơ,Google Ads,Thời trang,176000,2,0.069,352000,327632,96696,134240,Ví điện tử,Mobile,6.0,4.0,0
1712,2024-09-18,439,28.0,Nữ,Cần Thơ,Facebook Ads,Thời trang,155000,3,0.128,465000,405553,89745,136318,Thẻ tín dụng,Desktop,2.0,3.0,0
1713,2024-09-19,2725,33.0,Nữ,TP.HCM,Facebook Ads,Thời trang,100000,3,0.115,300000,265359,56077,97128,Chuyển khoản,Mobile,4.0,4.0,0
1714,2024-09-19,2127,43.0,Nam,Hà Nội,Referral,Thời trang,156000,6,0.08,936000,861154,83821,358228,Thẻ tín dụng,Desktop,2.0,4.0,0
1715,2024-09-19,364,36.0,Nam,TP.HCM,Organic,Gia dụng,291000,1,0.11,291000,259119,182517,76602,Thẻ tín dụng,Desktop,3.0,5.0,0
1716,2024-09-19,1027,32.0,Nữ,Hải Phòng,Google Ads,Thời trang,114000,2,0.091,228000,207225,65222,76781,COD,Mobile,1.0,5.0,0
1717,2024-09-19,2228,42.0,Nữ,TP.HCM,Google Ads,Thời trang,150000,4,0.027,600000,583832,92723,212940,Thẻ tín dụng,Mobile,5.0,4.0,0
1718,2024-09-19,1401,56.0,Nữ,TP.HCM,Organic,Mỹ phẩm,166000,2,0.114,332000,294184,74688,144808,Ví điện tử,Desktop,2.0,5.0,0
1719,2024-09-19,30,39.0,Nam,Hà Nội,Facebook Ads,Gia dụng,180000,6,0.042,1080000,1034697,106143,397839,COD,Mobile,4.0,4.0,0
1720,2024-09-19,1955,32.0,Nữ,Hà Nội,Organic,Thực phẩm,139000,5,0.134,695000,601532,99508,103992,Ví điện tử,Desktop,1.0,4.0,0
1721,2024-09-19,640,24.0,Nữ,Hải Phòng,Organic,Điện tử,221000,2,0.067,442000,412549,151860,108829,COD,Tablet,3.0,3.0,0
1722,2024-09-19,3126,28.0,Nam,Hà Nội,Google Ads,Thời trang,171000,2,0.042,342000,327769,90517,146735,Ví điện tử,Mobile,1.0,,0
1723,2024-09-19,3203,28.0,Nam,TP.HCM,Facebook Ads,Thời trang,209000,2,0.148,418000,356109,115136,125837,COD,Mobile,1.0,4.0,1
1724,2024-09-20,1680,35.0,Nữ,Hải Phòng,Email,Mỹ phẩm,175000,4,0.037,700000,673861,85995,329881,COD,Mobile,2.0,5.0,0
1725,2024-09-20,2863,26.0,Nữ,TP.HCM,Google Ads,Gia dụng,431000,4,0.03,1724000,1672715,248448,678923,Chuyển khoản,Mobile,,5.0,0
1726,2024-09-20,1453,32.0,Nữ,TP.HCM,Facebook Ads,Sách,83000,4,0.054,332000,313908,55601,91504,Thẻ tín dụng,Mobile,3.0,5.0,0
1727,2024-09-20,837,34.0,Nam,TP.HCM,Facebook Ads,Điện tử,299000,3,0.088,897000,818033,210111,187700,COD,Desktop,2.0,5.0,0
1728,2024-09-20,593,33.0,Nam,Cần Thơ,Referral,Gia dụng,174000,2,0.099,348000,313636,107108,99420,Ví điện tử,Desktop,1.0,4.0,0
1729,2024-09-20,2751,41.0,Nam,Hà Nội,Facebook Ads,Điện tử,192000,5,0.118,960000,847058,134435,174883,Chuyển khoản,Mobile,4.0,4.0,0
1730,2024-09-21,2934,32.0,Nam,Hà Nội,Facebook Ads,Thực phẩm,118000,7,0.109,826000,736096,88009,120033,COD,Mobile,4.0,5.0,0
1731,2024-09-21,3081,29.0,Nam,TP.HCM,Facebook Ads,Mỹ phẩm,113000,3,0.14,339000,291612,51548,136968,COD,Desktop,1.0,4.0,0
1732,2024-09-21,2148,36.0,Nam,Hải Phòng,Organic,Thời trang,122000,3,0.016,366000,360049,67588,157285,Ví điện tử,Desktop,1.0,5.0,0
1733,2024-09-21,2584,29.0,Nam,Cần Thơ,Facebook Ads,Sách,89000,5,0.068,445000,414882,55433,137717,Ví điện tử,Desktop,2.0,4.0,0
1734,2024-09-21,3283,36.0,Nam,Đà Nẵng,Email,Gia dụng,248000,4,0.133,992000,860402,161866,212938,Thẻ tín dụng,Desktop,2.0,5.0,0
1735,2024-09-21,73,22.0,Nam,Hà Nội,Organic,Thời trang,172000,6,0.065,1032000,964687,93411,404221,Ví điện tử,Desktop,2.0,4.0,1
1736,2024-09-21,1936,34.0,Nữ,TP.HCM,Google Ads,Thời trang,138000,4,0.075,552000,510698,73202,217890,Ví điện tử,Mobile,,4.0,0
1737,2024-09-21,2733,25.0,Nam,Hà Nội,Referral,Sách,91000,4,0.111,364000,323541,60257,82513,Chuyển khoản,Mobile,3.0,4.0,0
1738,2024-09-21,695,37.0,Nữ,Cần Thơ,Google Ads,Điện tử,220000,6,0.039,1320000,1268264,163654,286340,COD,Mobile,3.0,5.0,0
1739,2024-09-22,940,24.0,Nữ,Hà Nội,Referral,Thời trang,234000,6,0.167,1404000,1168852,131993,376894,Ví điện tử,Tablet,2.0,5.0,0
1740,2024-09-22,2990,44.0,Nữ,Hà Nội,Organic,Thời trang,137000,4,0.082,548000,503268,69957,223440,Ví điện tử,Mobile,5.0,3.0,0
1741,2024-09-22,2686,36.0,Nam,Cần Thơ,Referral,Điện tử,478000,5,0.157,2390000,2014438,344176,293558,Thẻ tín dụng,Mobile,2.0,5.0,0
1742,2024-09-22,2645,43.0,Nam,TP.HCM,Referral,Thời trang,134000,7,0.021,938000,918641,81553,347770,Chuyển khoản,Mobile,2.0,4.0,0
1743,2024-09-22,1135,39.0,Nữ,Hà Nội,Facebook Ads,Gia dụng,131000,6,0.108,786000,701346,74570,253926,COD,Tablet,1.0,4.0,0
1744,2024-09-23,1200,36.0,Nữ,TP.HCM,Organic,Sách,98000,4,0.003,392000,390675,62856,139251,Thẻ tín dụng,Mobile,1.0,5.0,0
1745,2024-09-23,338,37.0,Nam,TP.HCM,Email,Thời trang,116000,4,0.029,464000,450376,64611,191932,Thẻ tín dụng,Mobile,3.0,4.0,0
1746,2024-09-23,1413,18.0,Nữ,TP.HCM,Organic,Gia dụng,289000,1,0.11,289000,257292,172898,84394,COD,Mobile,6.0,3.0,0
1747,2024-09-23,2791,36.0,Nữ,Đà Nẵng,Organic,Thực phẩm,125000,5,0.02,625000,612424,93554,144654,Chuyển khoản,Mobile,5.0,3.0,0
1748,2024-09-23,881,18.0,Nữ,TP.HCM,Referral,Điện tử,178000,6,0.131,1068000,928439,122197,195257,Thẻ tín dụng,Mobile,1.0,,0
1749,2024-09-23,2538,33.0,Nữ,Hải Phòng,Google Ads,Gia dụng,172000,5,0.108,860000,767028,99097,271543,COD,Desktop,0.0,4.0,0
1750,2024-09-23,3053,45.0,Nam,Hà Nội,Facebook Ads,Điện tử,167000,5,0.07,835000,776724,128934,132054,COD,Mobile,8.0,3.0,0
1751,2024-09-23,895,18.0,Nam,TP.HCM,Email,Mỹ phẩm,248000,6,0.026,1488000,1449743,109746,791267,Ví điện tử,Desktop,2.0,5.0,0
1752,2024-09-24,970,41.0,Nam,Hà Nội,Email,Mỹ phẩm,173000,4,0.018,692000,679610,74135,383070,Ví điện tử,Desktop,1.0,4.0,1
1753,2024-09-24,1625,18.0,Nữ,TP.HCM,Facebook Ads,Thời trang,136000,4,0.065,544000,508529,73030,216409,Ví điện tử,Tablet,3.0,4.0,0
1754,2024-09-24,376,24.0,Nam,Hà Nội,Facebook Ads,Thực phẩm,114000,3,0.086,342000,312635,72312,95699,Thẻ tín dụng,Mobile,1.0,5.0,0
1755,2024-09-24,1126,18.0,Nam,TP.HCM,Organic,Mỹ phẩm,207000,4,0.084,828000,758720,99164,362064,Ví điện tử,Desktop,4.0,5.0,0
1756,2024-09-24,2397,,Nam,Đà Nẵng,Organic,Thời trang,154000,4,0.087,616000,562419,77011,254375,Thẻ tín dụng,Mobile,4.0,4.0,0
1757,2024-09-24,461,27.0,Nữ,Cần Thơ,Referral,Điện tử,243000,3,0.03,729000,707324,183189,157757,Thẻ tín dụng,Mobile,4.0,4.0,0
1758,2024-09-24,2895,27.0,Nam,TP.HCM,Organic,Mỹ phẩm,289000,5,0.015,1445000,1423239,135365,746414,Thẻ tín dụng,Desktop,0.0,4.0,0
1759,2024-09-24,1686,20.0,Nam,Đà Nẵng,Facebook Ads,Mỹ phẩm,189000,2,0.149,378000,321608,77093,167422,COD,Mobile,1.0,4.0,0
1760,2024-09-25,2085,29.0,Nam,Hà Nội,Facebook Ads,Mỹ phẩm,190000,3,0.069,570000,530828,84085,278573,Ví điện tử,Mobile,3.0,4.0,0
1761,2024-09-25,1811,22.0,Nữ,Hà Nội,Organic,Gia dụng,265000,4,0.018,1060000,1040823,155093,420451,Chuyển khoản,Tablet,1.0,4.0,0
1762,2024-09-25,1177,30.0,Nữ,TP.HCM,Facebook Ads,Thực phẩm,116000,4,0.221,464000,361479,83000,29479,Thẻ tín dụng,Mobile,1.0,4.0,0
1763,2024-09-25,3046,18.0,Nữ,Hà Nội,Facebook Ads,Mỹ phẩm,216000,7,0.028,1512000,1469884,108451,710727,Ví điện tử,Mobile,2.0,4.0,0
1764,2024-09-25,2936,29.0,Nữ,Hải Phòng,Google Ads,Gia dụng,280000,4,0.153,1120000,948488,161971,300604,Thẻ tín dụng,Tablet,3.0,4.0,0
1765,2024-09-26,2156,32.0,Nam,Cần Thơ,Facebook Ads,Thời trang,139000,1,0.107,139000,124118,77599,46519,Thẻ tín dụng,Mobile,3.0,5.0,0
1766,2024-09-26,2593,36.0,Nữ,Hà Nội,Organic,Thời trang,190000,1,0.193,190000,153404,102864,50540,Thẻ tín dụng,Desktop,0.0,5.0,0
1767,2024-09-26,1500,37.0,Nữ,Hà Nội,Google Ads,Thời trang,170000,7,0.113,1190000,1055900,98122,369046,Thẻ tín dụng,Desktop,7.0,4.0,0
1768,2024-09-26,149,21.0,Nam,TP.HCM,Referral,Mỹ phẩm,200000,2,0.095,400000,361826,90678,180470,Ví điện tử,Mobile,3.0,4.0,0
1769,2024-09-26,2203,36.0,Nữ,Hà Nội,Google Ads,Điện tử,540000,3,0.112,1620000,1439226,420334,178224,Chuyển khoản,Mobile,0.0,4.0,0
1770,2024-09-26,1020,26.0,Nữ,Hà Nội,Organic,Điện tử,274000,5,0.126,1370000,1196706,212118,136116,Thẻ tín dụng,Mobile,4.0,5.0,0
1771,2024-09-26,1583,27.0,Nam,Hải Phòng,Organic,Thời trang,141000,2,0.208,282000,223313,77868,67577,COD,Mobile,3.0,5.0,0
1772,2024-09-26,2728,36.0,Nữ,Hà Nội,Facebook Ads,Gia dụng,373000,4,0.13,1492000,1297751,217871,426267,Chuyển khoản,Tablet,3.0,4.0,0
1773,2024-09-26,3232,39.0,Nữ,TP.HCM,Facebook Ads,Mỹ phẩm,158000,3,0.06,474000,445520,70123,235151,Ví điện tử,Mobile,2.0,4.0,0
1774,2024-09-26,3193,33.0,Nữ,TP.HCM,Facebook Ads,Mỹ phẩm,270000,3,0.103,810000,726433,121031,363340,Thẻ tín dụng,Desktop,5.0,3.0,0
1775,2024-09-27,2344,29.0,Nam,TP.HCM,Facebook Ads,Gia dụng,172000,4,0.056,688000,649166,100622,246678,Thẻ tín dụng,Mobile,3.0,5.0,0
1776,2024-09-27,220,46.0,Nữ,Hà Nội,Organic,Điện tử,252000,3,0.045,756000,722054,191084,148802,Chuyển khoản,Mobile,1.0,,0
1777,2024-09-27,1446,34.0,Nam,Hải Phòng,Facebook Ads,Điện tử,180000,3,0.083,540000,494979,130628,103095,Thẻ tín dụng,Mobile,4.0,4.0,0
1778,2024-09-27,3150,39.0,Nữ,Hà Nội,Organic,Mỹ phẩm,138000,3,0.082,414000,380245,65829,182758,Thẻ tín dụng,Desktop,1.0,5.0,0
1779,2024-09-27,1800,18.0,Nữ,Đà Nẵng,Facebook Ads,Thực phẩm,110000,1,0.051,110000,104414,77307,27107,COD,Desktop,1.0,3.0,0
1780,2024-09-27,2676,21.0,Nam,TP.HCM,Google Ads,Gia dụng,262000,2,0.116,524000,463229,149856,163517,Thẻ tín dụng,Mobile,5.0,3.0,0
1781,2024-09-27,2943,31.0,Nữ,Đà Nẵng,Referral,Thời trang,140000,8,0.08,1120000,1030704,82694,369152,Thẻ tín dụng,Mobile,1.0,,0
1782,2024-09-27,3269,30.0,Nam,Hà Nội,Email,Thực phẩm,116000,3,0.052,348000,330054,77041,98931,Thẻ tín dụng,Mobile,7.0,3.0,1
1783,2024-09-28,1476,37.0,Nữ,TP.HCM,Facebook Ads,Gia dụng,171000,4,0.072,684000,634465,102365,225005,Chuyển khoản,Mobile,5.0,4.0,0
1784,2024-09-28,2034,37.0,Nam,Hà Nội,Organic,Mỹ phẩm,140000,4,0.197,560000,449723,64018,193651,Ví điện tử,Mobile,3.0,4.0,0
1785,2024-09-28,93,46.0,Nữ,TP.HCM,Referral,Mỹ phẩm,276000,3,0.08,828000,762093,131029,369006,COD,Mobile,7.0,3.0,0
1786,2024-09-28,269,38.0,Nữ,TP.HCM,Email,Sách,103000,4,0.09,412000,374798,71163,90146,Thẻ tín dụng,Desktop,4.0,5.0,0
1787,2024-09-28,3164,37.0,Nữ,Đà Nẵng,Facebook Ads,Gia dụng,270000,5,0.11,1350000,1201439,167630,363289,Ví điện tử,Desktop,4.0,3.0,1
1788,2024-09-28,1529,36.0,Nữ,Hải Phòng,Email,Sách,103000,3,0.109,309000,275392,58053,101233,Thẻ tín dụng,Mobile,2.0,5.0,0
1789,2024-09-28,3109,25.0,Nữ,TP.HCM,Facebook Ads,Gia dụng,329000,2,0.047,658000,627249,208125,210999,COD,Desktop,1.0,4.0,0
1790,2024-09-28,3182,36.0,Nam,Cần Thơ,Organic,Sách,82000,2,0.012,164000,161980,51612,58756,Thẻ tín dụng,Mobile,1.0,5.0,0
1791,2024-09-28,1061,29.0,Nam,TP.HCM,Referral,Điện tử,302000,5,0.18,1510000,1238434,203952,218674,COD,Mobile,2.0,3.0,1
1792,2024-09-28,1040,29.0,Nữ,Hà Nội,Organic,Thời trang,253000,5,0.216,1265000,991931,129293,345466,Thẻ tín dụng,Mobile,1.0,4.0,0
1793,2024-09-28,2899,37.0,Nam,Đà Nẵng,Email,Thời trang,129000,2,0.065,258000,241301,72089,97123,COD,Mobile,4.0,4.0,0
1794,2024-09-28,1723,25.0,Nam,Hải Phòng,Referral,Sách,110000,3,0.044,330000,315448,73731,94255,COD,Desktop,4.0,,0
1795,2024-09-29,1987,20.0,Nam,TP.HCM,Organic,Điện tử,238000,4,0.181,952000,779988,179790,60828,COD,Mobile,6.0,3.0,0
1796,2024-09-29,2242,39.0,Nữ,Hà Nội,Organic,Thời trang,117000,3,0.031,351000,340088,61720,154928,Ví điện tử,Tablet,2.0,4.0,0
1797,2024-09-29,1129,49.0,Nữ,Hải Phòng,Referral,Thời trang,125000,5,0.128,625000,545136,70750,191386,Thẻ tín dụng,Desktop,2.0,4.0,0
1798,2024-09-29,2268,19.0,Nam,TP.HCM,Referral,Thời trang,206000,2,0.039,412000,395736,114483,166770,Chuyển khoản,Mobile,5.0,3.0,0
1799,2024-09-29,1784,19.0,Nam,Hà Nội,Organic,Thời trang,131000,5,0.079,655000,603316,70744,249596,Ví điện tử,Mobile,4.0,3.0,0
1800,2024-09-30,1598,33.0,Nam,TP.HCM,Facebook Ads,Điện tử,156000,4,0.058,624000,587769,113751,132765,COD,Mobile,4.0,3.0,1
1801,2024-09-30,3280,26.0,Nam,TP.HCM,Organic,Điện tử,234000,5,0.151,1170000,993653,166042,163443,COD,Tablet,6.0,3.0,1
1802,2024-09-30,3195,30.0,Nữ,Hải Phòng,Facebook Ads,Thời trang,182000,2,0.004,364000,362466,93818,174830,Thẻ tín dụng,Desktop,7.0,4.0,0
1803,2024-09-30,632,30.0,Nam,Hải Phòng,Google Ads,Mỹ phẩm,223000,4,0.146,892000,761599,100835,358259,Ví điện tử,Desktop,4.0,4.0,1
1804,2024-09-30,793,18.0,Nam,TP.HCM,Email,Gia dụng,201000,8,0.137,1608000,1387782,119149,434590,COD,Mobile,3.0,4.0,0
1805,2024-09-30,1952,34.0,Nam,TP.HCM,Organic,Mỹ phẩm,276000,3,0.185,828000,674930,128337,289919,Thẻ tín dụng,Mobile,1.0,5.0,0
1806,2024-10-01,2041,22.0,Nam,Hải Phòng,Email,Thời trang,131000,4,0.084,524000,480171,75829,176855,Thẻ tín dụng,Desktop,1.0,3.0,0
1807,2024-10-01,2865,34.0,Nam,TP.HCM,Google Ads,Mỹ phẩm,289000,4,0.109,1156000,1030262,128942,514494,COD,Desktop,0.0,5.0,1
1808,2024-10-01,2240,24.0,Nữ,Hải Phòng,Facebook Ads,Mỹ phẩm,113000,4,0.037,452000,435128,52411,225484,Ví điện tử,Desktop,7.0,3.0,0
1809,2024-10-01,2096,27.0,Nam,Hà Nội,Google Ads,Thời trang,187000,4,0.256,748000,556541,103161,143897,COD,Desktop,1.0,,0
1810,2024-10-01,1411,41.0,Nữ,Cần Thơ,Organic,Gia dụng,223000,5,0.119,1115000,981814,134157,311029,Chuyển khoản,Tablet,3.0,5.0,0
1811,2024-10-01,1100,32.0,Nam,TP.HCM,Facebook Ads,Thời trang,106000,6,0.089,636000,579418,61076,212962,Chuyển khoản,Mobile,2.0,3.0,0
1812,2024-10-01,2095,30.0,Nữ,Hà Nội,Google Ads,Thời trang,115000,2,0.13,230000,200152,61827,76498,COD,Mobile,2.0,4.0,0
1813,2024-10-01,2812,22.0,Nữ,Hà Nội,Organic,Thời trang,147000,5,0.049,735000,698706,81856,289426,Ví điện tử,Mobile,9.0,3.0,0
1814,2024-10-01,2103,52.0,Nam,Hà Nội,Organic,Gia dụng,238000,3,0.06,714000,671154,141538,246540,COD,Desktop,3.0,4.0,0
1815,2024-10-02,2343,20.0,Nam,Đà Nẵng,Google Ads,Thời trang,181000,2,0.123,362000,317488,104639,108210,COD,Desktop,3.0,3.0,0
1816,2024-10-02,2093,24.0,Nữ,TP.HCM,Referral,Thời trang,111000,2,0.049,222000,211158,61174,88810,COD,Mobile,4.0,3.0,0
1817,2024-10-02,3090,30.0,Nữ,Hà Nội,Facebook Ads,Sách,79000,2,0.053,158000,149603,47590,54423,COD,Mobile,6.0,3.0,0
1818,2024-10-02,1475,30.0,Nữ,TP.HCM,Facebook Ads,Điện tử,255000,3,0.09,765000,695838,184348,142794,Thẻ tín dụng,Desktop,2.0,5.0,0
1819,2024-10-02,2442,18.0,Nam,Hà Nội,Referral,Thời trang,148000,2,0.049,296000,281533,85420,110693,Ví điện tử,Mobile,,5.0,0
1820,2024-10-03,1305,33.0,Nữ,Hà Nội,Organic,Mỹ phẩm,202000,4,0.074,808000,748271,92656,377647,COD,Mobile,3.0,4.0,0
1821,2024-10-03,46,33.0,Nữ,Đà Nẵng,Organic,Gia dụng,323000,3,0.098,969000,873898,193488,293434,Thẻ tín dụng,Mobile,3.0,4.0,0
1822,2024-10-03,3101,28.0,Nữ,Hải Phòng,Referral,Mỹ phẩm,176000,3,0.069,528000,491383,87731,228190,Ví điện tử,Mobile,1.0,5.0,0
1823,2024-10-03,1518,19.0,Nữ,TP.HCM,Google Ads,Điện tử,161000,2,0.043,322000,308127,108293,91541,COD,Mobile,1.0,5.0,0
1824,2024-10-03,2976,31.0,Nữ,Hải Phòng,Google Ads,Sách,74000,2,0.018,148000,145269,47696,49877,COD,Mobile,2.0,3.0,0
1825,2024-10-03,2574,19.0,Nữ,Hải Phòng,Google Ads,Sách,94000,3,0.018,282000,276991,56069,108784,COD,Mobile,1.0,5.0,0
1826,2024-10-03,2203,36.0,Nữ,TP.HCM,Facebook Ads,Sách,100000,1,0.222,100000,77840,71182,6658,COD,Desktop,3.0,3.0,0
1827,2024-10-03,2009,42.0,Nữ,TP.HCM,Facebook Ads,Điện tử,264000,1,0.082,264000,242403,185400,57003,Ví điện tử,Desktop,1.0,5.0,0
1828,2024-10-03,2457,21.0,Nam,TP.HCM,Organic,Thời trang,203000,2,0.205,406000,322886,117511,87864,Ví điện tử,Mobile,3.0,3.0,0
1829,2024-10-03,395,24.0,Nữ,Hà Nội,Google Ads,Gia dụng,176000,7,0.223,1232000,957728,103347,234299,Chuyển khoản,Mobile,2.0,4.0,0
1830,2024-10-03,109,24.0,Nam,Hà Nội,Facebook Ads,Thời trang,192000,3,0.086,576000,526590,101028,223506,Thẻ tín dụng,Mobile,4.0,4.0,0
1831,2024-10-04,2610,23.0,Nam,TP.HCM,Google Ads,Mỹ phẩm,171000,5,0.048,855000,813712,77653,425447,Thẻ tín dụng,Desktop,,4.0,0
1832,2024-10-04,2789,32.0,Nữ,Cần Thơ,Referral,Thời trang,205000,4,0.107,820000,732278,114713,273426,COD,Desktop,2.0,4.0,0
1833,2024-10-04,1346,23.0,Nam,TP.HCM,Google Ads,Điện tử,374000,34,0.079,12716000,11713417,261222,2831869,Ví điện tử,Desktop,7.0,3.0,0
1834,2024-10-04,842,34.0,Nam,Đà Nẵng,Google Ads,Thời trang,279000,4,0.087,1116000,1019233,158942,383465,Thẻ tín dụng,Tablet,5.0,3.0,0
1835,2024-10-04,473,19.0,Nữ,Đà Nẵng,Facebook Ads,Sách,89000,4,0.065,356000,332825,57387,103277,Ví điện tử,Mobile,1.0,,0
1836,2024-10-05,999,37.0,Nam,Đà Nẵng,Facebook Ads,Thời trang,204000,2,0.125,408000,356880,112240,132400,Chuyển khoản,Mobile,6.0,5.0,0
1837,2024-10-05,2520,36.0,Nam,Hà Nội,Organic,Điện tử,191000,4,0.103,764000,685560,148514,91504,Ví điện tử,Desktop,7.0,4.0,0
1838,2024-10-05,331,18.0,Nam,Hà Nội,Google Ads,Thời trang,113000,1,0.023,113000,110410,63753,46657,Ví điện tử,Desktop,7.0,2.0,0
1839,2024-10-05,2666,26.0,Nam,Cần Thơ,Referral,Thời trang,111000,3,0.168,333000,277032,58865,100437,COD,Mobile,2.0,,0
1840,2024-10-05,2008,23.0,Nữ,Đà Nẵng,Referral,Thời trang,130000,3,0.108,390000,347793,69744,138561,Chuyển khoản,Tablet,3.0,5.0,0
1841,2024-10-05,3242,36.0,Nữ,Hải Phòng,Google Ads,Gia dụng,177000,7,0.084,1239000,1134561,107962,378827,Thẻ tín dụng,Tablet,8.0,3.0,1
1842,2024-10-06,302,42.0,Nữ,TP.HCM,Facebook Ads,Thời trang,110000,7,0.061,770000,723056,64769,269673,Chuyển khoản,Desktop,3.0,4.0,0
1843,2024-10-06,2001,18.0,Nữ,TP.HCM,Referral,Sách,87000,2,0.15,174000,147978,55172,37634,Ví điện tử,Tablet,1.0,5.0,0
1844,2024-10-06,2507,25.0,Nữ,Hà Nội,Organic,Mỹ phẩm,252000,1,0.021,252000,246628,112204,134424,Thẻ tín dụng,Mobile,3.0,3.0,0
1845,2024-10-06,223,38.0,Nam,TP.HCM,Referral,Sách,89000,6,0.044,534000,510273,56858,169125,Ví điện tử,Desktop,2.0,4.0,0
1846,2024-10-06,1331,29.0,Nữ,Hải Phòng,Facebook Ads,Mỹ phẩm,186000,5,0.183,930000,759976,81575,352101,COD,Desktop,5.0,4.0,0
1847,2024-10-06,872,30.0,Nữ,TP.HCM,Google Ads,Điện tử,224000,2,0.062,448000,420151,159047,102057,Thẻ tín dụng,Mobile,1.0,5.0,0
1848,2024-10-06,1155,31.0,Nữ,Cần Thơ,Referral,Điện tử,214000,6,0.093,1284000,1164888,149900,265488,COD,Mobile,3.0,5.0,0
1849,2024-10-07,2732,39.0,Nữ,Hà Nội,Facebook Ads,Thực phẩm,158000,4,0.08,632000,581403,105615,158943,Ví điện tử,Mobile,4.0,4.0,0
1850,2024-10-07,1518,19.0,Nữ,Đà Nẵng,Google Ads,Thời trang,157000,3,0.284,471000,337210,77765,103915,COD,Desktop,1.0,4.0,0
1851,2024-10-07,2449,33.0,Nữ,Hà Nội,Organic,Gia dụng,317000,3,0.084,951000,871553,184186,318995,Chuyển khoản,Mobile,1.0,5.0,0
1852,2024-10-07,1498,29.0,Nữ,TP.HCM,Facebook Ads,Thực phẩm,127000,7,0.114,889000,787218,100399,84425,COD,Mobile,4.0,4.0,0
1853,2024-10-07,1178,29.0,Nam,Hà Nội,Google Ads,Thời trang,134000,6,0.135,804000,695683,69595,278113,COD,Mobile,3.0,4.0,1
1854,2024-10-07,2274,24.0,Nam,TP.HCM,Google Ads,Thời trang,108000,4,0.08,432000,397353,57556,167129,COD,Mobile,5.0,3.0,0
1855,2024-10-07,2867,34.0,Nam,TP.HCM,Organic,Điện tử,322000,6,0.097,1932000,1744287,256682,204195,COD,Desktop,2.0,4.0,0
1856,2024-10-07,2190,38.0,Nam,Hà Nội,Google Ads,Sách,90000,2,0.204,180000,143356,56401,30554,COD,Mobile,3.0,,0
1857,2024-10-07,824,44.0,Nữ,Đà Nẵng,Facebook Ads,Điện tử,232000,2,0.119,464000,409001,171350,66301,Ví điện tử,Mobile,2.0,4.0,0
1858,2024-10-08,1617,33.0,Nữ,Cần Thơ,Organic,Điện tử,378000,4,0.127,1512000,1319764,286794,172588,Ví điện tử,Mobile,1.0,5.0,0
1859,2024-10-08,1890,29.0,Nữ,TP.HCM,Facebook Ads,Thời trang,180000,2,0.009,360000,356897,102158,152581,Ví điện tử,Tablet,7.0,4.0,0
1860,2024-10-08,2165,46.0,Nữ,Hải Phòng,Organic,Điện tử,366000,2,0.049,732000,696053,255193,185667,Chuyển khoản,Mobile,0.0,5.0,0
1861,2024-10-08,796,42.0,Nữ,Hải Phòng,Facebook Ads,Điện tử,483000,3,0.137,1449000,1250413,355121,185050,Thẻ tín dụng,Mobile,4.0,4.0,0
1862,2024-10-08,2035,27.0,Nữ,Hà Nội,Organic,Mỹ phẩm,131000,3,0.047,393000,374701,52745,216466,COD,Mobile,2.0,4.0,0
1863,2024-10-08,730,27.0,Nữ,Hà Nội,Organic,Sách,84000,4,0.082,336000,308492,50795,105312,Thẻ tín dụng,Desktop,5.0,3.0,0
1864,2024-10-08,594,40.0,Nam,TP.HCM,Organic,Sách,104000,5,0.097,520000,469812,69132,124152,Chuyển khoản,Mobile,5.0,4.0,0
1865,2024-10-09,592,34.0,Nữ,TP.HCM,Email,Mỹ phẩm,234000,5,0.077,1170000,1080237,101393,573272,Thẻ tín dụng,Tablet,2.0,3.0,0
1866,2024-10-09,2892,21.0,Nam,TP.HCM,Google Ads,Thực phẩm,142000,5,0.1,710000,638909,97878,149519,Thẻ tín dụng,Mobile,2.0,4.0,0
1867,2024-10-09,171,35.0,Nữ,Hà Nội,Google Ads,Thời trang,142000,4,0.099,568000,511958,74259,214922,COD,Mobile,2.0,4.0,0
1868,2024-10-09,2680,28.0,Nữ,Hà Nội,Facebook Ads,Mỹ phẩm,216000,1,0.149,216000,183867,88879,94988,Ví điện tử,Mobile,1.0,3.0,0
1869,2024-10-09,1827,24.0,Nam,Đà Nẵng,Organic,Điện tử,535000,1,0.091,535000,486069,426849,59220,COD,Mobile,1.0,5.0,0
1870,2024-10-09,1239,37.0,Nữ,TP.HCM,Facebook Ads,Thời trang,157000,3,0.034,471000,455032,79680,215992,COD,Mobile,4.0,4.0,0
1871,2024-10-09,1404,25.0,Nữ,Hà Nội,Organic,Thời trang,189000,7,0.074,1323000,1224807,108283,466826,Chuyển khoản,Mobile,4.0,4.0,0
1872,2024-10-09,2700,40.0,Nữ,TP.HCM,Organic,Mỹ phẩm,221000,3,0.126,663000,579466,103332,269470,Thẻ tín dụng,Mobile,3.0,4.0,1
1873,2024-10-09,518,28.0,Nam,Cần Thơ,Facebook Ads,Mỹ phẩm,210000,3,0.102,630000,565797,96679,275760,Chuyển khoản,Mobile,1.0,5.0,0
1874,2024-10-09,940,24.0,Nữ,Hà Nội,Facebook Ads,Điện tử,275000,5,0.111,1375000,1222143,197113,236578,Thẻ tín dụng,Desktop,0.0,4.0,0
1875,2024-10-10,2282,29.0,Nữ,TP.HCM,Organic,Thực phẩm,114000,5,0.069,570000,530892,82372,119032,COD,Desktop,1.0,4.0,0
1876,2024-10-10,2096,27.0,Nam,TP.HCM,Facebook Ads,Điện tử,474000,3,0.051,1422000,1349282,343950,317432,Ví điện tử,Mobile,3.0,3.0,0
1877,2024-10-10,377,29.0,Nữ,Hà Nội,Google Ads,Thực phẩm,136000,3,0.11,408000,363045,91350,88995,Thẻ tín dụng,Mobile,2.0,3.0,0
1878,2024-10-10,997,34.0,Nữ,TP.HCM,Facebook Ads,Điện tử,264000,2,0.106,528000,471888,180121,111646,Thẻ tín dụng,Desktop,5.0,3.0,1
1879,2024-10-10,1438,18.0,Nam,TP.HCM,Organic,Thời trang,192000,3,0.106,576000,514816,119246,157078,Ví điện tử,Mobile,10.0,3.0,0
1880,2024-10-10,2741,27.0,Nữ,Hải Phòng,Email,Mỹ phẩm,222000,2,0.161,444000,372723,98216,176291,COD,Tablet,3.0,4.0,0
1881,2024-10-10,2075,22.0,Nam,TP.HCM,Facebook Ads,Mỹ phẩm,194000,3,0.111,582000,517577,87707,254456,Thẻ tín dụng,Mobile,3.0,4.0,0
1882,2024-10-10,3132,34.0,Nam,TP.HCM,Organic,Thực phẩm,94000,2,0.11,188000,167390,67072,33246,Thẻ tín dụng,Tablet,1.0,4.0,0
1883,2024-10-10,395,24.0,Nữ,TP.HCM,Organic,Điện tử,182000,5,0.192,910000,735289,124496,112809,Thẻ tín dụng,Mobile,3.0,5.0,0
1884,2024-10-10,152,42.0,Nữ,TP.HCM,Organic,Sách,105000,5,0.018,525000,515548,69873,166183,Thẻ tín dụng,Mobile,1.0,5.0,0
1885,2024-10-11,2207,50.0,Nam,Hải Phòng,Organic,Sách,110000,3,0.165,330000,275462,72202,58856,Ví điện tử,Desktop,1.0,5.0,0
1886,2024-10-11,302,42.0,Nữ,Hải Phòng,Facebook Ads,Thời trang,173000,6,0.182,1038000,849587,96192,272435,COD,Mobile,3.0,4.0,0
1887,2024-10-11,846,25.0,Nữ,Hải Phòng,Organic,Sách,98000,2,0.081,196000,180094,62461,55172,Chuyển khoản,Desktop,2.0,,0
1888,2024-10-11,2341,18.0,Nam,Hà Nội,Organic,Điện tử,224000,3,0.076,672000,620833,163248,131089,Ví điện tử,Mobile,0.0,5.0,0
1889,2024-10-11,69,21.0,Nam,Đà Nẵng,Google Ads,Thời trang,221000,3,0.086,663000,606000,121001,242997,COD,Desktop,2.0,,0
1890,2024-10-12,503,18.0,Nữ,Hà Nội,Organic,Thời trang,142000,8,0.214,1136000,893075,77782,270819,COD,Desktop,3.0,4.0,0
1891,2024-10-12,3285,52.0,Nữ,Cần Thơ,Facebook Ads,Gia dụng,320000,3,0.213,960000,755467,196167,166966,Thẻ tín dụng,Tablet,4.0,4.0,0
1892,2024-10-12,3021,29.0,Nữ,Hà Nội,Google Ads,Thời trang,148000,1,0.042,148000,141829,80280,61549,Thẻ tín dụng,Mobile,2.0,4.0,0
1893,2024-10-12,2480,38.0,Nữ,Hà Nội,Email,Gia dụng,172000,9,0.033,1548000,1496903,100801,589694,COD,Desktop,5.0,4.0,0
1894,2024-10-12,2570,26.0,Nữ,Hải Phòng,Organic,Gia dụng,207000,3,0.094,621000,562347,132390,165177,Ví điện tử,Desktop,0.0,5.0,0
1895,2024-10-12,3090,30.0,Nữ,Cần Thơ,Google Ads,Điện tử,374000,5,0.059,1870000,1760233,275776,381353,Chuyển khoản,Mobile,2.0,5.0,0
1896,2024-10-12,595,38.0,Nữ,TP.HCM,Facebook Ads,Mỹ phẩm,226000,10,0.037,2260000,2177127,106307,1114057,Chuyển khoản,Desktop,1.0,5.0,0
1897,2024-10-13,1500,37.0,Nữ,TP.HCM,Referral,Thời trang,156000,3,0.093,468000,424417,83187,174856,COD,Desktop,3.0,4.0,0
1898,2024-10-13,678,25.0,Nữ,Hà Nội,Organic,Điện tử,421000,5,0.126,2105000,1840716,347590,102766,COD,Mobile,3.0,3.0,0
1899,2024-10-13,1006,37.0,Nữ,Cần Thơ,Facebook Ads,Thời trang,150000,5,0.088,750000,683980,85224,257860,Thẻ tín dụng,Mobile,2.0,3.0,0
1900,2024-10-13,1120,29.0,Nam,Hải Phòng,Facebook Ads,Mỹ phẩm,149000,5,0.082,745000,684252,62324,372632,COD,Mobile,5.0,3.0,0
1901,2024-10-13,2261,27.0,Nam,TP.HCM,Facebook Ads,Thời trang,154000,4,0.141,616000,529047,87976,177143,COD,Mobile,2.0,4.0,0
1902,2024-10-13,1251,46.0,Nữ,Hà Nội,Email,Thời trang,120000,6,0.107,720000,642783,68516,231687,COD,Mobile,1.0,5.0,0
1903,2024-10-13,1044,28.0,Nữ,Hà Nội,Facebook Ads,Thời trang,188000,1,0.264,188000,138424,104910,33514,Chuyển khoản,Desktop,1.0,5.0,0
1904,2024-10-13,409,22.0,Nam,Hà Nội,Organic,Thời trang,225000,4,0.074,900000,833251,130277,312143,Ví điện tử,Mobile,5.0,4.0,0
1905,2024-10-13,2963,24.0,Nữ,Cần Thơ,Facebook Ads,Thực phẩm,118000,2,0.05,236000,224111,78802,66507,Thẻ tín dụng,Mobile,2.0,4.0,0
1906,2024-10-14,265,28.0,Nữ,Đà Nẵng,Facebook Ads,Mỹ phẩm,130000,2,0.061,260000,244049,59473,125103,Thẻ tín dụng,Mobile,2.0,5.0,0
1907,2024-10-14,2659,27.0,Nữ,Đà Nẵng,Facebook Ads,Điện tử,336000,3,0.033,1008000,974941,236217,266290,Ví điện tử,Mobile,2.0,3.0,0
1908,2024-10-14,162,20.0,Nữ,Hải Phòng,Google Ads,Thời trang,143000,4,0.012,572000,565134,77311,255890,Chuyển khoản,Mobile,1.0,5.0,0
1909,2024-10-14,261,29.0,Nữ,Cần Thơ,Organic,Điện tử,385000,3,0.009,1155000,1144120,274481,320677,COD,Mobile,1.0,4.0,0
1910,2024-10-14,2020,34.0,Nam,TP.HCM,Referral,Gia dụng,272000,3,0.092,816000,740840,148903,294131,Thẻ tín dụng,Mobile,2.0,4.0,0
1911,2024-10-14,2063,30.0,Nữ,TP.HCM,Email,Thời trang,161000,4,0.074,644000,596137,90896,232553,Ví điện tử,Desktop,5.0,3.0,0
1912,2024-10-15,1356,30.0,Nam,Hải Phòng,Organic,Mỹ phẩm,218000,2,0.087,436000,397982,94249,209484,Chuyển khoản,Desktop,3.0,4.0,0
1913,2024-10-15,3041,18.0,Nam,Đà Nẵng,Email,Sách,92000,4,0.154,368000,311402,55010,91362,COD,Tablet,2.0,4.0,0
1914,2024-10-15,1606,36.0,Nữ,Hải Phòng,Google Ads,Mỹ phẩm,170000,9,0.111,1530000,1359822,75823,677415,COD,Mobile,2.0,5.0,0
1915,2024-10-15,3061,26.0,Nữ,Hà Nội,Google Ads,Mỹ phẩm,194000,3,0.006,582000,578783,86085,320528,COD,Desktop,3.0,3.0,0
1916,2024-10-15,3101,28.0,Nữ,TP.HCM,Organic,Mỹ phẩm,181000,5,0.089,905000,824844,84462,402534,Ví điện tử,Mobile,2.0,4.0,1
1917,2024-10-15,1522,30.0,Nam,TP.HCM,Organic,Sách,109000,4,0.076,436000,402854,72484,112918,Ví điện tử,Desktop,3.0,3.0,0
1918,2024-10-16,2909,30.0,Nam,Đà Nẵng,Google Ads,Mỹ phẩm,203000,4,0.11,812000,723064,92261,354020,Ví điện tử,Mobile,3.0,4.0,0
1919,2024-10-16,1496,44.0,Nữ,Hà Nội,Google Ads,Mỹ phẩm,204000,1,0.086,204000,186400,98692,87708,Thẻ tín dụng,Mobile,1.0,3.0,1
1920,2024-10-16,461,27.0,Nữ,Hải Phòng,Google Ads,Thời trang,251000,4,0.246,1004000,756872,139799,197676,Thẻ tín dụng,Desktop,0.0,4.0,0
1921,2024-10-16,1100,32.0,Nam,Hà Nội,Facebook Ads,Điện tử,286000,6,0.061,1716000,1611941,215502,318929,Ví điện tử,Mobile,,4.0,0
1922,2024-10-16,2056,19.0,Nam,Cần Thơ,Organic,Sách,132000,5,0.084,660000,604406,88516,161826,COD,Mobile,4.0,4.0,0
1923,2024-10-16,1880,26.0,Nam,TP.HCM,Referral,Điện tử,323000,1,0.076,323000,298568,237836,60732,Ví điện tử,Mobile,3.0,3.0,0
1924,2024-10-16,234,42.0,Nam,TP.HCM,Email,Thời trang,211000,5,0.182,1055000,862663,122184,251743,Chuyển khoản,Mobile,1.0,,0
1925,2024-10-16,1782,29.0,Nam,TP.HCM,Facebook Ads,Thực phẩm,162000,6,0.175,972000,801997,117057,99655,COD,Mobile,4.0,4.0,0
1926,2024-10-17,3247,43.0,Nữ,Hà Nội,Organic,Gia dụng,246000,5,0.081,1230000,1130314,141719,421719,Ví điện tử,Mobile,0.0,4.0,0
1927,2024-10-17,1211,40.0,Nữ,TP.HCM,Organic,Thực phẩm,121000,2,0.09,242000,220138,82378,55382,COD,Mobile,5.0,3.0,0
1928,2024-10-17,1819,31.0,Nam,TP.HCM,Google Ads,Mỹ phẩm,238000,6,0.257,1428000,1060961,98594,469397,COD,Mobile,4.0,3.0,0
1929,2024-10-17,1763,39.0,Nam,TP.HCM,Email,Mỹ phẩm,356000,5,0.094,1780000,1613325,153690,844875,Thẻ tín dụng,Mobile,1.0,4.0,0
1930,2024-10-17,2186,43.0,Nữ,Hà Nội,Organic,Mỹ phẩm,279000,6,0.055,1674000,1581427,115992,885475,Thẻ tín dụng,Desktop,2.0,4.0,0
1931,2024-10-17,2716,49.0,Nam,TP.HCM,Google Ads,Điện tử,366000,2,0.235,732000,560196,255407,49382,Chuyển khoản,Mobile,2.0,3.0,0
1932,2024-10-18,2948,47.0,Nữ,Đà Nẵng,Email,Điện tử,121000,6,0.104,726000,650800,86448,132112,COD,Desktop,1.0,4.0,0
1933,2024-10-18,2977,38.0,Nữ,Hà Nội,Facebook Ads,Mỹ phẩm,315000,7,0.141,2205000,1895002,145176,878770,COD,Mobile,3.0,4.0,0
1934,2024-10-18,2415,35.0,Nữ,TP.HCM,Google Ads,Sách,59000,2,0.088,118000,107657,39245,29167,Chuyển khoản,Mobile,5.0,4.0,0
1935,2024-10-18,2319,43.0,Nữ,Cần Thơ,Organic,Thực phẩm,154000,3,0.082,462000,423903,109790,94533,Thẻ tín dụng,Desktop,2.0,4.0,0
1936,2024-10-18,981,43.0,Nữ,Hải Phòng,Facebook Ads,Gia dụng,263000,5,0.065,1315000,1229435,156610,446385,COD,Mobile,3.0,4.0,0
1937,2024-10-19,2375,30.0,Nam,Đà Nẵng,Organic,Mỹ phẩm,268000,5,0.032,1340000,1297190,118983,702275,Chuyển khoản,Desktop,3.0,5.0,0
1938,2024-10-19,1781,26.0,Nữ,TP.HCM,Facebook Ads,Thời trang,174000,5,0.19,870000,704346,96526,221716,Thẻ tín dụng,Mobile,4.0,2.0,0
1939,2024-10-19,487,23.0,Nữ,TP.HCM,Organic,Mỹ phẩm,187000,3,0.082,561000,515170,87328,253186,COD,Desktop,1.0,5.0,0
1940,2024-10-19,1800,18.0,Nữ,Hải Phòng,Facebook Ads,Thời trang,98000,4,0.082,392000,359912,57449,130116,Thẻ tín dụng,Desktop,1.0,4.0,0
1941,2024-10-19,1025,36.0,Nữ,TP.HCM,Facebook Ads,Thời trang,120000,2,0.167,240000,199881,66670,66541,COD,Mobile,3.0,4.0,0
1942,2024-10-19,1036,20.0,Nữ,TP.HCM,Facebook Ads,Gia dụng,224000,2,0.082,448000,411096,128983,153130,Thẻ tín dụng,Desktop,6.0,,0
1943,2024-10-19,3134,31.0,Nữ,TP.HCM,Google Ads,Thời trang,290000,5,0.148,1450000,1235497,153167,469662,COD,Mobile,4.0,4.0,0
1944,2024-10-19,178,35.0,Nữ,Cần Thơ,Referral,Sách,83000,5,0.115,415000,367420,52906,102890,Chuyển khoản,Desktop,,3.0,0
1945,2024-10-19,1237,18.0,Nữ,TP.HCM,Google Ads,Mỹ phẩm,174000,3,0.092,522000,473979,78753,237720,Chuyển khoản,Mobile,1.0,4.0,0
1946,2024-10-19,1018,34.0,Nữ,Hà Nội,Referral,Điện tử,419000,5,0.038,2095000,2016140,265953,686375,COD,Tablet,2.0,4.0,0
1947,2024-10-19,1157,29.0,Nam,TP.HCM,Google Ads,Mỹ phẩm,251000,2,0.123,502000,440213,120468,199277,Thẻ tín dụng,Mobile,6.0,3.0,0
1948,2024-10-19,1859,18.0,Nam,Hà Nội,Organic,Thực phẩm,112000,3,0.068,336000,313105,88573,47386,COD,Mobile,2.0,4.0,0
1949,2024-10-20,813,33.0,Nữ,Hà Nội,Facebook Ads,Gia dụng,414000,4,0.026,1656000,1612412,266825,545112,Ví điện tử,Mobile,8.0,3.0,0
1950,2024-10-20,2263,42.0,Nam,Hà Nội,Facebook Ads,Điện tử,241000,4,0.068,964000,898285,167216,229421,Chuyển khoản,Mobile,2.0,5.0,0
1951,2024-10-20,2378,33.0,Nam,Hải Phòng,Facebook Ads,Mỹ phẩm,235000,4,0.132,940000,816149,104618,397677,Thẻ tín dụng,Mobile,2.0,4.0,0
1952,2024-10-20,1838,21.0,Nam,TP.HCM,Google Ads,Thời trang,181000,2,0.062,362000,339549,94797,149955,COD,Desktop,4.0,4.0,0
1953,2024-10-20,385,34.0,Nữ,Cần Thơ,Organic,Gia dụng,304000,4,0.113,1216000,1078957,184754,339941,Chuyển khoản,Mobile,1.0,5.0,0
1954,2024-10-20,1251,46.0,Nữ,TP.HCM,Facebook Ads,Mỹ phẩm,233000,5,0.074,1165000,1078258,108372,536398,Ví điện tử,Tablet,2.0,4.0,0
1955,2024-10-20,3094,44.0,Nam,Hà Nội,Organic,Thời trang,132000,3,0.117,396000,349662,66505,150147,COD,Mobile,2.0,3.0,0
1956,2024-10-21,585,36.0,Nữ,Hà Nội,Google Ads,Thực phẩm,96000,6,0.057,576000,542987,62182,169895,Thẻ tín dụng,Mobile,3.0,4.0,0
1957,2024-10-21,3110,42.0,Nam,Cần Thơ,Organic,Sách,101000,3,0.09,303000,275767,66913,75028,COD,Mobile,5.0,4.0,0
1958,2024-10-21,2956,18.0,Nữ,Hà Nội,Facebook Ads,Thực phẩm,105000,9,0.098,945000,852084,73652,189216,Ví điện tử,Mobile,1.0,4.0,0
1959,2024-10-21,3041,18.0,Nam,TP.HCM,Organic,Mỹ phẩm,171000,2,0.15,342000,290850,74553,141744,Ví điện tử,Desktop,2.0,3.0,0
1960,2024-10-21,805,31.0,Nam,Hà Nội,Facebook Ads,Mỹ phẩm,88000,3,0.2,264000,211079,37179,99542,COD,Mobile,1.0,5.0,0
1961,2024-10-21,3183,42.0,Nam,Đà Nẵng,Organic,Mỹ phẩm,158000,8,0.179,1264000,1038075,68341,491347,Ví điện tử,Mobile,2.0,,0
1962,2024-10-21,2140,36.0,Nam,TP.HCM,Organic,Thời trang,108000,4,0.037,432000,416000,63075,163700,Ví điện tử,Desktop,2.0,4.0,0
1963,2024-10-21,1696,,Nữ,Cần Thơ,Email,Thời trang,81000,6,0.094,486000,440552,41827,189590,COD,Mobile,6.0,4.0,0
1964,2024-10-21,532,19.0,Nữ,Hải Phòng,Facebook Ads,Mỹ phẩm,218000,7,0.076,1526000,1409760,95390,742030,Ví điện tử,Mobile,3.0,4.0,0
1965,2024-10-22,1656,30.0,Nam,TP.HCM,Facebook Ads,Gia dụng,229000,8,0.095,1832000,1657402,143761,507314,COD,Mobile,4.0,3.0,0
1966,2024-10-22,1453,32.0,Nữ,Hải Phòng,Referral,Mỹ phẩm,243000,4,0.074,972000,899893,107512,469845,COD,Mobile,2.0,4.0,0
1967,2024-10-22,1873,18.0,Nam,TP.HCM,Facebook Ads,Mỹ phẩm,193000,3,0.014,579000,570848,83896,319160,Ví điện tử,Desktop,2.0,4.0,0
1968,2024-10-22,2865,34.0,Nam,Đà Nẵng,Google Ads,Điện tử,258000,6,0.069,1548000,1441473,198380,251193,Thẻ tín dụng,Mobile,1.0,5.0,0
1969,2024-10-22,1818,36.0,Nữ,Đà Nẵng,Google Ads,Thực phẩm,100000,7,0.048,700000,666618,66868,198542,Thẻ tín dụng,Desktop,1.0,5.0,0
1970,2024-10-22,441,33.0,Nữ,Cần Thơ,Organic,Mỹ phẩm,161000,5,0.105,805000,720703,74784,346783,Chuyển khoản,Mobile,2.0,5.0,0
1971,2024-10-22,1897,28.0,Nam,Đà Nẵng,Facebook Ads,Mỹ phẩm,274000,7,0.126,1918000,1675484,122891,815247,Chuyển khoản,Mobile,2.0,3.0,0
1972,2024-10-22,1519,36.0,Nữ,Hà Nội,Facebook Ads,Thực phẩm,122000,4,0.11,488000,434171,87435,84431,COD,Mobile,4.0,4.0,0
1973,2024-10-22,1262,21.0,Nam,TP.HCM,Organic,Thời trang,240000,2,0.081,480000,440970,134131,172708,COD,Mobile,2.0,4.0,1
1974,2024-10-23,2820,20.0,Nam,TP.HCM,Email,Gia dụng,396000,2,0.155,792000,669275,237895,193485,COD,Desktop,0.0,5.0,0
1975,2024-10-23,238,36.0,Nữ,Đà Nẵng,Google Ads,Mỹ phẩm,179000,4,0.054,716000,677100,74271,380016,COD,Mobile,0.0,4.0,1
1976,2024-10-23,2379,29.0,Nữ,Đà Nẵng,Facebook Ads,Gia dụng,156000,5,0.045,780000,744538,99249,248293,Ví điện tử,Mobile,2.0,4.0,0
1977,2024-10-23,2706,31.0,Nam,TP.HCM,Facebook Ads,Mỹ phẩm,197000,2,0.052,394000,373544,92331,188882,Ví điện tử,Desktop,1.0,4.0,0
1978,2024-10-23,2896,27.0,Nam,Hà Nội,Email,Sách,74000,1,0.129,74000,64459,51096,13363,COD,Mobile,6.0,3.0,0
1979,2024-10-24,2791,36.0,Nữ,Hà Nội,Organic,Thời trang,128000,6,0.174,768000,634033,71266,206437,Thẻ tín dụng,Mobile,4.0,4.0,0
1980,2024-10-24,2669,24.0,Nam,Đà Nẵng,Organic,Thời trang,168000,4,0.084,672000,615859,91117,251391,Ví điện tử,Mobile,1.0,5.0,0
1981,2024-10-24,1791,,Nam,Hà Nội,Facebook Ads,Thời trang,221000,4,0.072,884000,820374,116957,352546,Thẻ tín dụng,Desktop,3.0,4.0,0
1982,2024-10-24,759,28.0,Nữ,TP.HCM,Facebook Ads,Thời trang,133000,4,0.086,532000,486359,74988,186407,Ví điện tử,Mobile,1.0,5.0,0
1983,2024-10-24,3208,24.0,Nữ,TP.HCM,Organic,Thời trang,168000,2,0.068,336000,313174,97854,117466,Chuyển khoản,Desktop,1.0,4.0,0
1984,2024-10-24,558,29.0,Nữ,TP.HCM,Organic,Thực phẩm,125000,3,0.235,375000,286942,83810,35512,COD,Tablet,4.0,,0
1985,2024-10-24,2206,47.0,Nữ,Hà Nội,Facebook Ads,Điện tử,337000,2,0.049,674000,641176,252688,135800,Ví điện tử,Desktop,5.0,3.0,0
1986,2024-10-24,238,36.0,Nữ,Hà Nội,Organic,Điện tử,303000,3,0.076,909000,840246,217857,186675,Thẻ tín dụng,Desktop,0.0,5.0,0
1987,2024-10-24,1013,18.0,Nam,Hà Nội,Email,Mỹ phẩm,174000,6,0.176,1044000,860163,78478,389295,Ví điện tử,Mobile,2.0,4.0,0
1988,2024-10-25,3276,18.0,Nam,Hải Phòng,Email,Gia dụng,243000,4,0.059,972000,914736,145125,334236,COD,Mobile,1.0,4.0,0
1989,2024-10-25,724,28.0,Nam,TP.HCM,Organic,Điện tử,184000,3,0.083,552000,506327,132466,108929,Ví điện tử,Mobile,5.0,4.0,0
1990,2024-10-25,46,33.0,Nữ,Hà Nội,Referral,Mỹ phẩm,288000,1,0.1,288000,259094,123807,135287,Thẻ tín dụng,Mobile,1.0,3.0,0
1991,2024-10-25,224,45.0,Nữ,Hải Phòng,Facebook Ads,Thời trang,103000,4,0.105,412000,368737,56966,140873,Chuyển khoản,Mobile,3.0,4.0,0
1992,2024-10-25,36,,Nam,Hà Nội,Referral,Mỹ phẩm,122000,1,0.095,122000,110411,53740,56671,Thẻ tín dụng,Mobile,5.0,3.0,0
1993,2024-10-25,2319,43.0,Nữ,Hà Nội,Google Ads,Điện tử,189000,4,0.13,756000,657759,138113,105307,Thẻ tín dụng,Mobile,1.0,5.0,0
1994,2024-10-25,2130,39.0,Nam,TP.HCM,Google Ads,Gia dụng,219000,7,0.071,1533000,1423429,138992,450485,Ví điện tử,Desktop,5.0,4.0,0
1995,2024-10-25,3083,50.0,Nam,Hà Nội,Google Ads,Thực phẩm,122000,1,0.063,122000,114260,80975,33285,Ví điện tử,Mobile,1.0,5.0,0
1996,2024-10-25,2270,22.0,Nam,TP.HCM,Referral,Thời trang,213000,4,0.238,852000,649430,112633,198898,Ví điện tử,Mobile,1.0,4.0,0
1997,2024-10-26,2550,24.0,Nữ,TP.HCM,Organic,Sách,120000,4,0.088,480000,437996,76450,132196,Chuyển khoản,Mobile,1.0,5.0,0
1998,2024-10-26,1938,22.0,Nam,TP.HCM,Facebook Ads,Gia dụng,355000,5,0.164,1775000,1483946,228332,342286,COD,Mobile,2.0,,1
1999,2024-10-26,2539,26.0,Nam,Hà Nội,Facebook Ads,Điện tử,328000,5,0.049,1640000,1559328,227755,420553,Thẻ tín dụng,Mobile,1.0,4.0,0
2000,2024-10-26,1114,31.0,Nữ,Hà Nội,Facebook Ads,Gia dụng,202000,4,0.131,808000,702098,123044,209922,COD,Mobile,4.0,4.0,0
2001,2024-10-26,2788,32.0,Nam,TP.HCM,Organic,Thực phẩm,126000,2,0.291,252000,178691,87463,3765,Ví điện tử,Mobile,1.0,4.0,0
2002,2024-10-26,675,49.0,Nữ,Hà Nội,Referral,Gia dụng,242000,3,0.082,726000,666616,150349,215569,Ví điện tử,Mobile,1.0,5.0,0
2003,2024-10-26,1383,25.0,Nữ,Hà Nội,Referral,Điện tử,371000,5,0.112,1855000,1646581,272656,283301,COD,Desktop,1.0,4.0,0
2004,2024-10-26,2735,42.0,Nữ,TP.HCM,Referral,Thời trang,170000,5,0.121,850000,747220,93253,280955,Ví điện tử,Mobile,2.0,4.0,0
2005,2024-10-26,3169,33.0,Nam,Hà Nội,Facebook Ads,Thời trang,127000,2,0.028,254000,246992,63483,120026,Thẻ tín dụng,Tablet,2.0,4.0,0
2006,2024-10-26,3027,46.0,Nữ,Hà Nội,Facebook Ads,Mỹ phẩm,219000,4,0.068,876000,816763,97000,428763,Ví điện tử,Desktop,1.0,5.0,0
2007,2024-10-26,2280,35.0,Nữ,TP.HCM,Organic,Gia dụng,305000,3,0.137,915000,789932,180980,246992,Ví điện tử,Mobile,2.0,5.0,0
2008,2024-10-26,3228,32.0,Nữ,Hà Nội,Google Ads,Sách,107000,7,0.055,749000,708060,73327,194771,COD,Mobile,4.0,4.0,0
2009,2024-10-26,1967,42.0,Nữ,Cần Thơ,Organic,Điện tử,363000,6,0.123,2178000,1911141,261798,340353,COD,Mobile,2.0,5.0,0
2010,2024-10-27,447,38.0,Nam,Hà Nội,Email,Gia dụng,257000,1,0.07,257000,238934,149630,89304,Ví điện tử,Mobile,5.0,5.0,0
2011,2024-10-27,264,36.0,Nữ,Cần Thơ,Facebook Ads,Điện tử,178000,2,0.02,356000,348875,130100,88675,Ví điện tử,Mobile,6.0,3.0,0
2012,2024-10-27,2291,39.0,Nữ,Hải Phòng,Organic,Sách,84000,4,0.118,336000,296395,56801,69191,Thẻ tín dụng,Mobile,7.0,4.0,0
2013,2024-10-27,3298,21.0,Nữ,TP.HCM,Facebook Ads,Điện tử,216000,2,0.214,432000,339394,154740,29914,Thẻ tín dụng,Mobile,3.0,3.0,0
2014,2024-10-27,2009,42.0,Nữ,Hà Nội,Organic,Điện tử,433000,2,0.171,866000,717785,275898,165989,Thẻ tín dụng,Mobile,3.0,4.0,0
2015,2024-10-27,1609,39.0,Nam,Đà Nẵng,Google Ads,Gia dụng,220000,4,0.036,880000,848517,134348,311125,COD,Mobile,1.0,4.0,0
2016,2024-10-27,772,43.0,Nam,Hà Nội,Facebook Ads,Thời trang,155000,5,0.079,775000,713665,84861,289360,Chuyển khoản,Mobile,3.0,4.0,0
2017,2024-10-27,232,51.0,Nữ,Hải Phòng,Google Ads,Điện tử,504000,1,0.048,504000,479830,344151,135679,Ví điện tử,Desktop,5.0,5.0,0
2018,2024-10-27,2692,35.0,Nam,TP.HCM,Facebook Ads,Điện tử,360000,2,0.057,720000,678898,263848,151202,COD,Desktop,2.0,,0
2019,2024-10-27,986,22.0,Nữ,TP.HCM,Facebook Ads,Thực phẩm,137000,5,0.107,685000,611887,88030,171737,Thẻ tín dụng,Mobile,3.0,4.0,0
2020,2024-10-28,3270,37.0,Nữ,TP.HCM,Google Ads,Sách,79000,2,0.101,158000,142016,53915,34186,Thẻ tín dụng,Mobile,,4.0,0
2021,2024-10-28,927,31.0,Nam,Hải Phòng,Facebook Ads,Thời trang,209000,1,0.049,209000,198850,115555,83295,COD,Mobile,1.0,4.0,0
2022,2024-10-28,2165,46.0,Nữ,Đà Nẵng,Facebook Ads,Thực phẩm,148000,1,0.105,148000,132476,104853,27623,COD,Mobile,2.0,4.0,0
2023,2024-10-28,546,33.0,Nữ,Hà Nội,Facebook Ads,Sách,83000,6,0.087,498000,454915,52644,139051,Ví điện tử,Mobile,6.0,4.0,0
2024,2024-10-28,3151,37.0,Nam,TP.HCM,Facebook Ads,Gia dụng,278000,5,0.091,1390000,1263413,171417,406328,Chuyển khoản,Desktop,6.0,4.0,0
2025,2024-10-29,903,54.0,Nam,Hà Nội,Organic,Thực phẩm,105000,4,0.114,420000,372259,73426,78555,Thẻ tín dụng,Mobile,0.0,5.0,0
2026,2024-10-29,1188,32.0,Nữ,TP.HCM,Facebook Ads,Điện tử,483000,5,0.268,2415000,1767055,356108,-13485,Ví điện tử,Mobile,3.0,5.0,0
2027,2024-10-29,102,21.0,Nam,TP.HCM,Organic,Thời trang,188000,5,0.068,940000,875716,103806,356686,Chuyển khoản,Desktop,5.0,5.0,0
2028,2024-10-29,147,44.0,Nam,TP.HCM,Facebook Ads,Gia dụng,337000,5,0.047,1685000,1605921,201402,598911,COD,Desktop,3.0,5.0,0
2029,2024-10-29,1330,23.0,Nữ,Hà Nội,Email,Sách,91000,1,0.117,91000,80356,60253,20103,Thẻ tín dụng,Tablet,5.0,4.0,0
2030,2024-10-29,1531,29.0,Nam,Cần Thơ,Referral,Sách,104000,2,0.142,208000,178433,65452,47529,Ví điện tử,Desktop,3.0,5.0,0
2031,2024-10-29,272,36.0,Nam,TP.HCM,Organic,Thời trang,154000,3,0.11,462000,411229,93681,130186,COD,Tablet,2.0,4.0,0
2032,2024-10-30,3098,33.0,Nam,Hà Nội,Facebook Ads,Điện tử,132000,4,0.09,528000,480232,95443,98460,COD,Mobile,1.0,5.0,0
2033,2024-10-30,1787,37.0,Nữ,TP.HCM,Organic,Điện tử,246000,6,0.156,1476000,1245615,168865,232425,COD,Mobile,5.0,4.0,0
2034,2024-10-30,891,31.0,Nữ,TP.HCM,Organic,Điện tử,105000,5,0.046,525000,501017,68086,160587,COD,Mobile,4.0,3.0,1
2035,2024-10-30,2265,48.0,Nữ,Hải Phòng,Email,Sách,62000,2,0.048,124000,118051,41835,34381,Ví điện tử,Desktop,5.0,4.0,0
2036,2024-10-30,3051,42.0,Nam,TP.HCM,Facebook Ads,Thực phẩm,97000,6,0.271,582000,424373,65658,30425,COD,Mobile,3.0,4.0,0
2037,2024-10-30,143,29.0,Nam,TP.HCM,Facebook Ads,Gia dụng,266000,4,0.208,1064000,842835,166124,178339,COD,Desktop,2.0,4.0,0
2038,2024-10-30,2632,46.0,Nữ,Hà Nội,Facebook Ads,Điện tử,455000,5,0.106,2275000,2033313,338760,339513,Chuyển khoản,Mobile,3.0,4.0,0
2039,2024-10-30,205,40.0,Nam,Hải Phòng,Facebook Ads,Thời trang,120000,4,0.186,480000,390660,68998,114668,COD,Desktop,2.0,4.0,0
2040,2024-10-30,2883,45.0,Nữ,TP.HCM,Referral,Gia dụng,254000,3,0.051,762000,723434,147267,281633,COD,Tablet,6.0,4.0,0
2041,2024-10-30,2427,48.0,Nữ,Hà Nội,Facebook Ads,Gia dụng,379000,3,0.088,1137000,1037019,224220,364359,Thẻ tín dụng,Mobile,6.0,4.0,0
2042,2024-10-31,2464,35.0,Nam,Hải Phòng,Referral,Thời trang,79000,5,0.082,395000,362779,41667,154444,COD,Desktop,5.0,4.0,0
2043,2024-10-31,20,27.0,Nam,Hà Nội,Facebook Ads,Mỹ phẩm,247000,7,0.211,1729000,1363528,111076,585996,COD,Mobile,3.0,3.0,1
2044,2024-10-31,1405,37.0,Nam,Hà Nội,Referral,Thực phẩm,155000,4,0.168,620000,515646,115825,52346,COD,Mobile,1.0,4.0,0
2045,2024-10-31,2703,27.0,Nữ,Hà Nội,Referral,Gia dụng,162000,1,0.035,162000,156296,88501,67795,COD,Desktop,2.0,4.0,0
2046,2024-10-31,876,25.0,Nữ,Hải Phòng,Facebook Ads,Thực phẩm,176000,7,0.06,1232000,1158515,113922,361061,Thẻ tín dụng,Desktop,1.0,3.0,0
2047,2024-10-31,2483,27.0,Nữ,Đà Nẵng,Facebook Ads,Gia dụng,186000,4,0.08,744000,684709,107705,253889,Ví điện tử,Mobile,1.0,4.0,0
2048,2024-11-01,2959,22.0,Nam,TP.HCM,Google Ads,Thời trang,292000,2,0.107,584000,521678,153229,215220,Chuyển khoản,Mobile,3.0,4.0,0
2049,2024-11-01,2501,18.0,Nữ,Hà Nội,Facebook Ads,Gia dụng,168000,4,0.093,672000,609199,106863,181747,Ví điện tử,Mobile,4.0,4.0,0
2050,2024-11-01,1811,22.0,Nữ,TP.HCM,Organic,Thực phẩm,121000,4,0.133,484000,419861,89673,61169,COD,Tablet,2.0,3.0,0
2051,2024-11-01,2606,36.0,Nam,TP.HCM,Referral,Thời trang,125000,3,0.16,375000,315166,64312,122230,Chuyển khoản,Mobile,,3.0,1
2052,2024-11-01,833,36.0,Nữ,TP.HCM,Facebook Ads,Thực phẩm,162000,4,0.023,648000,632962,105882,209434,COD,Mobile,2.0,5.0,0
2053,2024-11-01,1078,36.0,Nam,TP.HCM,Organic,Sách,95000,6,0.077,570000,526128,63597,144546,Thẻ tín dụng,Mobile,4.0,4.0,0
2054,2024-11-01,3051,42.0,Nam,Hải Phòng,Organic,Mỹ phẩm,306000,5,0.075,1530000,1415989,137636,727809,COD,Mobile,2.0,3.0,0
2055,2024-11-01,2890,,Nữ,TP.HCM,Organic,Điện tử,398000,4,0.146,1592000,1359217,308849,123821,COD,Mobile,1.0,4.0,0
2056,2024-11-01,1119,30.0,Nữ,TP.HCM,Facebook Ads,Mỹ phẩm,151000,3,0.239,453000,344684,70044,134552,Ví điện tử,Mobile,2.0,4.0,0
2057,2024-11-01,1491,24.0,Nữ,Hải Phòng,Email,Điện tử,187000,8,0.039,1496000,1437430,142225,299630,Thẻ tín dụng,Mobile,4.0,3.0,0
2058,2024-11-01,1018,34.0,Nữ,Hà Nội,Google Ads,Thời trang,176000,2,0.241,352000,267208,96494,74220,Thẻ tín dụng,Mobile,1.0,4.0,0
2059,2024-11-02,2326,37.0,Nữ,Hải Phòng,Referral,Thời trang,257000,1,0.076,257000,237346,139643,97703,Ví điện tử,Mobile,4.0,4.0,0
2060,2024-11-02,3006,43.0,Nam,Đà Nẵng,Google Ads,Mỹ phẩm,298000,2,0.096,596000,538924,135831,267262,Chuyển khoản,Mobile,3.0,,0
2061,2024-11-02,1922,41.0,Nam,TP.HCM,Email,Thời trang,158000,3,0.245,474000,357991,90372,86875,COD,Desktop,3.0,4.0,0
2062,2024-11-02,243,43.0,Nam,Hà Nội,Google Ads,Điện tử,364000,2,0.089,728000,663092,264186,134720,Thẻ tín dụng,Mobile,4.0,3.0,0
2063,2024-11-02,3017,18.0,Nam,Hà Nội,Facebook Ads,Mỹ phẩm,203000,31,0.064,6293000,5892497,88625,3145122,COD,Mobile,9.0,3.0,1
2064,2024-11-02,1334,18.0,Nữ,Hải Phòng,Facebook Ads,Mỹ phẩm,201000,2,0.142,402000,345088,85425,174238,Thẻ tín dụng,Mobile,4.0,5.0,0
2065,2024-11-02,3192,21.0,Nam,Hà Nội,Facebook Ads,Thời trang,138000,1,0.17,138000,114481,68952,45529,Chuyển khoản,Mobile,2.0,5.0,0
2066,2024-11-02,467,39.0,Nữ,Hà Nội,Email,Sách,98000,5,0.084,490000,448931,64603,125916,COD,Desktop,2.0,4.0,0
2067,2024-11-02,357,24.0,Nữ,Hà Nội,Google Ads,Sách,122000,4,0.065,488000,456421,71184,171685,Ví điện tử,Mobile,2.0,4.0,0
2068,2024-11-02,1354,,Nam,Cần Thơ,Facebook Ads,Thời trang,184000,4,0.21,736000,581689,111395,136109,Thẻ tín dụng,Desktop,3.0,3.0,0
2069,2024-11-02,2859,29.0,Nam,TP.HCM,Organic,Gia dụng,231000,2,0.073,462000,428134,133832,160470,Thẻ tín dụng,Mobile,1.0,5.0,0
2070,2024-11-02,92,23.0,Nữ,TP.HCM,Organic,Thời trang,165000,3,0.132,495000,429489,90516,157941,Ví điện tử,Desktop,1.0,5.0,0
2071,2024-11-02,2800,43.0,Nữ,Hà Nội,Facebook Ads,Gia dụng,199000,3,0.063,597000,559622,112880,220982,Ví điện tử,Mobile,6.0,3.0,0
2072,2024-11-02,3198,22.0,Nữ,Cần Thơ,Referral,Sách,83000,3,0.044,249000,238124,56539,68507,Ví điện tử,Mobile,2.0,4.0,0
2073,2024-11-02,2087,46.0,Nữ,Đà Nẵng,Facebook Ads,Điện tử,290000,4,0.061,1160000,1089351,197282,300223,Ví điện tử,Mobile,2.0,3.0,0
2074,2024-11-02,3130,33.0,Nữ,TP.HCM,Google Ads,Thời trang,249000,3,0.19,747000,604973,141995,178988,Thẻ tín dụng,Mobile,2.0,3.0,0
2075,2024-11-02,93,46.0,Nữ,Đà Nẵng,Google Ads,Mỹ phẩm,224000,3,0.013,672000,663256,97212,371620,Ví điện tử,Mobile,1.0,5.0,0
2076,2024-11-02,3057,19.0,Nữ,Hải Phòng,Referral,Thời trang,173000,5,0.003,865000,862657,92105,402132,Thẻ tín dụng,Tablet,1.0,4.0,0
2077,2024-11-03,2725,33.0,Nữ,TP.HCM,Organic,Sách,98000,8,0.017,784000,770749,58733,300885,COD,Mobile,3.0,5.0,0
2078,2024-11-03,1063,37.0,Nữ,TP.HCM,Google Ads,Gia dụng,106000,2,0.076,212000,195919,63986,67947,COD,Tablet,4.0,4.0,0
2079,2024-11-03,560,46.0,Nữ,Hà Nội,Google Ads,Thời trang,170000,2,0.08,340000,312725,87583,137559,COD,Mobile,1.0,4.0,0
2080,2024-11-03,2150,18.0,Nữ,Cần Thơ,Google Ads,Mỹ phẩm,203000,4,0.11,812000,722455,86538,376303,Thẻ tín dụng,Desktop,8.0,3.0,1
2081,2024-11-03,2851,49.0,Nam,TP.HCM,Organic,Gia dụng,164000,5,0.147,820000,699718,97197,213733,Ví điện tử,Mobile,1.0,4.0,0
2082,2024-11-03,538,18.0,Nam,Hà Nội,Organic,Mỹ phẩm,158000,3,0.116,474000,419212,68795,212827,COD,Mobile,7.0,3.0,0
2083,2024-11-03,2452,33.0,Nữ,Hải Phòng,Facebook Ads,Gia dụng,243000,2,0.084,486000,445127,154249,136629,Thẻ tín dụng,Mobile,3.0,5.0,1
2084,2024-11-03,1675,35.0,Nữ,TP.HCM,Referral,Điện tử,299000,24,0.019,7176000,7038977,216365,1846217,COD,Mobile,1.0,4.0,1
2085,2024-11-03,2630,37.0,Nữ,TP.HCM,Facebook Ads,Thời trang,101000,6,0.012,606000,598945,54951,269239,Ví điện tử,Desktop,2.0,5.0,0
2086,2024-11-03,2262,33.0,Nam,Cần Thơ,Google Ads,Thời trang,230000,6,0.264,1380000,1015698,120115,295008,COD,Mobile,3.0,3.0,0
2087,2024-11-04,332,26.0,Nữ,TP.HCM,Organic,Thời trang,233000,2,0.037,466000,448561,131845,184871,Ví điện tử,Mobile,1.0,4.0,0
2088,2024-11-04,907,41.0,Nam,Hải Phòng,Organic,Thời trang,105000,5,0.095,525000,475377,58553,182612,COD,Mobile,4.0,4.0,0
2089,2024-11-04,1600,40.0,Nam,Cần Thơ,Google Ads,Thực phẩm,119000,2,0.169,238000,197768,81661,34446,Ví điện tử,Mobile,3.0,4.0,0
2090,2024-11-04,188,18.0,Nữ,Hải Phòng,Organic,Gia dụng,162000,5,0.011,810000,800996,89191,355041,Chuyển khoản,Mobile,5.0,3.0,0
2091,2024-11-04,3131,24.0,Nữ,TP.HCM,Facebook Ads,Mỹ phẩm,202000,5,0.166,1010000,841841,94327,370206,Chuyển khoản,Desktop,6.0,2.0,0
2092,2024-11-04,2850,36.0,Nam,Hải Phòng,Organic,Thời trang,174000,2,0.028,348000,338392,101460,135472,Chuyển khoản,Desktop,6.0,4.0,0
2093,2024-11-04,596,34.0,Nữ,TP.HCM,Facebook Ads,Thời trang,199000,2,0.076,398000,367879,103981,159917,COD,Desktop,3.0,4.0,0
2094,2024-11-04,1977,40.0,Nữ,Hà Nội,Facebook Ads,Thực phẩm,103000,2,0.125,206000,180253,78006,24241,Ví điện tử,Mobile,1.0,4.0,0
2095,2024-11-05,644,38.0,Nữ,Hà Nội,Facebook Ads,Thời trang,149000,4,0.118,596000,525512,83226,192608,Thẻ tín dụng,Mobile,3.0,5.0,0
2096,2024-11-05,354,42.0,Nam,TP.HCM,Referral,Điện tử,223000,5,0.129,1115000,971715,154711,198160,COD,Desktop,2.0,3.0,0
2097,2024-11-05,2338,36.0,Nam,Hà Nội,Facebook Ads,Thời trang,163000,8,0.085,1304000,1193609,90001,473601,Thẻ tín dụng,Mobile,3.0,4.0,0
2098,2024-11-05,2000,39.0,Nữ,Hải Phòng,Google Ads,Gia dụng,300000,3,0.13,900000,782679,179311,244746,COD,Mobile,1.0,4.0,1
2099,2024-11-05,957,25.0,Nữ,Đà Nẵng,Facebook Ads,Thời trang,104000,7,0.025,728000,709695,57089,310072,Ví điện tử,Mobile,1.0,4.0,0
2100,2024-11-06,1111,34.0,Nữ,TP.HCM,Google Ads,Thời trang,122000,4,0.067,488000,455384,67106,186960,COD,Mobile,6.0,,0
2101,2024-11-06,135,38.0,Nữ,Cần Thơ,Organic,Điện tử,361000,5,0.087,1805000,1647286,248585,404361,Ví điện tử,Mobile,4.0,4.0,0
2102,2024-11-06,280,39.0,Nữ,Đà Nẵng,Facebook Ads,Gia dụng,254000,4,0.057,1016000,957786,160290,316626,Ví điện tử,Tablet,,5.0,0
2103,2024-11-06,474,53.0,Nữ,Hà Nội,Google Ads,Thời trang,102000,2,0.197,204000,163856,59474,44908,COD,Mobile,3.0,3.0,0
2104,2024-11-06,1967,42.0,Nữ,Đà Nẵng,Email,Điện tử,234000,2,0.048,468000,445627,169526,106575,Thẻ tín dụng,Mobile,6.0,3.0,0
2105,2024-11-06,3098,33.0,Nam,TP.HCM,Facebook Ads,Gia dụng,250000,4,0.07,1000000,930408,164878,270896,Thẻ tín dụng,Mobile,4.0,2.0,0
2106,2024-11-06,2193,23.0,Nữ,TP.HCM,Google Ads,Thời trang,155000,2,0.038,310000,298136,88422,121292,Thẻ tín dụng,Desktop,3.0,3.0,0
2107,2024-11-06,1953,38.0,Nữ,Hà Nội,Referral,Thực phẩm,123000,5,0.183,615000,502620,83668,84280,COD,Mobile,8.0,4.0,0
2108,2024-11-06,1756,41.0,Nữ,Hải Phòng,Email,Gia dụng,239000,3,0.099,717000,646303,143957,214432,COD,Mobile,4.0,4.0,0
2109,2024-11-06,1016,29.0,Nam,Cần Thơ,Facebook Ads,Thời trang,206000,4,0.099,824000,742038,118729,267122,Thẻ tín dụng,Mobile,1.0,4.0,0
2110,2024-11-06,1930,39.0,Nữ,Cần Thơ,Organic,Gia dụng,150000,4,0.071,600000,557497,92260,188457,Thẻ tín dụng,Desktop,5.0,4.0,0
2111,2024-11-06,380,22.0,Nữ,Hà Nội,Organic,Gia dụng,388000,2,0.069,776000,722749,243841,235067,COD,Mobile,2.0,5.0,0
2112,2024-11-06,3271,22.0,Nam,Hà Nội,Organic,Điện tử,481000,1,0.073,481000,445854,317058,128796,Ví điện tử,Mobile,5.0,4.0,0
2113,2024-11-06,61,36.0,Nam,TP.HCM,Facebook Ads,Gia dụng,151000,3,0.108,453000,404218,89693,135139,Thẻ tín dụng,Desktop,2.0,3.0,0
2114,2024-11-06,2863,26.0,Nữ,TP.HCM,Google Ads,Sách,80000,3,0.105,240000,214765,48317,69814,Thẻ tín dụng,Desktop,5.0,4.0,0
2115,2024-11-07,2455,18.0,Nam,Hải Phòng,Google Ads,Thời trang,115000,4,0.075,460000,425451,64272,168363,COD,Tablet,2.0,5.0,0
2116,2024-11-07,2977,38.0,Nữ,Hà Nội,Organic,Mỹ phẩm,151000,3,0.094,453000,410639,64234,217937,Thẻ tín dụng,Mobile,6.0,4.0,0
2117,2024-11-07,886,36.0,Nữ,TP.HCM,Organic,Điện tử,312000,8,0.076,2496000,2306293,225841,499565,COD,Mobile,4.0,4.0,0
2118,2024-11-07,2173,47.0,Nữ,TP.HCM,Google Ads,Điện tử,251000,1,0.074,251000,232367,183897,48470,Thẻ tín dụng,Mobile,3.0,5.0,0
2119,2024-11-07,1916,18.0,Nam,Đà Nẵng,Facebook Ads,Thời trang,125000,3,0.089,375000,341789,66932,140993,COD,Desktop,1.0,4.0,0
2120,2024-11-07,132,40.0,Nữ,Hải Phòng,Organic,Thời trang,151000,1,0.098,151000,136165,89612,46553,Thẻ tín dụng,Mobile,3.0,4.0,0
2121,2024-11-07,2940,27.0,Nữ,Hải Phòng,Organic,Thời trang,131000,7,0.011,917000,906688,75380,379028,Thẻ tín dụng,Mobile,4.0,4.0,0
2122,2024-11-08,2858,19.0,Nam,TP.HCM,Referral,Mỹ phẩm,173000,7,0.155,1211000,1023487,83036,442235,COD,Desktop,3.0,4.0,0
2123,2024-11-08,1435,36.0,Nữ,TP.HCM,Facebook Ads,Thời trang,279000,3,0.041,837000,802763,143614,371921,Ví điện tử,Mobile,3.0,4.0,0
2124,2024-11-08,1073,37.0,Nữ,TP.HCM,Facebook Ads,Thời trang,150000,4,0.048,600000,571353,77040,263193,COD,Mobile,1.0,5.0,0
2125,2024-11-08,2452,33.0,Nữ,Đà Nẵng,Organic,Điện tử,205000,5,0.017,1025000,1007737,144947,283002,COD,Desktop,1.0,5.0,0
2126,2024-11-08,827,34.0,Nữ,Hải Phòng,Google Ads,Thực phẩm,114000,4,0.147,456000,388996,79614,70540,Thẻ tín dụng,Mobile,6.0,3.0,0
2127,2024-11-08,1353,28.0,Nữ,Hà Nội,Facebook Ads,Thời trang,105000,5,0.031,525000,508603,62698,195113,Ví điện tử,Mobile,2.0,4.0,0
2128,2024-11-08,2497,37.0,Nam,TP.HCM,Google Ads,Thời trang,166000,5,0.115,830000,734361,92481,271956,Chuyển khoản,Mobile,4.0,4.0,0
2129,2024-11-08,762,56.0,Nữ,Cần Thơ,Referral,Sách,55000,6,0.107,330000,294735,36203,77517,Ví điện tử,Desktop,6.0,4.0,0
2130,2024-11-08,2907,,Nam,Hà Nội,Facebook Ads,Gia dụng,273000,3,0.042,819000,784914,152469,327507,Chuyển khoản,Mobile,2.0,4.0,0
2131,2024-11-08,2839,18.0,Nữ,Hải Phòng,Organic,Mỹ phẩm,221000,5,0.062,1105000,1036557,101290,530107,COD,Mobile,5.0,4.0,0
2132,2024-11-08,2040,28.0,Nữ,Hà Nội,Referral,Mỹ phẩm,280000,2,0.223,560000,435099,131259,172581,Chuyển khoản,Desktop,3.0,4.0,0
2133,2024-11-08,2686,36.0,Nam,Hải Phòng,Facebook Ads,Điện tử,305000,4,0.065,1220000,1140788,188851,385384,COD,Mobile,3.0,5.0,0
2134,2024-11-08,1840,36.0,Nữ,TP.HCM,Organic,Thực phẩm,141000,3,0.095,423000,382830,88348,117786,Ví điện tử,Mobile,2.0,4.0,0
2135,2024-11-08,1076,18.0,Nữ,Hà Nội,Organic,Gia dụng,263000,2,0.128,526000,458422,170108,118206,Ví điện tử,Desktop,5.0,3.0,0
2136,2024-11-09,106,40.0,Nam,TP.HCM,Organic,Điện tử,701000,28,0.165,19628000,16382940,467107,3303944,Ví điện tử,Desktop,4.0,5.0,0
2137,2024-11-09,2923,33.0,Nam,TP.HCM,Referral,Thời trang,149000,4,0.055,596000,562965,86451,217161,Thẻ tín dụng,Mobile,4.0,4.0,0
2138,2024-11-09,989,18.0,Nam,Cần Thơ,Referral,Thời trang,85000,2,0.281,170000,122268,52865,16538,Thẻ tín dụng,Desktop,1.0,4.0,0
2139,2024-11-09,1409,24.0,Nữ,Cần Thơ,Facebook Ads,Mỹ phẩm,150000,6,0.114,900000,797738,69326,381782,Chuyển khoản,Mobile,3.0,4.0,1
2140,2024-11-09,2565,38.0,Nam,Đà Nẵng,Email,Gia dụng,236000,3,0.1,708000,637093,130463,245704,Thẻ tín dụng,Mobile,1.0,,0
2141,2024-11-09,251,43.0,Nữ,Đà Nẵng,Google Ads,Gia dụng,156000,5,0.112,780000,692989,91328,236349,COD,Mobile,3.0,3.0,1
2142,2024-11-09,861,47.0,Nữ,Hà Nội,Facebook Ads,Mỹ phẩm,217000,6,0.042,1302000,1247136,101399,638742,Ví điện tử,Mobile,3.0,3.0,0
2143,2024-11-09,1370,24.0,Nữ,Hà Nội,Google Ads,Mỹ phẩm,194000,3,0.024,582000,568022,84150,315572,Ví điện tử,Tablet,3.0,4.0,0
2144,2024-11-09,960,30.0,Nữ,Đà Nẵng,Facebook Ads,Sách,106000,1,0.084,106000,97129,74449,22680,Chuyển khoản,Mobile,2.0,,0
2145,2024-11-09,735,41.0,Nữ,Hà Nội,Facebook Ads,Gia dụng,398000,3,0.093,1194000,1082818,229152,395362,COD,Mobile,4.0,4.0,0
2146,2024-11-09,1679,30.0,Nữ,Cần Thơ,Google Ads,Mỹ phẩm,176000,6,0.208,1056000,836217,77769,369603,COD,Desktop,3.0,4.0,1
2147,2024-11-09,2185,41.0,Nam,Hà Nội,Facebook Ads,Thời trang,154000,5,0.174,770000,636378,88564,193558,COD,Desktop,2.0,4.0,0
2148,2024-11-09,1495,33.0,Nữ,Hà Nội,Facebook Ads,Gia dụng,212000,3,0.031,636000,616394,119569,257687,Ví điện tử,Mobile,4.0,4.0,1
2149,2024-11-09,2237,27.0,Nữ,Cần Thơ,Organic,Mỹ phẩm,298000,5,0.121,1490000,1310328,130664,657008,COD,Tablet,0.0,5.0,0
2150,2024-11-09,2173,47.0,Nữ,TP.HCM,Organic,Thời trang,103000,3,0.074,309000,285983,55081,120740,Ví điện tử,Desktop,0.0,4.0,0
2151,2024-11-09,1482,27.0,Nam,TP.HCM,Facebook Ads,Gia dụng,261000,7,0.016,1827000,1797159,151663,735518,COD,Mobile,1.0,5.0,0
2152,2024-11-10,1507,22.0,Nam,Hà Nội,Email,Thời trang,179000,3,0.104,537000,481145,89129,213758,Ví điện tử,Mobile,2.0,4.0,0
2153,2024-11-10,2634,34.0,Nam,Hà Nội,Google Ads,Thời trang,182000,1,0.154,182000,153960,95500,58460,Chuyển khoản,Mobile,1.0,4.0,0
2154,2024-11-10,1607,35.0,Nữ,Cần Thơ,Google Ads,Thời trang,234000,5,0.058,1170000,1101984,122937,487299,COD,Mobile,7.0,4.0,0
2155,2024-11-10,1735,38.0,Nữ,TP.HCM,Email,Điện tử,372000,6,0.098,2232000,2013629,248042,525377,Thẻ tín dụng,Mobile,,5.0,0
2156,2024-11-10,827,34.0,Nữ,Hà Nội,Facebook Ads,Gia dụng,286000,2,0.024,572000,558146,167163,223820,Thẻ tín dụng,Tablet,2.0,3.0,0
2157,2024-11-10,945,19.0,Nam,Cần Thơ,Google Ads,Mỹ phẩm,222000,3,0.115,666000,589326,96484,299874,COD,Mobile,,3.0,1
2158,2024-11-10,1454,43.0,Nam,Đà Nẵng,Organic,Thời trang,143000,3,0.023,429000,419066,85166,163568,COD,Mobile,1.0,,0
2159,2024-11-10,498,39.0,Nữ,Hà Nội,Google Ads,Mỹ phẩm,168000,9,0.086,1512000,1382710,72846,727096,Thẻ tín dụng,Mobile,2.0,4.0,0
2160,2024-11-10,3290,29.0,Nữ,TP.HCM,Organic,Mỹ phẩm,276000,3,0.04,828000,794929,127006,413911,COD,Mobile,1.0,5.0,0
2161,2024-11-10,2513,18.0,Nữ,Hà Nội,Facebook Ads,Sách,86000,5,0.067,430000,401041,56913,116476,COD,Mobile,1.0,,0
2162,2024-11-10,1154,35.0,Nam,Cần Thơ,Referral,Gia dụng,477000,2,0.189,954000,773364,287583,198198,Chuyển khoản,Mobile,6.0,3.0,0
2163,2024-11-10,2218,24.0,Nữ,Hải Phòng,Facebook Ads,Điện tử,414000,2,0.064,828000,775218,289308,196602,Ví điện tử,Tablet,3.0,4.0,0
2164,2024-11-10,1911,23.0,Nam,TP.HCM,Facebook Ads,Gia dụng,538000,5,0.098,2690000,2425135,328601,782130,Ví điện tử,Desktop,2.0,4.0,0
2165,2024-11-10,514,26.0,Nữ,Hải Phòng,Facebook Ads,Gia dụng,312000,2,0.08,624000,573978,175648,222682,Thẻ tín dụng,Mobile,5.0,3.0,0
2166,2024-11-10,372,43.0,Nữ,Hải Phòng,Email,Mỹ phẩm,124000,5,0.057,620000,584407,56539,301712,COD,Mobile,1.0,4.0,0
2167,2024-11-11,289,26.0,Nữ,Hà Nội,Google Ads,Sách,82000,5,0.167,410000,341560,52997,76575,Ví điện tử,Mobile,2.0,4.0,0
2168,2024-11-11,766,26.0,Nữ,TP.HCM,Organic,Mỹ phẩm,162000,2,0.021,324000,317062,66228,184606,COD,Mobile,8.0,4.0,0
2169,2024-11-11,2966,36.0,Nam,Hà Nội,Google Ads,Gia dụng,419000,1,0.082,419000,384632,253470,131162,Thẻ tín dụng,Desktop,4.0,4.0,0
2170,2024-11-11,3000,27.0,Nam,Đà Nẵng,Organic,Mỹ phẩm,140000,4,0.114,560000,495994,66093,231622,COD,Mobile,2.0,4.0,0
2171,2024-11-12,1427,18.0,Nữ,Cần Thơ,Organic,Mỹ phẩm,116000,7,0.076,812000,749895,44867,435826,COD,Desktop,4.0,4.0,0
2172,2024-11-12,47,28.0,Nam,TP.HCM,Organic,Thời trang,166000,2,0.094,332000,300673,92935,114803,Thẻ tín dụng,Desktop,3.0,4.0,0
2173,2024-11-12,476,18.0,Nam,Hà Nội,Google Ads,Mỹ phẩm,234000,2,0.06,468000,439763,106295,227173,Ví điện tử,Mobile,4.0,5.0,0
2174,2024-11-12,2402,22.0,Nam,TP.HCM,Organic,Thời trang,179000,5,0.092,895000,812849,100026,312719,Chuyển khoản,Mobile,2.0,5.0,0
2175,2024-11-12,1214,39.0,Nữ,TP.HCM,Google Ads,Điện tử,260000,5,0.133,1300000,1126855,193119,161260,Chuyển khoản,Mobile,10.0,3.0,0
2176,2024-11-12,1754,30.0,Nữ,Hải Phòng,Organic,Điện tử,154000,7,0.12,1078000,949000,102882,228826,Ví điện tử,Mobile,2.0,5.0,0
2177,2024-11-12,1671,27.0,Nữ,TP.HCM,Email,Thực phẩm,95000,8,0.112,760000,674670,69989,114758,COD,Desktop,2.0,,0
2178,2024-11-12,1718,43.0,Nữ,TP.HCM,Facebook Ads,Mỹ phẩm,186000,5,0.236,930000,710185,81515,302610,COD,Mobile,2.0,4.0,0
2179,2024-11-12,2323,24.0,Nam,Đà Nẵng,Google Ads,Mỹ phẩm,190000,6,0.051,1140000,1081883,94676,513827,COD,Desktop,1.0,4.0,0
2180,2024-11-13,277,,Nữ,TP.HCM,Facebook Ads,Mỹ phẩm,214000,6,0.174,1284000,1060768,86043,544510,Thẻ tín dụng,Mobile,6.0,5.0,0
2181,2024-11-13,482,24.0,Nam,Hải Phòng,Organic,Điện tử,407000,2,0.079,814000,749936,290102,169732,Ví điện tử,Mobile,2.0,4.0,0
2182,2024-11-13,1443,41.0,Nữ,Hải Phòng,Facebook Ads,Thời trang,196000,2,0.064,392000,367091,111792,143507,Thẻ tín dụng,Mobile,1.0,,0
2183,2024-11-13,703,33.0,Nữ,Đà Nẵng,Organic,Thời trang,90000,2,0.034,180000,173799,49711,74377,Thẻ tín dụng,Desktop,1.0,,0
2184,2024-11-13,2851,49.0,Nam,Hà Nội,Email,Thực phẩm,132000,4,0.179,528000,433583,98184,40847,COD,Desktop,4.0,4.0,0
2185,2024-11-13,1198,39.0,Nam,TP.HCM,Organic,Điện tử,321000,3,0.171,963000,798174,217094,146892,COD,Mobile,3.0,2.0,0
2186,2024-11-13,2478,18.0,Nữ,TP.HCM,Organic,Thời trang,83000,4,0.058,332000,312761,43058,140529,Thẻ tín dụng,Desktop,5.0,3.0,0
2187,2024-11-13,2753,43.0,Nam,Cần Thơ,Facebook Ads,Mỹ phẩm,205000,4,0.034,820000,792515,89777,433407,Ví điện tử,Desktop,1.0,5.0,0
2188,2024-11-13,55,42.0,Nam,Hà Nội,Organic,Mỹ phẩm,140000,3,0.139,420000,361462,70807,149041,Ví điện tử,Mobile,1.0,5.0,0
2189,2024-11-14,425,51.0,Nam,Cần Thơ,Referral,Thời trang,146000,5,0.174,730000,603229,79481,205824,Ví điện tử,Mobile,3.0,5.0,0
2190,2024-11-14,1156,18.0,Nữ,Đà Nẵng,Facebook Ads,Điện tử,212000,2,0.067,424000,395758,148266,99226,Ví điện tử,Mobile,0.0,5.0,0
2191,2024-11-14,3300,34.0,Nam,TP.HCM,Google Ads,Điện tử,223000,4,0.044,892000,852903,154096,236519,COD,Desktop,4.0,5.0,0
2192,2024-11-14,2307,42.0,Nữ,TP.HCM,Referral,Điện tử,249000,3,0.08,747000,687195,179289,149328,Ví điện tử,Desktop,3.0,4.0,0
2193,2024-11-14,1770,27.0,Nam,Hải Phòng,Referral,Gia dụng,179000,2,0.116,358000,316380,108297,99786,Chuyển khoản,Tablet,2.0,5.0,0
2194,2024-11-14,2509,42.0,Nam,Cần Thơ,Google Ads,Thời trang,115000,4,0.119,460000,405094,65257,144066,Chuyển khoản,Mobile,4.0,5.0,0
2195,2024-11-14,972,30.0,Nam,TP.HCM,Facebook Ads,Thời trang,52000,2,0.157,104000,87630,29058,29514,COD,Mobile,5.0,4.0,0
2196,2024-11-14,1311,23.0,Nữ,Đà Nẵng,Organic,Thời trang,86000,4,0.049,344000,327314,44873,147822,Thẻ tín dụng,Desktop,4.0,5.0,0
2197,2024-11-15,3074,37.0,Nữ,TP.HCM,Organic,Gia dụng,157000,3,0.103,471000,422498,96075,134273,COD,Tablet,1.0,5.0,0
2198,2024-11-15,527,27.0,Nam,Hà Nội,Google Ads,Gia dụng,205000,3,0.08,615000,565771,127201,184168,Chuyển khoản,Mobile,3.0,3.0,0
2199,2024-11-15,933,39.0,Nữ,Hà Nội,Referral,Mỹ phẩm,279000,2,0.04,558000,535646,135055,265536,COD,Desktop,2.0,4.0,0
2200,2024-11-15,3181,35.0,Nữ,Đà Nẵng,Google Ads,Điện tử,260000,4,0.019,1040000,1020576,197469,230700,COD,Desktop,8.0,4.0,0
2201,2024-11-15,1060,35.0,Nữ,Hải Phòng,Google Ads,Điện tử,219000,5,0.153,1095000,927550,150377,175665,Thẻ tín dụng,Mobile,3.0,5.0,0
2202,2024-11-15,3131,24.0,Nữ,Hà Nội,Facebook Ads,Thực phẩm,130000,2,0.118,260000,229293,98166,32961,Ví điện tử,Mobile,5.0,3.0,0
2203,2024-11-15,2386,32.0,Nam,Hà Nội,Organic,Thời trang,228000,2,0.079,456000,419837,122236,175365,COD,Mobile,2.0,5.0,0
2204,2024-11-15,796,42.0,Nữ,Hà Nội,Organic,Gia dụng,427000,7,0.031,2989000,2896942,272917,986523,COD,Mobile,5.0,3.0,0
2205,2024-11-15,1509,30.0,Nam,TP.HCM,Facebook Ads,Thời trang,191000,3,0.06,573000,538637,107557,215966,Thẻ tín dụng,Desktop,5.0,4.0,1
2206,2024-11-16,242,45.0,Nam,Cần Thơ,Organic,Mỹ phẩm,152000,5,0.077,760000,701134,68447,358899,COD,Desktop,2.0,5.0,0
2207,2024-11-16,3168,58.0,Nữ,Hải Phòng,Facebook Ads,Thực phẩm,119000,5,0.055,595000,562097,87122,126487,COD,Desktop,6.0,2.0,0
2208,2024-11-16,396,37.0,Nữ,Hà Nội,Facebook Ads,Gia dụng,434000,5,0.047,2170000,2068732,261670,760382,Thẻ tín dụng,Mobile,0.0,4.0,0
2209,2024-11-16,1846,23.0,Nam,Hải Phòng,Organic,Thời trang,133000,4,0.071,532000,494153,72127,205645,Ví điện tử,Mobile,1.0,5.0,0
2210,2024-11-16,87,20.0,Nữ,Đà Nẵng,Facebook Ads,Gia dụng,230000,3,0.182,690000,564299,135519,157742,Thẻ tín dụng,Tablet,1.0,4.0,0
2211,2024-11-16,822,39.0,Nữ,Đà Nẵng,Facebook Ads,Thời trang,136000,3,0.176,408000,336373,74931,111580,Ví điện tử,Mobile,3.0,4.0,0
2212,2024-11-16,2293,21.0,Nữ,Hà Nội,Referral,Thực phẩm,123000,2,0.063,246000,230516,88375,53766,COD,Tablet,4.0,3.0,0
2213,2024-11-16,2150,18.0,Nữ,Cần Thơ,Facebook Ads,Thời trang,113000,4,0.186,452000,367925,62031,119801,COD,Mobile,3.0,4.0,0
2214,2024-11-16,3077,29.0,Nam,Hà Nội,Google Ads,Gia dụng,190000,4,0.156,760000,641496,116644,174920,COD,Mobile,0.0,4.0,0
2215,2024-11-16,1631,26.0,Nam,Hải Phòng,Google Ads,Điện tử,199000,5,0.148,995000,847885,144577,125000,COD,Desktop,3.0,,0
2216,2024-11-17,2381,,Nữ,Cần Thơ,Email,Mỹ phẩm,181000,6,0.065,1086000,1015728,74651,567822,Chuyển khoản,Desktop,1.0,4.0,0
2217,2024-11-17,1446,,Nam,Hà Nội,Organic,Mỹ phẩm,190000,5,0.234,950000,727534,90015,277459,Thẻ tín dụng,Mobile,5.0,3.0,0
2218,2024-11-17,2664,43.0,Nữ,Hà Nội,Google Ads,Thời trang,96000,3,0.149,288000,245129,52195,88544,Ví điện tử,Desktop,1.0,4.0,0
2219,2024-11-17,788,29.0,Nữ,Hà Nội,Organic,Điện tử,270000,4,0.116,1080000,954291,204291,137127,Chuyển khoản,Desktop,3.0,5.0,0
2220,2024-11-17,292,29.0,Nam,Hà Nội,Organic,Điện tử,477000,3,0.078,1431000,1319232,357522,246666,Chuyển khoản,Mobile,2.0,,0
2221,2024-11-17,2030,34.0,Nam,TP.HCM,Organic,Điện tử,213000,1,0.151,213000,180766,161769,18997,Chuyển khoản,Tablet,1.0,4.0,0
2222,2024-11-17,2565,38.0,Nam,Hà Nội,Referral,Gia dụng,206000,2,0.091,412000,374555,130900,112755,Ví điện tử,Mobile,4.0,4.0,0
2223,2024-11-17,1121,26.0,Nam,Hải Phòng,Google Ads,Thời trang,100000,7,0.088,700000,638625,52992,267681,Thẻ tín dụng,Desktop,3.0,5.0,0
2224,2024-11-17,580,39.0,Nam,Hà Nội,Facebook Ads,Gia dụng,192000,5,0.174,960000,793088,121414,186018,COD,Mobile,2.0,5.0,0
2225,2024-11-17,2881,39.0,Nữ,Đà Nẵng,Facebook Ads,Điện tử,181000,9,0.171,1629000,1350671,131545,166766,COD,Desktop,1.0,4.0,0
2226,2024-11-18,1871,20.0,Nam,TP.HCM,Organic,Điện tử,208000,2,0.214,416000,326993,146155,34683,COD,Mobile,2.0,4.0,0
2227,2024-11-18,2915,18.0,Nam,Hà Nội,Organic,Sách,95000,4,0.15,380000,322922,59622,84434,COD,Mobile,2.0,4.0,1
2228,2024-11-18,3241,39.0,Nam,Cần Thơ,Organic,Mỹ phẩm,124000,3,0.127,372000,324940,54603,161131,Ví điện tử,Desktop,,3.0,0
2229,2024-11-18,1048,33.0,Nữ,Hà Nội,Organic,Thực phẩm,145000,3,0.032,435000,420873,93006,141855,COD,Desktop,2.0,5.0,0
2230,2024-11-18,2604,34.0,Nam,TP.HCM,Referral,Điện tử,572000,5,0.203,2860000,2280675,405037,255490,Ví điện tử,Mobile,1.0,4.0,0
2231,2024-11-18,1053,37.0,Nữ,Đà Nẵng,Google Ads,Thời trang,140000,3,0.273,420000,305293,75027,80212,COD,Desktop,6.0,3.0,0
2232,2024-11-19,1967,42.0,Nữ,TP.HCM,Organic,Gia dụng,196000,2,0.237,392000,299257,120244,58769,COD,Mobile,2.0,4.0,0
2233,2024-11-19,72,29.0,Nam,Cần Thơ,Facebook Ads,Điện tử,329000,5,0.137,1645000,1420103,244690,196653,COD,Mobile,1.0,5.0,0
2234,2024-11-19,2462,37.0,Nữ,Cần Thơ,Facebook Ads,Gia dụng,573000,5,0.19,2865000,2319315,338639,626120,Thẻ tín dụng,Mobile,2.0,4.0,1
2235,2024-11-19,1324,24.0,Nữ,Hà Nội,Facebook Ads,Gia dụng,195000,1,0.041,195000,186927,109445,77482,COD,Mobile,1.0,4.0,0
2236,2024-11-19,732,36.0,Nữ,TP.HCM,Facebook Ads,Gia dụng,179000,4,0.211,716000,565012,106387,139464,Thẻ tín dụng,Desktop,2.0,4.0,0
2237,2024-11-19,569,27.0,Nữ,TP.HCM,Google Ads,Gia dụng,189000,2,0.152,378000,320627,117498,85631,COD,Mobile,2.0,4.0,0
2238,2024-11-19,2850,36.0,Nam,Hà Nội,Referral,Thời trang,103000,2,0.107,206000,183939,54669,74601,Ví điện tử,Mobile,6.0,4.0,0
2239,2024-11-19,2270,22.0,Nam,TP.HCM,Google Ads,Thời trang,160000,4,0.023,640000,625321,86790,278161,Chuyển khoản,Mobile,3.0,4.0,0
2240,2024-11-19,2211,26.0,Nam,Hà Nội,Organic,Thời trang,157000,7,0.162,1099000,920782,84006,332740,Thẻ tín dụng,Desktop,0.0,4.0,0
2241,2024-11-20,2356,20.0,Nữ,Cần Thơ,Google Ads,Sách,100000,5,0.093,500000,453320,61424,146200,COD,Mobile,1.0,5.0,0
2242,2024-11-20,180,35.0,Nữ,TP.HCM,Google Ads,Thời trang,139000,4,0.112,556000,493515,75230,192595,Thẻ tín dụng,Mobile,1.0,3.0,0
2243,2024-11-20,2116,42.0,Nam,Hà Nội,Email,Mỹ phẩm,122000,6,0.115,732000,647732,52167,334730,Ví điện tử,Mobile,2.0,4.0,0
2244,2024-11-20,2179,49.0,Nữ,Hà Nội,Google Ads,Thời trang,128000,5,0.026,640000,623462,69009,278417,Chuyển khoản,Desktop,2.0,5.0,0
2245,2024-11-20,2040,28.0,Nữ,Cần Thơ,Facebook Ads,Gia dụng,199000,4,0.054,796000,753167,117941,281403,Ví điện tử,Mobile,2.0,5.0,0
2246,2024-11-20,1894,27.0,Nam,Cần Thơ,Facebook Ads,Thời trang,145000,4,0.04,580000,556661,73586,262317,Chuyển khoản,Mobile,1.0,3.0,0
2247,2024-11-20,1153,23.0,Nữ,Cần Thơ,Email,Thời trang,200000,3,0.168,600000,499260,96335,210255,Ví điện tử,Desktop,2.0,5.0,0
2248,2024-11-20,971,18.0,Nam,Hà Nội,Organic,Điện tử,356000,4,0.038,1424000,1369270,239059,413034,Thẻ tín dụng,Mobile,1.0,4.0,0
2249,2024-11-21,2482,26.0,Nam,TP.HCM,Organic,Thời trang,137000,6,0.121,822000,722238,75791,267492,Thẻ tín dụng,Desktop,7.0,5.0,0
2250,2024-11-21,942,21.0,Nữ,TP.HCM,Organic,Thời trang,125000,6,0.052,750000,710840,69645,292970,COD,Mobile,2.0,4.0,0
2251,2024-11-21,467,39.0,Nữ,Hà Nội,Email,Mỹ phẩm,201000,4,0.077,804000,742022,88690,387262,COD,Desktop,2.0,4.0,0
2252,2024-11-21,1688,27.0,Nam,TP.HCM,Email,Mỹ phẩm,229000,4,0.151,916000,777570,106741,350606,COD,Mobile,1.0,5.0,0
2253,2024-11-21,1450,28.0,Nữ,Hà Nội,Google Ads,Điện tử,527000,5,0.07,2635000,2451476,371827,592341,Thẻ tín dụng,Mobile,2.0,4.0,0
2254,2024-11-21,1556,23.0,Nữ,Hà Nội,Organic,Gia dụng,308000,3,0.103,924000,828591,178928,291807,Thẻ tín dụng,Mobile,4.0,4.0,0
2255,2024-11-21,751,26.0,Nam,TP.HCM,Facebook Ads,Điện tử,656000,3,0.066,1968000,1838719,522271,271906,COD,Mobile,,3.0,0
2256,2024-11-21,1490,29.0,Nam,TP.HCM,Organic,Thực phẩm,121000,2,0.054,242000,228887,82322,64243,Ví điện tử,Tablet,1.0,4.0,0
2257,2024-11-21,3291,26.0,Nam,TP.HCM,Email,Sách,91000,5,0.065,455000,425241,67780,86341,COD,Mobile,6.0,5.0,0
2258,2024-11-21,882,32.0,Nữ,TP.HCM,Google Ads,Mỹ phẩm,143000,5,0.14,715000,614946,66197,283961,Ví điện tử,Mobile,4.0,4.0,0
2259,2024-11-21,992,34.0,Nữ,Đà Nẵng,Organic,Thời trang,129000,4,0.145,516000,441153,73439,147397,Chuyển khoản,Mobile,6.0,4.0,0
2260,2024-11-22,1973,20.0,Nữ,Hải Phòng,Google Ads,Thời trang,292000,2,0.141,584000,501400,164014,173372,Thẻ tín dụng,Mobile,2.0,5.0,0
2261,2024-11-22,1746,24.0,Nam,TP.HCM,Facebook Ads,Điện tử,418000,5,0.161,2090000,1752953,306261,221648,Thẻ tín dụng,Mobile,1.0,,0
2262,2024-11-22,2851,49.0,Nam,Đà Nẵng,Referral,Thời trang,268000,1,0.011,268000,265153,142540,122613,COD,Mobile,5.0,,0
2263,2024-11-22,1304,39.0,Nam,Đà Nẵng,Facebook Ads,Điện tử,240000,4,0.067,960000,896151,164611,237707,COD,Mobile,4.0,5.0,0
2264,2024-11-22,1765,24.0,Nữ,TP.HCM,Organic,Điện tử,593000,6,0.173,3558000,2943933,410512,480861,Thẻ tín dụng,Mobile,8.0,3.0,0
2265,2024-11-22,430,28.0,Nữ,TP.HCM,Google Ads,Thời trang,160000,3,0.101,480000,431490,89618,162636,Ví điện tử,Mobile,5.0,3.0,0
2266,2024-11-22,1252,37.0,Nam,Hải Phòng,Google Ads,Mỹ phẩm,238000,3,0.015,714000,703480,117771,350167,COD,Mobile,1.0,5.0,0
2267,2024-11-22,2123,37.0,Nữ,Cần Thơ,Facebook Ads,Gia dụng,453000,2,0.247,906000,682005,252109,177787,Thẻ tín dụng,Mobile,1.0,5.0,0
2268,2024-11-22,2058,34.0,Nam,Đà Nẵng,Google Ads,Gia dụng,265000,4,0.116,1060000,936823,153705,322003,COD,Desktop,8.0,4.0,0
2269,2024-11-22,969,37.0,Nam,TP.HCM,Organic,Gia dụng,247000,3,0.014,741000,730515,155465,264120,COD,Tablet,6.0,3.0,0
2270,2024-11-22,1616,44.0,Nữ,TP.HCM,Facebook Ads,Thực phẩm,110000,6,0.067,660000,615731,73779,173057,Ví điện tử,Mobile,4.0,,0
2271,2024-11-22,1876,25.0,Nam,Đà Nẵng,Google Ads,Mỹ phẩm,175000,3,0.197,525000,421820,82548,174176,Ví điện tử,Mobile,4.0,4.0,1
2272,2024-11-23,2292,28.0,Nữ,Hà Nội,Organic,Điện tử,372000,4,0.086,1488000,1360625,271251,275621,Chuyển khoản,Mobile,0.0,5.0,0
2273,2024-11-23,344,23.0,Nam,TP.HCM,Facebook Ads,Gia dụng,193000,5,0.146,965000,823975,108799,279980,COD,Desktop,3.0,4.0,0
2274,2024-11-23,1890,29.0,Nữ,TP.HCM,Google Ads,Thực phẩm,106000,7,0.089,742000,676268,82366,99706,Thẻ tín dụng,Mobile,6.0,3.0,0
2275,2024-11-23,170,30.0,Nữ,Đà Nẵng,Organic,Mỹ phẩm,116000,6,0.054,696000,658606,49302,362794,COD,Mobile,1.0,5.0,0
2276,2024-11-23,3282,27.0,Nam,Đà Nẵng,Organic,Thực phẩm,129000,3,0.023,387000,378086,94423,94817,COD,Mobile,4.0,4.0,0
2277,2024-11-23,2599,28.0,Nam,Hải Phòng,Organic,Điện tử,487000,4,0.118,1948000,1718122,358686,283378,Ví điện tử,Mobile,2.0,,0
2278,2024-11-23,2823,23.0,Nam,TP.HCM,Organic,Gia dụng,168000,7,0.164,1176000,982959,99763,284618,Thẻ tín dụng,Desktop,3.0,5.0,0
2279,2024-11-23,476,18.0,Nam,Hà Nội,Organic,Thời trang,175000,9,0.044,1575000,1505017,88859,705286,Thẻ tín dụng,Tablet,4.0,4.0,0
2280,2024-11-23,1436,32.0,Nam,Hà Nội,Google Ads,Thời trang,168000,2,0.142,336000,288243,94802,98639,Chuyển khoản,Mobile,11.0,3.0,0
2281,2024-11-23,691,26.0,Nam,Đà Nẵng,Google Ads,Thời trang,203000,5,0.066,1015000,947832,106904,413312,COD,Mobile,4.0,4.0,0
2282,2024-11-23,1442,39.0,Nam,Hải Phòng,Facebook Ads,Điện tử,484000,3,0.025,1452000,1416313,349790,366943,Ví điện tử,Desktop,1.0,4.0,1
2283,2024-11-23,517,31.0,Nữ,Đà Nẵng,Facebook Ads,Sách,91000,4,0.147,364000,310578,63234,57642,COD,Desktop,5.0,4.0,0
2284,2024-11-24,1754,30.0,Nữ,Cần Thơ,Google Ads,Mỹ phẩm,332000,1,0.122,332000,291573,156397,135176,COD,Desktop,1.0,4.0,0
2285,2024-11-24,714,32.0,Nam,TP.HCM,Organic,Điện tử,153000,3,0.074,459000,424814,105410,108584,Thẻ tín dụng,Tablet,1.0,3.0,0
2286,2024-11-24,2913,38.0,Nam,Hải Phòng,Email,Điện tử,372000,3,0.05,1116000,1060368,282570,212658,COD,Mobile,4.0,3.0,0
2287,2024-11-24,2113,32.0,Nam,Hà Nội,Organic,Điện tử,235000,9,0.038,2115000,2034324,167322,528426,COD,Mobile,3.0,4.0,0
2288,2024-11-24,438,22.0,Nam,TP.HCM,Referral,Thời trang,141000,4,0.093,564000,511608,76855,204188,COD,Desktop,2.0,4.0,0
2289,2024-11-24,1236,29.0,Nữ,Cần Thơ,Google Ads,Gia dụng,237000,4,0.205,948000,753229,148403,159617,Thẻ tín dụng,Tablet,3.0,4.0,0
2290,2024-11-24,2812,22.0,Nữ,TP.HCM,Google Ads,Thời trang,95000,4,0.23,380000,292446,54309,75210,Chuyển khoản,Mobile,9.0,3.0,0
2291,2024-11-24,1744,33.0,Nữ,TP.HCM,Facebook Ads,Thời trang,176000,3,0.019,528000,517879,99020,220819,Thẻ tín dụng,Desktop,2.0,5.0,0
2292,2024-11-24,591,37.0,Nữ,Hải Phòng,Facebook Ads,Thời trang,162000,6,0.091,972000,883614,86314,365730,COD,Mobile,1.0,5.0,0
2293,2024-11-24,2724,31.0,Nữ,Hải Phòng,Referral,Sách,91000,1,0.047,91000,86747,66215,20532,Chuyển khoản,Mobile,2.0,4.0,0
2294,2024-11-24,882,32.0,Nữ,Hà Nội,Email,Thời trang,116000,2,0.074,232000,214725,67857,79011,COD,Mobile,5.0,4.0,0
2295,2024-11-24,2921,19.0,Nữ,TP.HCM,Email,Điện tử,430000,2,0.056,860000,811632,289534,232564,Ví điện tử,Mobile,1.0,,0
2296,2024-11-25,3260,21.0,Nữ,TP.HCM,Facebook Ads,Thời trang,113000,4,0.087,452000,412471,64831,153147,Thẻ tín dụng,Mobile,1.0,4.0,0
2297,2024-11-25,2158,18.0,Nam,TP.HCM,Google Ads,Thời trang,156000,4,0.02,624000,611220,90446,249436,Ví điện tử,Desktop,4.0,,0
2298,2024-11-25,2788,32.0,Nam,TP.HCM,Organic,Thời trang,112000,3,0.023,336000,328145,69652,119189,Ví điện tử,Mobile,2.0,5.0,0
2299,2024-11-25,1321,22.0,Nam,Hà Nội,Email,Gia dụng,202000,3,0.006,606000,602414,120318,241460,Chuyển khoản,Mobile,2.0,4.0,0
2300,2024-11-25,1958,19.0,Nam,Hà Nội,Organic,Gia dụng,310000,5,0.049,1550000,1473538,184398,551548,COD,Mobile,3.0,4.0,0
2301,2024-11-25,70,46.0,Nữ,Hải Phòng,Facebook Ads,Gia dụng,383000,1,0.157,383000,322760,226955,95805,COD,Mobile,0.0,4.0,0
2302,2024-11-25,936,31.0,Nữ,Hà Nội,Facebook Ads,Thời trang,173000,5,0.131,865000,751464,93303,284949,Thẻ tín dụng,Mobile,3.0,3.0,0
2303,2024-11-26,2766,42.0,Nữ,Đà Nẵng,Organic,Thời trang,72000,4,0.122,288000,252997,40931,89273,Ví điện tử,Mobile,3.0,4.0,0
2304,2024-11-26,1673,36.0,Nam,Cần Thơ,Google Ads,Mỹ phẩm,196000,7,0.081,1372000,1260352,94082,601778,COD,Mobile,0.0,5.0,0
2305,2024-11-26,3013,29.0,Nam,Hà Nội,Facebook Ads,Điện tử,300000,5,0.048,1500000,1427816,230482,275406,Thẻ tín dụng,Tablet,1.0,4.0,0
2306,2024-11-26,1378,32.0,Nữ,Hải Phòng,Facebook Ads,Thời trang,169000,4,0.121,676000,594253,92217,225385,Thẻ tín dụng,Tablet,3.0,4.0,0
2307,2024-11-26,3224,22.0,Nữ,Hải Phòng,Email,Sách,63000,7,0.106,441000,394088,41424,104120,COD,Mobile,8.0,4.0,0
2308,2024-11-26,2180,26.0,Nữ,Hải Phòng,Facebook Ads,Mỹ phẩm,153000,3,0.101,459000,412862,65382,216716,Thẻ tín dụng,Mobile,4.0,4.0,0
2309,2024-11-26,2900,45.0,Nam,TP.HCM,Google Ads,Sách,109000,2,0.104,218000,195255,74785,45685,COD,Desktop,3.0,5.0,0
2310,2024-11-26,2471,34.0,Nam,Hà Nội,Referral,Thời trang,164000,5,0.249,820000,616084,95791,137129,COD,Mobile,1.0,5.0,0
2311,2024-11-26,1568,41.0,Nữ,Hải Phòng,Facebook Ads,Thời trang,171000,4,0.113,684000,606652,93449,232856,Thẻ tín dụng,Mobile,2.0,5.0,0
2312,2024-11-26,1532,,Nữ,Hải Phòng,Facebook Ads,Gia dụng,149000,4,0.096,596000,538862,90544,176686,Thẻ tín dụng,Mobile,2.0,5.0,0
2313,2024-11-27,884,43.0,Nữ,TP.HCM,Facebook Ads,Thực phẩm,138000,6,0.055,828000,782151,94613,214473,Ví điện tử,Mobile,1.0,4.0,0
2314,2024-11-27,231,34.0,Nam,Hà Nội,Facebook Ads,Thời trang,156000,5,0.082,780000,716290,87364,279470,COD,Mobile,4.0,4.0,0
2315,2024-11-27,1737,19.0,Nam,Hà Nội,Facebook Ads,Điện tử,320000,2,0.095,640000,579284,216164,146956,Thẻ tín dụng,Desktop,7.0,3.0,1
2316,2024-11-27,3061,26.0,Nữ,TP.HCM,Google Ads,Thời trang,188000,6,0.066,1128000,1053236,103710,430976,Ví điện tử,Mobile,,4.0,0
2317,2024-11-27,2370,31.0,Nam,Hà Nội,Organic,Thời trang,112000,2,0.172,224000,185560,64776,56008,COD,Tablet,1.0,4.0,0
2318,2024-11-27,1908,,Nữ,Hà Nội,Organic,Thời trang,207000,3,0.08,621000,571192,107099,249895,Ví điện tử,Desktop,1.0,4.0,0
2319,2024-11-27,423,43.0,Nữ,Hà Nội,Google Ads,Gia dụng,326000,3,0.099,978000,881663,203559,270986,Chuyển khoản,Mobile,2.0,5.0,0
2320,2024-11-27,85,23.0,Nam,Hà Nội,Google Ads,Mỹ phẩm,160000,7,0.115,1120000,991290,72339,484917,Ví điện tử,Desktop,2.0,4.0,0
2321,2024-11-27,3266,40.0,Nữ,Hà Nội,Google Ads,Sách,83000,4,0.138,332000,286193,59396,48609,COD,Tablet,1.0,5.0,0
2322,2024-11-27,1905,41.0,Nữ,Cần Thơ,Organic,Mỹ phẩm,213000,1,0.164,213000,177981,94774,83207,Ví điện tử,Mobile,7.0,4.0,0
2323,2024-11-27,1206,31.0,Nam,Đà Nẵng,Email,Mỹ phẩm,158000,6,0.033,948000,916498,70282,494806,COD,Mobile,4.0,3.0,0
2324,2024-11-27,2364,18.0,Nữ,Hải Phòng,Organic,Thời trang,95000,2,0.091,190000,172711,54120,64471,Chuyển khoản,Mobile,5.0,4.0,0
2325,2024-11-27,2894,18.0,Nam,Hà Nội,Google Ads,Mỹ phẩm,145000,3,0.214,435000,341806,68837,135295,Chuyển khoản,Mobile,2.0,4.0,0
2326,2024-11-28,868,29.0,Nữ,Hải Phòng,Referral,Thời trang,140000,2,0.074,280000,259351,78514,102323,Ví điện tử,Tablet,4.0,4.0,0
2327,2024-11-28,1616,44.0,Nữ,Cần Thơ,Facebook Ads,Thực phẩm,113000,6,0.059,678000,638015,88254,108491,Thẻ tín dụng,Mobile,1.0,5.0,0
2328,2024-11-28,1101,35.0,Nữ,Hải Phòng,Facebook Ads,Sách,90000,4,0.146,360000,307292,63456,53468,Ví điện tử,Mobile,1.0,3.0,1
2329,2024-11-28,2921,19.0,Nữ,Cần Thơ,Google Ads,Thời trang,161000,1,0.111,161000,143207,80367,62840,Ví điện tử,Mobile,1.0,4.0,0
2330,2024-11-28,2140,36.0,Nam,Cần Thơ,Organic,Gia dụng,336000,4,0.05,1344000,1277305,183971,541421,Ví điện tử,Mobile,0.0,5.0,0
2331,2024-11-28,2204,37.0,Nam,TP.HCM,Referral,Gia dụng,228000,6,0.077,1368000,1263065,139645,425195,Ví điện tử,Desktop,4.0,,0
2332,2024-11-28,885,27.0,Nữ,Cần Thơ,Facebook Ads,Điện tử,491000,3,0.106,1473000,1316840,367945,213005,Ví điện tử,Tablet,5.0,4.0,0
2333,2024-11-29,1772,26.0,Nữ,Hà Nội,Organic,Điện tử,426000,3,0.123,1278000,1120777,286156,262309,Ví điện tử,Mobile,8.0,3.0,0
2334,2024-11-29,1297,31.0,Nữ,Hà Nội,Organic,Điện tử,276000,2,0.145,552000,472105,206294,59517,Thẻ tín dụng,Mobile,3.0,5.0,0
2335,2024-11-29,1005,30.0,Nam,Hải Phòng,Facebook Ads,Thời trang,127000,6,0.023,762000,744318,69106,329682,COD,Tablet,2.0,5.0,0
2336,2024-11-29,2457,21.0,Nam,Hà Nội,Facebook Ads,Mỹ phẩm,226000,4,0.112,904000,802432,106779,375316,Thẻ tín dụng,Mobile,3.0,4.0,1
2337,2024-11-29,354,42.0,Nam,TP.HCM,Email,Điện tử,505000,4,0.146,2020000,1724473,385932,180745,Thẻ tín dụng,Desktop,9.0,3.0,0
2338,2024-11-29,3109,25.0,Nữ,TP.HCM,Google Ads,Mỹ phẩm,192000,8,0.157,1536000,1294462,84258,620398,Thẻ tín dụng,Desktop,4.0,4.0,0
2339,2024-11-29,355,37.0,Nam,Hà Nội,Facebook Ads,Gia dụng,330000,4,0.112,1320000,1172449,203544,358273,Chuyển khoản,Desktop,8.0,5.0,0
2340,2024-11-30,1771,41.0,Nữ,Hà Nội,Google Ads,Mỹ phẩm,214000,2,0.167,428000,356370,99740,156890,COD,Mobile,7.0,3.0,0
2341,2024-11-30,785,38.0,Nữ,Hà Nội,Facebook Ads,Thời trang,118000,3,0.119,354000,311918,69056,104750,Chuyển khoản,Mobile,2.0,4.0,0
2342,2024-11-30,1761,37.0,Nữ,Hải Phòng,Referral,Thời trang,123000,3,0.031,369000,357420,71181,143877,Ví điện tử,Mobile,4.0,5.0,0
2343,2024-11-30,1428,36.0,Nữ,Cần Thơ,Referral,Gia dụng,264000,3,0.051,792000,751327,158871,274714,Ví điện tử,Desktop,2.0,4.0,0
2344,2024-11-30,2580,26.0,Nữ,Đà Nẵng,Google Ads,Mỹ phẩm,169000,4,0.081,676000,621178,78252,308170,Ví điện tử,Desktop,2.0,5.0,0
2345,2024-11-30,2322,24.0,Nam,Hà Nội,Organic,Thời trang,146000,4,0.1,584000,525357,84430,187637,COD,Desktop,2.0,3.0,0
2346,2024-11-30,2029,28.0,Nữ,Hà Nội,Organic,Thời trang,100000,3,0.054,300000,283707,54344,120675,Chuyển khoản,Mobile,4.0,3.0,0
2347,2024-11-30,738,34.0,Nam,Hà Nội,Facebook Ads,Sách,74000,3,0.153,222000,188108,48026,44030,COD,Mobile,2.0,5.0,0
2348,2024-11-30,1112,42.0,Nam,TP.HCM,Organic,Thực phẩm,128000,6,0.02,768000,752302,90331,210316,COD,Mobile,3.0,4.0,0
2349,2024-11-30,2922,53.0,Nữ,TP.HCM,Facebook Ads,Mỹ phẩm,227000,2,0.16,454000,381431,100884,179663,COD,Desktop,4.0,5.0,0
2350,2024-11-30,1246,23.0,Nam,Đà Nẵng,Referral,Thời trang,130000,4,0.089,520000,473788,69967,193920,Thẻ tín dụng,Desktop,1.0,4.0,0
2351,2024-12-01,1188,32.0,Nữ,Hà Nội,Facebook Ads,Sách,90000,3,0.188,270000,219300,60489,37833,Chuyển khoản,Mobile,4.0,4.0,0
2352,2024-12-01,3084,40.0,Nữ,Đà Nẵng,Organic,Gia dụng,259000,3,0.163,777000,650563,161268,166759,Ví điện tử,Mobile,2.0,4.0,0
2353,2024-12-01,2858,19.0,Nam,Hà Nội,Google Ads,Thời trang,199000,2,0.119,398000,350640,112657,125326,COD,Tablet,7.0,3.0,0
2354,2024-12-01,903,54.0,Nam,Cần Thơ,Facebook Ads,Thời trang,174000,5,0.153,870000,736682,93380,269782,Chuyển khoản,Desktop,6.0,3.0,0
2355,2024-12-01,770,33.0,Nữ,Đà Nẵng,Referral,Thời trang,97000,4,0.131,388000,337237,53064,124981,Thẻ tín dụng,Desktop,3.0,3.0,0
2356,2024-12-01,3221,35.0,Nữ,Hải Phòng,Facebook Ads,Gia dụng,217000,6,0.062,1302000,1221860,130358,439712,Ví điện tử,Desktop,2.0,4.0,0
2357,2024-12-01,1732,35.0,Nữ,Hải Phòng,Referral,Thời trang,114000,5,0.024,570000,556587,62797,242602,Thẻ tín dụng,Desktop,2.0,5.0,0
2358,2024-12-01,963,38.0,Nữ,Cần Thơ,Facebook Ads,Mỹ phẩm,286000,5,0.032,1430000,1384560,124011,764505,COD,Desktop,1.0,5.0,0
2359,2024-12-01,2823,23.0,Nam,TP.HCM,Google Ads,Điện tử,150000,3,0.12,450000,396225,106494,76743,Chuyển khoản,Tablet,3.0,3.0,0
2360,2024-12-01,2826,42.0,Nam,Cần Thơ,Google Ads,Gia dụng,316000,6,0.222,1896000,1474438,178065,406048,Chuyển khoản,Mobile,2.0,4.0,0
2361,2024-12-02,2124,42.0,Nam,TP.HCM,Referral,Thực phẩm,94000,5,0.129,470000,409585,58237,118400,Ví điện tử,Desktop,5.0,,0
2362,2024-12-02,719,42.0,Nam,TP.HCM,Referral,Gia dụng,392000,2,0.063,784000,734393,231952,270489,Thẻ tín dụng,Mobile,3.0,4.0,0
2363,2024-12-02,616,30.0,Nữ,Đà Nẵng,Referral,Thời trang,222000,3,0.087,666000,607992,129452,219636,COD,Tablet,6.0,4.0,0
2364,2024-12-02,610,24.0,Nữ,Hà Nội,Organic,Thời trang,150000,6,0.106,900000,804647,77932,337055,Ví điện tử,Mobile,2.0,4.0,0
2365,2024-12-02,2061,54.0,Nữ,TP.HCM,Facebook Ads,Sách,86000,8,0.115,688000,609081,57565,148561,Thẻ tín dụng,Mobile,3.0,3.0,0
2366,2024-12-02,2323,24.0,Nam,TP.HCM,Referral,Gia dụng,282000,4,0.046,1128000,1076654,180975,352754,Thẻ tín dụng,Tablet,1.0,5.0,0
2367,2024-12-02,1042,28.0,Nam,TP.HCM,Referral,Gia dụng,214000,4,0.184,856000,698522,127841,187158,COD,Mobile,3.0,3.0,0
2368,2024-12-02,2794,39.0,Nam,Hà Nội,Organic,Thời trang,80000,1,0.042,80000,76616,43211,33405,COD,Desktop,1.0,5.0,0
2369,2024-12-02,1617,33.0,Nữ,Hà Nội,Email,Điện tử,433000,3,0.206,1299000,1030945,334627,27064,Thẻ tín dụng,Desktop,1.0,5.0,0
2370,2024-12-03,371,42.0,Nam,Hà Nội,Email,Mỹ phẩm,201000,5,0.015,1005000,990317,90765,536492,Chuyển khoản,Mobile,2.0,4.0,0
2371,2024-12-03,2661,24.0,Nữ,TP.HCM,Google Ads,Thời trang,116000,6,0.156,696000,587524,57605,241894,Ví điện tử,Desktop,1.0,5.0,0
2372,2024-12-03,260,20.0,Nữ,Hà Nội,Facebook Ads,Gia dụng,386000,2,0.034,772000,745719,223807,298105,Thẻ tín dụng,Mobile,1.0,5.0,0
2373,2024-12-03,836,18.0,Nữ,Hà Nội,Google Ads,Thực phẩm,114000,3,0.218,342000,267304,82869,18697,Thẻ tín dụng,Desktop,1.0,5.0,0
2374,2024-12-03,1028,30.0,Nam,Cần Thơ,Organic,Thời trang,201000,4,0.037,804000,774391,111056,330167,Thẻ tín dụng,Tablet,5.0,3.0,0
2375,2024-12-03,2651,18.0,Nam,Cần Thơ,Email,Thời trang,166000,4,0.1,664000,597634,95673,214942,COD,Tablet,2.0,5.0,0
2376,2024-12-03,2736,43.0,Nữ,TP.HCM,Organic,Gia dụng,336000,2,0.052,672000,636784,211153,214478,Chuyển khoản,Mobile,4.0,4.0,0
2377,2024-12-03,114,47.0,Nam,TP.HCM,Google Ads,Gia dụng,283000,2,0.069,566000,526874,193368,140138,COD,Mobile,,4.0,0
2378,2024-12-04,374,47.0,Nữ,TP.HCM,Facebook Ads,Điện tử,596000,8,0.174,4768000,3940490,425156,539242,Thẻ tín dụng,Mobile,3.0,4.0,0
2379,2024-12-04,2472,34.0,Nam,TP.HCM,Facebook Ads,Thời trang,147000,2,0.056,294000,277638,82225,113188,Chuyển khoản,Mobile,2.0,5.0,0
2380,2024-12-04,1028,30.0,Nam,TP.HCM,Facebook Ads,Mỹ phẩm,203000,2,0.221,406000,316215,90207,135801,COD,Mobile,1.0,5.0,0
2381,2024-12-04,95,48.0,Nam,Cần Thơ,Google Ads,Gia dụng,307000,1,0.054,307000,290488,174795,115693,Chuyển khoản,Mobile,5.0,4.0,0
2382,2024-12-04,1534,42.0,Nữ,Hà Nội,Organic,Thực phẩm,124000,1,0.074,124000,114816,79742,35074,Ví điện tử,Mobile,4.0,3.0,0
2383,2024-12-04,191,34.0,Nam,Hải Phòng,Referral,Thực phẩm,90000,2,0.089,180000,163929,62332,39265,COD,Mobile,,4.0,1
2384,2024-12-04,611,40.0,Nữ,Đà Nẵng,Google Ads,Mỹ phẩm,124000,2,0.102,248000,222797,54919,112959,Thẻ tín dụng,Desktop,4.0,4.0,0
2385,2024-12-04,1879,42.0,Nữ,Đà Nẵng,Facebook Ads,Thực phẩm,112000,4,0.079,448000,412441,85484,70505,COD,Tablet,6.0,3.0,0
2386,2024-12-05,428,33.0,Nam,TP.HCM,Organic,Gia dụng,330000,3,0.047,990000,943850,194324,360878,Chuyển khoản,Mobile,4.0,4.0,1
2387,2024-12-05,1054,26.0,Nam,Cần Thơ,Organic,Điện tử,471000,4,0.097,1884000,1701673,342346,332289,Ví điện tử,Mobile,1.0,,0
2388,2024-12-05,2343,20.0,Nam,Hà Nội,Organic,Điện tử,175000,2,0.024,350000,341596,133157,75282,COD,Desktop,3.0,4.0,0
2389,2024-12-05,1912,23.0,Nữ,Hải Phòng,Referral,Điện tử,284000,2,0.121,568000,499031,180183,138665,COD,Mobile,4.0,5.0,0
2390,2024-12-05,3043,31.0,Nữ,Đà Nẵng,Facebook Ads,Điện tử,448000,2,0.133,896000,776611,315591,145429,Thẻ tín dụng,Desktop,3.0,4.0,0
2391,2024-12-05,1152,20.0,Nữ,Đà Nẵng,Facebook Ads,Thời trang,206000,2,0.031,412000,399185,114332,170521,Ví điện tử,Desktop,3.0,5.0,0
2392,2024-12-05,629,36.0,Nam,Hải Phòng,Facebook Ads,Mỹ phẩm,208000,2,0.061,416000,390533,95856,198821,Ví điện tử,Mobile,4.0,3.0,0
2393,2024-12-05,3030,28.0,Nữ,TP.HCM,Facebook Ads,Thời trang,159000,2,0.125,318000,278228,81983,114262,Ví điện tử,Desktop,2.0,5.0,0
2394,2024-12-05,837,34.0,Nam,Hải Phòng,Facebook Ads,Sách,103000,4,0.131,412000,358212,70560,75972,Ví điện tử,Mobile,2.0,4.0,0
2395,2024-12-05,1545,27.0,Nam,Hải Phòng,Organic,Gia dụng,155000,4,0.098,620000,559346,92111,190902,Chuyển khoản,Mobile,1.0,,0
2396,2024-12-05,2323,24.0,Nam,Hà Nội,Organic,Sách,105000,5,0.211,525000,414267,71520,56667,Ví điện tử,Mobile,2.0,5.0,0
2397,2024-12-05,1389,19.0,Nữ,Hà Nội,Referral,Mỹ phẩm,192000,4,0.099,768000,692202,85852,348794,Chuyển khoản,Desktop,1.0,5.0,0
2398,2024-12-05,1112,42.0,Nam,TP.HCM,Facebook Ads,Thời trang,187000,3,0.054,561000,530804,100601,229001,COD,Mobile,3.0,4.0,0
2399,2024-12-05,3013,29.0,Nam,TP.HCM,Organic,Điện tử,248000,3,0.129,744000,648044,185394,91862,Chuyển khoản,Mobile,3.0,4.0,0
2400,2024-12-05,2704,39.0,Nam,Cần Thơ,Organic,Sách,97000,5,0.167,485000,403966,64580,81066,Ví điện tử,Mobile,,4.0,0
2401,2024-12-06,2876,33.0,Nữ,Hà Nội,Google Ads,Mỹ phẩm,197000,3,0.156,591000,498748,96791,208375,Chuyển khoản,Mobile,6.0,3.0,0
2402,2024-12-06,1365,41.0,Nữ,Hà Nội,Google Ads,Điện tử,349000,1,0.09,349000,317418,236141,81277,Chuyển khoản,Desktop,7.0,4.0,0
2403,2024-12-06,2452,33.0,Nữ,Đà Nẵng,Facebook Ads,Điện tử,450000,3,0.066,1350000,1260295,310344,329263,COD,Mobile,1.0,4.0,0
2404,2024-12-06,259,25.0,Nữ,Hải Phòng,Organic,Điện tử,405000,5,0.098,2025000,1826182,295824,347062,COD,Mobile,3.0,3.0,1
2405,2024-12-06,1740,42.0,Nữ,TP.HCM,Organic,Điện tử,799000,2,0.185,1598000,1303062,554288,194486,Chuyển khoản,Mobile,4.0,3.0,0
2406,2024-12-06,2855,36.0,Nữ,TP.HCM,Google Ads,Thực phẩm,99000,5,0.046,495000,472362,71690,113912,Ví điện tử,Desktop,1.0,3.0,1
2407,2024-12-06,2644,32.0,Nam,Hà Nội,Facebook Ads,Sách,87000,6,0.129,522000,454676,58071,106250,Chuyển khoản,Desktop,2.0,5.0,0
2408,2024-12-06,403,32.0,Nam,TP.HCM,Organic,Gia dụng,162000,3,0.068,486000,452924,103720,141764,Thẻ tín dụng,Desktop,3.0,5.0,0
2409,2024-12-06,19,36.0,Nữ,TP.HCM,Google Ads,Gia dụng,201000,4,0.291,804000,569910,114358,112478,COD,Mobile,3.0,3.0,1
2410,2024-12-06,466,31.0,Nữ,TP.HCM,Organic,Sách,83000,4,0.071,332000,308271,50346,106887,COD,Tablet,7.0,3.0,0
2411,2024-12-06,1985,40.0,Nữ,Hà Nội,Organic,Điện tử,174000,5,0.121,870000,765152,121722,156542,Chuyển khoản,Desktop,5.0,4.0,0
2412,2024-12-06,271,43.0,Nữ,Hà Nội,Referral,Thời trang,179000,1,0.215,179000,140575,97470,43105,Ví điện tử,Mobile,4.0,4.0,0
2413,2024-12-07,1466,31.0,Nữ,Đà Nẵng,Facebook Ads,Mỹ phẩm,382000,3,0.015,1146000,1129076,188003,565067,Ví điện tử,Mobile,1.0,4.0,0
2414,2024-12-07,317,20.0,Nam,TP.HCM,Facebook Ads,Gia dụng,297000,4,0.047,1188000,1132729,176590,426369,COD,Mobile,1.0,4.0,0
2415,2024-12-07,1982,45.0,Nữ,TP.HCM,Referral,Điện tử,275000,5,0.111,1375000,1222638,190433,270473,Chuyển khoản,Desktop,6.0,,0
2416,2024-12-07,1137,44.0,Nữ,Hải Phòng,Organic,Mỹ phẩm,340000,3,0.075,1020000,943283,151139,489866,COD,Mobile,5.0,2.0,0
2417,2024-12-07,1617,,Nữ,Cần Thơ,Referral,Thời trang,116000,4,0.2,464000,371332,58718,136460,Thẻ tín dụng,Mobile,4.0,3.0,0
2418,2024-12-07,578,26.0,Nữ,Hà Nội,Facebook Ads,Mỹ phẩm,203000,8,0.154,1624000,1374496,88450,666896,COD,Mobile,1.0,5.0,0
2419,2024-12-07,825,50.0,Nữ,Hà Nội,Facebook Ads,Gia dụng,153000,6,0.26,918000,679282,88697,147100,COD,Mobile,2.0,5.0,0
2420,2024-12-07,1138,32.0,Nữ,Hà Nội,Organic,Gia dụng,323000,2,0.086,646000,590521,187737,215047,Chuyển khoản,Mobile,2.0,4.0,0
2421,2024-12-07,1405,37.0,Nam,TP.HCM,Organic,Điện tử,152000,5,0.183,760000,621159,103773,102294,COD,Mobile,5.0,3.0,0
2422,2024-12-07,1838,21.0,Nam,Hà Nội,Organic,Mỹ phẩm,178000,4,0.113,712000,631816,75196,331032,Thẻ tín dụng,Desktop,3.0,5.0,0
2423,2024-12-07,2031,50.0,Nữ,TP.HCM,Facebook Ads,Mỹ phẩm,224000,4,0.079,896000,825634,101951,417830,COD,Desktop,2.0,4.0,1
2424,2024-12-07,2411,28.0,Nam,Hải Phòng,Organic,Sách,98000,8,0.042,784000,750833,58017,286697,Thẻ tín dụng,Desktop,1.0,5.0,0
2425,2024-12-07,1621,33.0,Nữ,Đà Nẵng,Referral,Gia dụng,259000,3,0.022,777000,759929,154014,297887,Ví điện tử,Mobile,2.0,4.0,0
2426,2024-12-07,1744,33.0,Nữ,Đà Nẵng,Referral,Gia dụng,253000,4,0.165,1012000,844561,149878,245049,Ví điện tử,Desktop,3.0,5.0,0
2427,2024-12-07,523,30.0,Nam,Hải Phòng,Google Ads,Điện tử,205000,2,0.133,410000,355295,154707,45881,Thẻ tín dụng,Tablet,2.0,5.0,0
2428,2024-12-07,1274,24.0,Nữ,TP.HCM,Referral,Mỹ phẩm,236000,6,0.064,1416000,1325745,110338,663717,COD,Mobile,4.0,4.0,0
2429,2024-12-07,699,21.0,Nam,Đà Nẵng,Organic,Gia dụng,166000,5,0.191,830000,671222,100802,167212,Ví điện tử,Mobile,3.0,4.0,0
2430,2024-12-08,2453,29.0,Nam,Đà Nẵng,Google Ads,Điện tử,417000,6,0.163,2502000,2094324,288875,361074,COD,Mobile,3.0,4.0,0
2431,2024-12-08,1481,28.0,Nữ,TP.HCM,Organic,Thời trang,160000,5,0.112,800000,710113,74619,337018,COD,Desktop,3.0,4.0,0
2432,2024-12-08,1207,33.0,Nữ,Hà Nội,Organic,Gia dụng,344000,3,0.152,1032000,875311,192797,296920,Ví điện tử,Mobile,8.0,4.0,0
2433,2024-12-08,1015,19.0,Nữ,TP.HCM,Google Ads,Thực phẩm,105000,5,0.077,525000,484401,69147,138666,Ví điện tử,Mobile,1.0,4.0,0
2434,2024-12-08,2536,29.0,Nữ,Hà Nội,Facebook Ads,Thực phẩm,145000,5,0.013,725000,715766,102060,205466,Thẻ tín dụng,Mobile,,4.0,0
2435,2024-12-08,3065,32.0,Nam,Hà Nội,Google Ads,Mỹ phẩm,123000,3,0.163,369000,309034,56694,138952,Ví điện tử,Desktop,6.0,4.0,0
2436,2024-12-08,2736,43.0,Nữ,Hải Phòng,Facebook Ads,Thực phẩm,107000,4,0.033,428000,413677,75768,110605,COD,Mobile,1.0,4.0,0
2437,2024-12-08,656,24.0,Nam,TP.HCM,Google Ads,Gia dụng,212000,5,0.031,1060000,1027639,129142,381929,Thẻ tín dụng,Mobile,3.0,4.0,0
2438,2024-12-08,299,18.0,Nữ,TP.HCM,Google Ads,Điện tử,267000,4,0.195,1068000,859647,187804,108431,COD,Mobile,,3.0,0
2439,2024-12-09,69,21.0,Nam,TP.HCM,Google Ads,Thời trang,110000,12,0.147,1320000,1125366,62932,370182,COD,Mobile,1.0,5.0,0
2440,2024-12-09,739,,Nữ,Hà Nội,Organic,Thời trang,94000,17,0.057,1598000,1506442,53973,588901,Ví điện tử,Mobile,3.0,3.0,0
2441,2024-12-09,68,28.0,Nam,Hà Nội,Facebook Ads,Gia dụng,671000,2,0.103,1342000,1204312,395712,412888,Chuyển khoản,Tablet,6.0,3.0,1
2442,2024-12-09,2235,28.0,Nam,TP.HCM,Organic,Điện tử,270000,6,0.109,1620000,1443649,190038,303421,COD,Mobile,2.0,5.0,0
2443,2024-12-09,947,28.0,Nam,TP.HCM,Google Ads,Điện tử,137000,3,0.038,411000,395569,91142,122143,Ví điện tử,Mobile,2.0,4.0,0
2444,2024-12-09,1237,18.0,Nữ,Hà Nội,Google Ads,Thời trang,149000,4,0.187,596000,484431,84415,146771,Chuyển khoản,Desktop,3.0,3.0,1
2445,2024-12-09,2600,33.0,Nam,Hà Nội,Facebook Ads,Sách,75000,4,0.153,300000,254096,46709,67260,COD,Mobile,2.0,,0
2446,2024-12-09,619,18.0,Nam,Hải Phòng,Facebook Ads,Mỹ phẩm,384000,5,0.055,1920000,1813889,176197,932904,Ví điện tử,Desktop,3.0,4.0,0
2447,2024-12-10,2572,22.0,Nam,Đà Nẵng,Organic,Điện tử,313000,5,0.086,1565000,1430790,236974,245920,Thẻ tín dụng,Mobile,1.0,5.0,0
2448,2024-12-10,494,45.0,Nam,TP.HCM,Organic,Gia dụng,201000,5,0.112,1005000,892589,110497,340104,Ví điện tử,Mobile,2.0,4.0,0
2449,2024-12-10,408,51.0,Nam,Đà Nẵng,Facebook Ads,Mỹ phẩm,232000,6,0.173,1392000,1151316,101223,543978,Ví điện tử,Mobile,1.0,4.0,0
2450,2024-12-10,2103,52.0,Nam,Đà Nẵng,Referral,Mỹ phẩm,272000,4,0.153,1088000,921490,138048,369298,Ví điện tử,Mobile,2.0,5.0,0
2451,2024-12-10,1161,41.0,Nữ,Cần Thơ,Organic,Thực phẩm,91000,3,0.047,273000,260286,65552,63630,Thẻ tín dụng,Mobile,5.0,4.0,0
2452,2024-12-10,3258,41.0,Nữ,Đà Nẵng,Facebook Ads,Sách,88000,7,0.056,616000,581229,57481,178862,Ví điện tử,Mobile,0.0,5.0,0
2453,2024-12-10,2843,34.0,Nam,Hải Phòng,Facebook Ads,Mỹ phẩm,207000,3,0.06,621000,583704,100683,281655,Chuyển khoản,Mobile,6.0,2.0,0
2454,2024-12-10,2133,23.0,Nam,Đà Nẵng,Facebook Ads,Gia dụng,332000,4,0.149,1328000,1130191,190146,369607,Chuyển khoản,Mobile,5.0,3.0,0
2455,2024-12-10,2248,31.0,Nữ,TP.HCM,Google Ads,Mỹ phẩm,313000,4,0.054,1252000,1184177,143120,611697,COD,Mobile,1.0,5.0,0
2456,2024-12-10,682,34.0,Nam,TP.HCM,Facebook Ads,Mỹ phẩm,265000,3,0.061,795000,746144,117402,393938,Chuyển khoản,Desktop,3.0,4.0,0
2457,2024-12-10,2550,24.0,Nữ,Đà Nẵng,Google Ads,Sách,79000,2,0.055,158000,149299,48787,51725,COD,Desktop,4.0,5.0,0
2458,2024-12-11,1885,18.0,Nam,Hải Phòng,Organic,Thực phẩm,140000,3,0.062,420000,393766,93162,114280,Ví điện tử,Desktop,3.0,4.0,0
2459,2024-12-11,114,47.0,Nam,TP.HCM,Referral,Gia dụng,228000,6,0.07,1368000,1272762,142771,416136,Thẻ tín dụng,Mobile,3.0,4.0,0
2460,2024-12-11,1182,30.0,Nữ,Hà Nội,Facebook Ads,Thời trang,175000,4,0.056,700000,660897,91587,294549,Ví điện tử,Desktop,3.0,4.0,0
2461,2024-12-11,319,31.0,Nam,Hà Nội,Referral,Gia dụng,141000,2,0.11,282000,250959,86973,77013,COD,Mobile,3.0,4.0,0
2462,2024-12-11,90,28.0,Nữ,Đà Nẵng,Google Ads,Điện tử,478000,1,0.126,478000,417656,377242,40414,COD,Tablet,7.0,3.0,1
2463,2024-12-11,1906,37.0,Nữ,TP.HCM,Referral,Mỹ phẩm,246000,3,0.037,738000,710835,110622,378969,Thẻ tín dụng,Desktop,2.0,4.0,0
2464,2024-12-11,448,31.0,Nữ,Hà Nội,Organic,Sách,61000,5,0.098,305000,275140,36798,91150,Ví điện tử,Desktop,2.0,4.0,0
2465,2024-12-11,1443,41.0,Nữ,Hà Nội,Google Ads,Thời trang,150000,2,0.025,300000,292421,76339,139743,Ví điện tử,Mobile,2.0,4.0,0
2466,2024-12-12,1624,31.0,Nữ,TP.HCM,Referral,Mỹ phẩm,160000,1,0.09,160000,145606,71583,74023,Ví điện tử,Desktop,3.0,3.0,0
2467,2024-12-12,2996,18.0,Nữ,Đà Nẵng,Google Ads,Thời trang,170000,4,0.121,680000,597827,93179,225111,COD,Mobile,0.0,5.0,0
2468,2024-12-12,2780,32.0,Nữ,Hải Phòng,Organic,Điện tử,335000,3,0.162,1005000,842022,238581,126279,Thẻ tín dụng,Mobile,5.0,4.0,0
2469,2024-12-12,2508,20.0,Nam,TP.HCM,Referral,Sách,85000,2,0.115,170000,150462,53297,43868,Ví điện tử,Desktop,2.0,5.0,0
2470,2024-12-12,1496,44.0,Nữ,Cần Thơ,Email,Thời trang,141000,1,0.079,141000,129868,75213,54655,Ví điện tử,Mobile,2.0,4.0,0
2471,2024-12-12,2296,26.0,Nữ,Cần Thơ,Organic,Mỹ phẩm,184000,5,0.071,920000,854728,82900,440228,Ví điện tử,Mobile,3.0,4.0,1
2472,2024-12-13,2463,42.0,Nữ,TP.HCM,Google Ads,Thời trang,191000,4,0.152,764000,648149,115173,187457,COD,Tablet,2.0,5.0,0
2473,2024-12-13,1742,48.0,Nữ,Hà Nội,Organic,Thời trang,96000,6,0.209,576000,455566,47787,168844,Ví điện tử,Mobile,2.0,5.0,0
2474,2024-12-13,3187,39.0,Nam,Hà Nội,Organic,Điện tử,339000,1,0.058,339000,319418,233174,86244,Thẻ tín dụng,Tablet,5.0,,0
2475,2024-12-13,2893,33.0,Nữ,Hải Phòng,Facebook Ads,Thời trang,155000,5,0.106,775000,692984,81493,285519,COD,Mobile,2.0,4.0,0
2476,2024-12-13,3099,51.0,Nữ,Hải Phòng,Facebook Ads,Thực phẩm,129000,2,0.029,258000,250508,91154,68200,Ví điện tử,Desktop,2.0,4.0,0
2477,2024-12-13,1820,30.0,Nam,TP.HCM,Google Ads,Thực phẩm,105000,3,0.086,315000,287834,76100,59534,Ví điện tử,Mobile,1.0,4.0,0
2478,2024-12-13,282,36.0,Nữ,TP.HCM,Facebook Ads,Thời trang,147000,8,0.078,1176000,1083982,77998,459998,COD,Desktop,3.0,4.0,0
2479,2024-12-13,695,37.0,Nữ,Hà Nội,Facebook Ads,Gia dụng,191000,5,0.087,955000,872213,112654,308943,Ví điện tử,Mobile,2.0,5.0,0
2480,2024-12-13,265,28.0,Nữ,Hải Phòng,Referral,Thời trang,182000,3,0.089,546000,497523,100239,196806,Ví điện tử,Mobile,2.0,4.0,0
2481,2024-12-13,1717,42.0,Nam,Cần Thơ,Google Ads,Mỹ phẩm,150000,4,0.102,600000,538510,62139,289954,Ví điện tử,Mobile,1.0,5.0,0
2482,2024-12-13,79,27.0,Nam,Đà Nẵng,Organic,Thời trang,127000,1,0.13,127000,110496,73652,36844,Chuyển khoản,Desktop,1.0,4.0,0
2483,2024-12-14,238,36.0,Nữ,TP.HCM,Facebook Ads,Thời trang,142000,4,0.068,568000,529421,85410,187781,COD,Mobile,5.0,2.0,0
2484,2024-12-14,1847,48.0,Nữ,Hải Phòng,Facebook Ads,Thời trang,207000,3,0.104,621000,556667,108351,231614,Chuyển khoản,Mobile,1.0,4.0,0
2485,2024-12-14,2437,30.0,Nam,TP.HCM,Facebook Ads,Điện tử,213000,2,0.03,426000,413388,145790,121808,COD,Desktop,0.0,4.0,0
2486,2024-12-14,2467,29.0,Nữ,Đà Nẵng,Google Ads,Gia dụng,242000,5,0.157,1210000,1019720,145477,292335,Ví điện tử,Desktop,3.0,3.0,0
2487,2024-12-14,775,30.0,Nam,TP.HCM,Facebook Ads,Thời trang,139000,5,0.06,695000,653169,77630,265019,Thẻ tín dụng,Mobile,4.0,4.0,0
2488,2024-12-14,2542,40.0,Nam,Hà Nội,Google Ads,Mỹ phẩm,221000,7,0.042,1547000,1482465,101107,774716,Thẻ tín dụng,Mobile,8.0,3.0,0
2489,2024-12-14,1828,46.0,Nam,TP.HCM,Google Ads,Thời trang,176000,4,0.252,704000,526923,97998,134931,Ví điện tử,Mobile,2.0,3.0,0
2490,2024-12-14,2292,28.0,Nữ,TP.HCM,Organic,Thời trang,144000,3,0.015,432000,425349,81135,181944,COD,Mobile,,5.0,0
2491,2024-12-14,1656,30.0,Nam,Cần Thơ,Facebook Ads,Điện tử,409000,2,0.185,818000,666641,303908,58825,Ví điện tử,Mobile,3.0,4.0,0
2492,2024-12-14,2108,32.0,Nam,Hà Nội,Organic,Gia dụng,475000,7,0.143,3325000,2850626,291113,812835,Ví điện tử,Mobile,3.0,5.0,0
2493,2024-12-15,1184,31.0,Nữ,Hà Nội,Organic,Mỹ phẩm,375000,1,0.032,375000,362824,167331,195493,Thẻ tín dụng,Desktop,3.0,4.0,0
2494,2024-12-15,1184,31.0,Nữ,Đà Nẵng,Google Ads,Gia dụng,215000,4,0.037,860000,828163,127072,319875,COD,Desktop,1.0,5.0,0
2495,2024-12-15,3142,27.0,Nam,Đà Nẵng,Facebook Ads,Gia dụng,268000,2,0.123,536000,469927,157011,155905,Ví điện tử,Mobile,3.0,4.0,0
2496,2024-12-15,2830,33.0,Nam,Đà Nẵng,Google Ads,Gia dụng,206000,3,0.047,618000,589060,121863,223471,COD,Mobile,1.0,4.0,0
2497,2024-12-15,2006,29.0,Nam,Hà Nội,Google Ads,Gia dụng,310000,8,0.097,2480000,2239614,190267,717478,Ví điện tử,Mobile,0.0,5.0,0
2498,2024-12-15,210,33.0,Nam,TP.HCM,Facebook Ads,Điện tử,315000,8,0.049,2520000,2395481,227847,572705,COD,Mobile,4.0,4.0,0
2499,2024-12-15,756,41.0,Nam,Hà Nội,Facebook Ads,Sách,78000,5,0.201,390000,311728,50383,59813,Thẻ tín dụng,Mobile,1.0,4.0,0
2500,2024-12-15,1346,23.0,Nam,Đà Nẵng,Facebook Ads,Thời trang,148000,3,0.135,444000,384017,81259,140240,COD,Mobile,2.0,4.0,0
2501,2024-12-15,1128,27.0,Nam,Đà Nẵng,Organic,Thời trang,67000,5,0.063,335000,313818,41555,106043,Thẻ tín dụng,Desktop,5.0,4.0,0
2502,2024-12-15,628,38.0,Nữ,Hải Phòng,Facebook Ads,Điện tử,384000,3,0.151,1152000,977595,254162,215109,COD,Tablet,2.0,4.0,1
2503,2024-12-15,1868,37.0,Nữ,Cần Thơ,Google Ads,Điện tử,316000,3,0.022,948000,927370,215904,279658,Thẻ tín dụng,Desktop,2.0,4.0,0
2504,2024-12-15,1741,28.0,Nữ,Hà Nội,Facebook Ads,Thời trang,153000,7,0.028,1071000,1040919,89104,417191,COD,Mobile,1.0,4.0,0
2505,2024-12-15,1817,45.0,Nữ,TP.HCM,Google Ads,Thực phẩm,102000,6,0.175,612000,504850,69263,89272,Ví điện tử,Desktop,1.0,5.0,0
2506,2024-12-15,694,28.0,Nữ,Hà Nội,Organic,Mỹ phẩm,234000,2,0.015,468000,461116,111538,238040,COD,Mobile,2.0,4.0,0
2507,2024-12-16,2004,49.0,Nữ,Đà Nẵng,Organic,Điện tử,253000,3,0.105,759000,679161,182555,131496,Thẻ tín dụng,Mobile,2.0,5.0,0
2508,2024-12-16,448,31.0,Nữ,Hà Nội,Organic,Sách,107000,4,0.097,428000,386330,61231,141406,Thẻ tín dụng,Mobile,7.0,3.0,0
2509,2024-12-16,393,46.0,Nam,TP.HCM,Google Ads,Điện tử,251000,5,0.042,1255000,1202018,189526,254388,Thẻ tín dụng,Mobile,3.0,4.0,0
2510,2024-12-16,281,18.0,Nam,Đà Nẵng,Referral,Thời trang,167000,4,0.257,668000,496058,91026,131954,Chuyển khoản,Mobile,3.0,4.0,0
2511,2024-12-16,2423,29.0,Nữ,Hải Phòng,Facebook Ads,Thời trang,121000,3,0.116,363000,320892,69341,112869,Thẻ tín dụng,Desktop,1.0,5.0,1
2512,2024-12-16,2941,30.0,Nam,Hải Phòng,Organic,Mỹ phẩm,227000,3,0.041,681000,652965,96653,363006,Ví điện tử,Mobile,3.0,4.0,0
2513,2024-12-16,939,53.0,Nam,TP.HCM,Google Ads,Sách,101000,4,0.156,404000,340992,67728,70080,Chuyển khoản,Mobile,6.0,4.0,0
2514,2024-12-16,1469,25.0,Nam,TP.HCM,Facebook Ads,Gia dụng,173000,4,0.051,692000,656928,108629,222412,Thẻ tín dụng,Desktop,2.0,5.0,0
2515,2024-12-16,2505,34.0,Nam,Hải Phòng,Facebook Ads,Gia dụng,257000,2,0.107,514000,459246,157806,143634,COD,Mobile,0.0,4.0,0
2516,2024-12-16,385,34.0,Nữ,Đà Nẵng,Facebook Ads,Sách,59000,5,0.089,295000,268848,37940,79148,Ví điện tử,Mobile,2.0,3.0,0
2517,2024-12-16,2094,30.0,Nữ,Hải Phòng,Referral,Điện tử,344000,5,0.137,1720000,1484904,255267,208569,COD,Mobile,1.0,5.0,0
2518,2024-12-16,1037,31.0,Nam,Cần Thơ,Google Ads,Mỹ phẩm,108000,2,0.156,216000,182250,46673,88904,Thẻ tín dụng,Desktop,2.0,,0
2519,2024-12-16,3080,36.0,Nữ,Đà Nẵng,Organic,Gia dụng,209000,3,0.047,627000,597350,131250,203600,Thẻ tín dụng,Desktop,5.0,3.0,0
2520,2024-12-16,972,30.0,Nam,TP.HCM,Facebook Ads,Gia dụng,379000,4,0.093,1516000,1375301,226224,470405,COD,Mobile,14.0,2.0,0
2521,2024-12-16,1211,40.0,Nữ,Hà Nội,Organic,Sách,78000,4,0.077,312000,287852,54631,69328,Ví điện tử,Mobile,2.0,4.0,0
2522,2024-12-16,762,56.0,Nữ,Hà Nội,Organic,Gia dụng,228000,8,0.027,1824000,1774296,131345,723536,Thẻ tín dụng,Desktop,3.0,3.0,0
2523,2024-12-16,447,38.0,Nam,Hà Nội,Organic,Gia dụng,218000,7,0.152,1526000,1293830,136351,339373,Ví điện tử,Mobile,1.0,5.0,0
2524,2024-12-16,2376,20.0,Nam,TP.HCM,Google Ads,Gia dụng,366000,3,0.269,1098000,802379,241508,77855,Chuyển khoản,Mobile,2.0,4.0,0
2525,2024-12-17,1860,18.0,Nữ,Cần Thơ,Organic,Điện tử,445000,2,0.041,890000,853601,329293,195015,COD,Tablet,3.0,4.0,0
2526,2024-12-17,1194,41.0,Nam,Đà Nẵng,Referral,Thời trang,196000,5,0.117,980000,865517,97924,375897,COD,Mobile,3.0,4.0,0
2527,2024-12-17,2562,23.0,Nam,Đà Nẵng,Facebook Ads,Thời trang,90000,6,0.197,540000,433401,41546,184125,Ví điện tử,Desktop,0.0,4.0,0
2528,2024-12-17,2966,36.0,Nam,Hà Nội,Facebook Ads,Thực phẩm,146000,5,0.194,730000,588601,102775,74726,COD,Mobile,7.0,3.0,0
2529,2024-12-17,2317,31.0,Nữ,Hà Nội,Organic,Thời trang,105000,3,0.069,315000,293230,64243,100501,Ví điện tử,Mobile,4.0,4.0,0
2530,2024-12-17,317,20.0,Nam,Hải Phòng,Organic,Điện tử,288000,4,0.014,1152000,1135855,192440,366095,Ví điện tử,Mobile,1.0,4.0,0
2531,2024-12-17,3215,25.0,Nam,Hà Nội,Google Ads,Mỹ phẩm,246000,3,0.062,738000,692527,106022,374461,Ví điện tử,Mobile,1.0,4.0,0
2532,2024-12-17,1829,35.0,Nữ,TP.HCM,Organic,Gia dụng,207000,4,0.05,828000,786453,116935,318713,Ví điện tử,Mobile,3.0,4.0,0
2533,2024-12-17,3250,27.0,Nữ,Hải Phòng,Google Ads,Gia dụng,324000,4,0.084,1296000,1187078,180726,464174,COD,Mobile,2.0,4.0,0
2534,2024-12-17,1887,36.0,Nam,Hà Nội,Referral,Thời trang,247000,1,0.055,247000,233369,159674,73695,COD,Desktop,3.0,5.0,0
2535,2024-12-17,1692,31.0,Nam,Đà Nẵng,Organic,Gia dụng,235000,2,0.089,470000,428165,139541,149083,Chuyển khoản,Mobile,3.0,5.0,0
2536,2024-12-17,1400,29.0,Nam,Hải Phòng,Organic,Điện tử,334000,1,0.035,334000,322286,235903,86383,COD,Mobile,4.0,4.0,0
2537,2024-12-17,1331,29.0,Nữ,Cần Thơ,Organic,Gia dụng,189000,2,0.044,378000,361474,116719,128036,Thẻ tín dụng,Mobile,6.0,4.0,0
2538,2024-12-17,2845,40.0,Nữ,Hà Nội,Organic,Sách,86000,3,0.123,258000,226188,53599,65391,Thẻ tín dụng,Desktop,0.0,5.0,0
2539,2024-12-18,2412,23.0,Nam,TP.HCM,Organic,Điện tử,296000,4,0.106,1184000,1057907,217154,189291,Ví điện tử,Mobile,4.0,5.0,0
2540,2024-12-18,2018,25.0,Nữ,TP.HCM,Google Ads,Điện tử,474000,4,0.283,1896000,1359446,316011,95402,Thẻ tín dụng,Mobile,1.0,5.0,0
2541,2024-12-18,3198,22.0,Nữ,Cần Thơ,Email,Thời trang,116000,4,0.035,464000,447937,59992,207969,Chuyển khoản,Mobile,2.0,4.0,0
2542,2024-12-18,2118,31.0,Nữ,TP.HCM,Google Ads,Thời trang,86000,4,0.026,344000,335106,51347,129718,COD,Desktop,1.0,4.0,0
2543,2024-12-18,321,39.0,Nữ,Cần Thơ,Organic,Mỹ phẩm,236000,2,0.23,472000,363517,107207,149103,Thẻ tín dụng,Mobile,3.0,5.0,0
2544,2024-12-18,2655,40.0,Nam,Cần Thơ,Referral,Điện tử,572000,5,0.148,2860000,2438017,419567,340182,COD,Mobile,1.0,5.0,0
2545,2024-12-18,123,37.0,Nữ,Hà Nội,Facebook Ads,Điện tử,218000,3,0.091,654000,594470,144518,160916,Thẻ tín dụng,Mobile,5.0,3.0,0
2546,2024-12-18,42,22.0,Nữ,Hà Nội,Referral,Mỹ phẩm,182000,3,0.068,546000,508981,86563,249292,Chuyển khoản,Mobile,,4.0,0
2547,2024-12-18,1167,54.0,Nam,TP.HCM,Organic,Gia dụng,225000,6,0.1,1350000,1215397,124782,466705,COD,Mobile,4.0,3.0,0
2548,2024-12-19,2989,,Nữ,Hà Nội,Google Ads,Mỹ phẩm,243000,4,0.017,972000,955467,115982,491539,COD,Desktop,1.0,5.0,0
2549,2024-12-19,1988,36.0,Nam,TP.HCM,Organic,Thời trang,195000,4,0.095,780000,705593,113010,253553,COD,Desktop,3.0,4.0,0
2550,2024-12-19,54,44.0,Nam,Hải Phòng,Google Ads,Sách,93000,5,0.013,465000,458760,58578,165870,COD,Desktop,,4.0,0
2551,2024-12-19,2417,39.0,Nữ,Hải Phòng,Facebook Ads,Thời trang,104000,3,0.072,312000,289622,54878,124988,Ví điện tử,Mobile,5.0,4.0,0
2552,2024-12-19,1178,29.0,Nam,TP.HCM,Organic,Thực phẩm,129000,3,0.078,387000,356865,85101,101562,Ví điện tử,Mobile,2.0,4.0,0
2553,2024-12-19,2517,27.0,Nữ,TP.HCM,Google Ads,Gia dụng,379000,5,0.087,1895000,1730426,235414,553356,Thẻ tín dụng,Mobile,2.0,3.0,0
2554,2024-12-19,162,20.0,Nữ,Hà Nội,Organic,Điện tử,244000,2,0.224,488000,378649,195343,-12037,Thẻ tín dụng,Desktop,2.0,4.0,0
2555,2024-12-19,2028,42.0,Nam,TP.HCM,Organic,Thực phẩm,112000,4,0.12,448000,394158,79260,77118,Ví điện tử,Desktop,2.0,4.0,0
2556,2024-12-19,298,18.0,Nam,TP.HCM,Organic,Điện tử,262000,7,0.039,1834000,1762194,181085,494599,Ví điện tử,Desktop,6.0,3.0,0
2557,2024-12-19,1153,23.0,Nữ,Hải Phòng,Email,Điện tử,491000,4,0.13,1964000,1709051,348151,316447,Chuyển khoản,Mobile,1.0,5.0,0
2558,2024-12-19,1615,29.0,Nữ,TP.HCM,Google Ads,Thời trang,165000,4,0.108,660000,589022,89319,231746,COD,Mobile,3.0,4.0,0
2559,2024-12-19,2562,23.0,Nam,Hà Nội,Google Ads,Thời trang,132000,5,0.085,660000,603924,73030,238774,COD,Desktop,3.0,4.0,0
2560,2024-12-19,2678,22.0,Nam,TP.HCM,Organic,Gia dụng,243000,3,0.055,729000,688853,140820,266393,COD,Mobile,0.0,5.0,0
2561,2024-12-19,2056,19.0,Nam,Hà Nội,Organic,Điện tử,308000,2,0.104,616000,551641,229343,92955,COD,Desktop,2.0,4.0,0
2562,2024-12-20,1165,48.0,Nữ,Cần Thơ,Facebook Ads,Thời trang,133000,9,0.139,1197000,1030300,72630,376630,Ví điện tử,Mobile,7.0,3.0,0
2563,2024-12-20,1724,18.0,Nam,Hải Phòng,Referral,Mỹ phẩm,182000,3,0.046,546000,520891,76732,290695,Ví điện tử,Mobile,3.0,5.0,0
2564,2024-12-20,957,25.0,Nữ,Hải Phòng,Organic,Thời trang,122000,4,0.13,488000,424743,66550,158543,COD,Mobile,11.0,2.0,0
2565,2024-12-20,2326,37.0,Nữ,TP.HCM,Referral,Điện tử,229000,1,0.14,229000,196915,169591,27324,Thẻ tín dụng,Mobile,2.0,4.0,0
2566,2024-12-20,2753,43.0,Nam,Hà Nội,Google Ads,Gia dụng,316000,1,0.009,316000,313099,191135,121964,COD,Mobile,0.0,5.0,0
2567,2024-12-20,495,33.0,Nữ,Hà Nội,Organic,Thời trang,245000,2,0.046,490000,467256,130134,206988,Thẻ tín dụng,Mobile,0.0,4.0,0
2568,2024-12-20,1102,26.0,Nữ,TP.HCM,Facebook Ads,Mỹ phẩm,208000,3,0.008,624000,619076,94797,334685,Ví điện tử,Mobile,2.0,5.0,0
2569,2024-12-20,1260,31.0,Nữ,TP.HCM,Email,Gia dụng,354000,4,0.171,1416000,1174040,215643,311468,COD,Mobile,4.0,4.0,0
2570,2024-12-20,1174,31.0,Nam,TP.HCM,Facebook Ads,Thời trang,193000,4,0.101,772000,694388,111251,249384,Chuyển khoản,Tablet,8.0,3.0,0
2571,2024-12-21,1357,56.0,Nữ,Cần Thơ,Google Ads,Thời trang,81000,3,0.161,243000,203927,46068,65723,COD,Mobile,3.0,4.0,0
2572,2024-12-21,1329,36.0,Nam,Đà Nẵng,Facebook Ads,Điện tử,346000,2,0.068,692000,644867,270829,103209,COD,Mobile,4.0,4.0,0
2573,2024-12-21,945,19.0,Nam,TP.HCM,Facebook Ads,Sách,83000,4,0.33,332000,222509,54949,2713,COD,Desktop,2.0,5.0,0
2574,2024-12-21,1258,25.0,Nữ,TP.HCM,Referral,Mỹ phẩm,115000,5,0.152,575000,487798,50856,233518,Ví điện tử,Mobile,3.0,4.0,0
2575,2024-12-21,625,23.0,Nữ,Đà Nẵng,Facebook Ads,Gia dụng,276000,6,0.05,1656000,1573910,173320,533990,COD,Desktop,,4.0,0
2576,2024-12-21,263,36.0,Nữ,Hà Nội,Organic,Gia dụng,340000,5,0.098,1700000,1533273,196144,552553,COD,Mobile,4.0,5.0,0
2577,2024-12-21,361,30.0,Nam,Hà Nội,Organic,Điện tử,353000,4,0.131,1412000,1227158,220791,343994,Ví điện tử,Mobile,2.0,5.0,0
2578,2024-12-21,809,18.0,Nữ,Hà Nội,Organic,Thời trang,146000,4,0.087,584000,532967,79870,213487,Thẻ tín dụng,Tablet,3.0,4.0,0
2579,2024-12-21,1120,29.0,Nam,TP.HCM,Email,Thời trang,141000,6,0.04,846000,812049,75122,361317,Thẻ tín dụng,Mobile,6.0,5.0,0
2580,2024-12-21,881,18.0,Nữ,TP.HCM,Facebook Ads,Thời trang,167000,6,0.147,1002000,854408,91362,306236,COD,Desktop,1.0,,0
2581,2024-12-22,2251,35.0,Nữ,Đà Nẵng,Organic,Mỹ phẩm,286000,3,0.047,858000,817677,120995,454692,Chuyển khoản,Desktop,2.0,4.0,0
2582,2024-12-22,895,18.0,Nam,Hà Nội,Referral,Gia dụng,235000,4,0.044,940000,898890,145950,315090,COD,Tablet,1.0,5.0,0
2583,2024-12-22,991,30.0,Nữ,Hà Nội,Facebook Ads,Điện tử,356000,4,0.034,1424000,1376257,263908,320625,Thẻ tín dụng,Desktop,,4.0,0
2584,2024-12-22,2911,47.0,Nam,TP.HCM,Facebook Ads,Điện tử,170000,1,0.025,170000,165690,123656,42034,Thẻ tín dụng,Mobile,1.0,3.0,0
2585,2024-12-22,2769,27.0,Nữ,TP.HCM,Referral,Thực phẩm,123000,2,0.127,246000,214831,84787,45257,COD,Desktop,4.0,3.0,0
2586,2024-12-22,1587,23.0,Nữ,Cần Thơ,Organic,Sách,94000,6,0.14,564000,484861,57891,137515,Chuyển khoản,Desktop,4.0,4.0,0
2587,2024-12-22,219,18.0,Nam,Hà Nội,Google Ads,Gia dụng,390000,2,0.256,780000,580400,232186,116028,COD,Desktop,2.0,4.0,0
2588,2024-12-22,2222,24.0,Nam,TP.HCM,Email,Gia dụng,251000,3,0.158,753000,634252,148568,188548,COD,Desktop,2.0,4.0,0
2589,2024-12-22,2035,27.0,Nữ,Hà Nội,Facebook Ads,Mỹ phẩm,142000,3,0.12,426000,374675,63507,184154,Ví điện tử,Desktop,5.0,4.0,0
2590,2024-12-22,925,40.0,Nam,Hà Nội,Google Ads,Sách,95000,3,0.087,285000,260096,65288,64232,Chuyển khoản,Mobile,5.0,3.0,0
2591,2024-12-22,687,,Nam,Hà Nội,Organic,Thời trang,97000,3,0.119,291000,256265,52775,97940,COD,Desktop,2.0,5.0,0
2592,2024-12-22,1323,25.0,Nữ,TP.HCM,Organic,Điện tử,247000,4,0.072,988000,916797,171951,228993,Ví điện tử,Mobile,2.0,4.0,0
2593,2024-12-23,659,24.0,Nữ,Hà Nội,Email,Mỹ phẩm,399000,9,0.16,3591000,3015529,169230,1492459,COD,Tablet,,,0
2594,2024-12-23,1243,51.0,Nam,TP.HCM,Facebook Ads,Thực phẩm,112000,6,0.185,672000,547670,80547,64388,Ví điện tử,Mobile,5.0,5.0,0
2595,2024-12-23,289,26.0,Nữ,TP.HCM,Google Ads,Sách,117000,2,0.048,234000,222826,78467,65892,Ví điện tử,Mobile,3.0,4.0,0
2596,2024-12-23,3239,27.0,Nữ,Đà Nẵng,Referral,Mỹ phẩm,175000,5,0.145,875000,748055,77339,361360,Thẻ tín dụng,Mobile,5.0,2.0,0
2597,2024-12-23,61,36.0,Nam,Hà Nội,Organic,Thời trang,167000,4,0.324,668000,451751,96939,63995,COD,Mobile,1.0,5.0,0
2598,2024-12-23,1019,18.0,Nam,TP.HCM,Facebook Ads,Điện tử,334000,4,0.025,1336000,1303004,249731,304080,Ví điện tử,Tablet,1.0,4.0,0
2599,2024-12-23,2734,42.0,Nam,TP.HCM,Facebook Ads,Gia dụng,206000,2,0.125,412000,360316,123690,112936,COD,Mobile,4.0,5.0,0
2600,2024-12-23,644,38.0,Nữ,TP.HCM,Google Ads,Thời trang,147000,2,0.225,294000,227963,81991,63981,Thẻ tín dụng,Desktop,0.0,4.0,1
2601,2024-12-23,282,36.0,Nữ,Hà Nội,Organic,Thời trang,171000,4,0.029,684000,663901,94279,286785,Ví điện tử,Mobile,2.0,5.0,1
2602,2024-12-23,121,18.0,Nam,TP.HCM,Google Ads,Mỹ phẩm,278000,6,0.076,1668000,1541931,128769,769317,Ví điện tử,Mobile,8.0,3.0,0
2603,2024-12-23,988,18.0,Nữ,Hà Nội,Email,Thời trang,146000,3,0.077,438000,404412,87160,142932,COD,Tablet,1.0,4.0,0
2604,2024-12-24,1300,21.0,Nữ,Hà Nội,Referral,Gia dụng,287000,3,0.156,861000,727042,167089,225775,Chuyển khoản,Desktop,3.0,3.0,0
2605,2024-12-24,2782,23.0,Nữ,Hà Nội,Google Ads,Thời trang,179000,4,0.028,716000,695861,97661,305217,COD,Desktop,7.0,3.0,0
2606,2024-12-24,2173,47.0,Nữ,Hà Nội,Google Ads,Gia dụng,357000,4,0.215,1428000,1120344,221997,232356,COD,Tablet,10.0,3.0,0
2607,2024-12-24,1570,18.0,Nữ,TP.HCM,Referral,Điện tử,278000,2,0.12,556000,489143,204782,79579,COD,Mobile,2.0,4.0,0
2608,2024-12-24,46,33.0,Nữ,Hải Phòng,Facebook Ads,Thời trang,160000,4,0.137,640000,552424,85144,211848,Thẻ tín dụng,Desktop,5.0,4.0,0
2609,2024-12-24,3204,28.0,Nữ,Đà Nẵng,Email,Thực phẩm,126000,4,0.033,504000,487489,91730,120569,Ví điện tử,Mobile,2.0,5.0,0
2610,2024-12-24,1006,37.0,Nữ,Đà Nẵng,Facebook Ads,Thời trang,179000,5,0.119,895000,788324,105161,262519,Ví điện tử,Mobile,4.0,3.0,0
2611,2024-12-25,2321,32.0,Nam,Hải Phòng,Organic,Gia dụng,318000,5,0.076,1590000,1468650,191403,511635,COD,Mobile,4.0,4.0,0
2612,2024-12-25,2339,25.0,Nữ,TP.HCM,Facebook Ads,Mỹ phẩm,242000,4,0.025,968000,943330,109202,506522,Ví điện tử,Desktop,1.0,4.0,0
2613,2024-12-25,2323,24.0,Nam,Hà Nội,Referral,Sách,116000,2,0.163,232000,194117,72524,49069,Thẻ tín dụng,Desktop,1.0,4.0,0
2614,2024-12-25,1867,49.0,Nam,Cần Thơ,Referral,Thời trang,146000,3,0.102,438000,393517,81918,147763,COD,Desktop,3.0,5.0,0
2615,2024-12-25,1944,48.0,Nữ,Cần Thơ,Facebook Ads,Sách,89000,4,0.163,356000,298102,60534,55966,Ví điện tử,Mobile,3.0,5.0,0
2616,2024-12-25,2194,23.0,Nữ,TP.HCM,Email,Gia dụng,298000,2,0.057,596000,562217,176293,209631,Ví điện tử,Mobile,2.0,4.0,0
2617,2024-12-25,1978,38.0,Nam,Hải Phòng,Facebook Ads,Điện tử,563000,3,0.044,1689000,1613956,422096,347668,COD,Mobile,3.0,5.0,0
2618,2024-12-25,3106,27.0,Nam,TP.HCM,Referral,Thực phẩm,117000,5,0.17,585000,485332,70519,132737,COD,Desktop,8.0,3.0,0
2619,2024-12-25,1441,33.0,Nam,Cần Thơ,Organic,Thời trang,118000,7,0.064,826000,773209,66969,304426,Ví điện tử,Mobile,3.0,4.0,0
2620,2024-12-25,1910,26.0,Nữ,Hà Nội,Organic,Thời trang,133000,2,0.133,266000,230568,73793,82982,COD,Mobile,2.0,5.0,0
2621,2024-12-25,70,46.0,Nữ,TP.HCM,Organic,Thời trang,200000,6,0.038,1200000,1153960,111013,487882,COD,Desktop,7.0,4.0,0
2622,2024-12-25,634,21.0,Nữ,Hà Nội,Facebook Ads,Sách,119000,2,0.102,238000,213636,78136,57364,Thẻ tín dụng,Desktop,2.0,3.0,1
2623,2024-12-25,1170,32.0,Nữ,Đà Nẵng,Referral,Mỹ phẩm,139000,1,0.156,139000,117259,60870,56389,Thẻ tín dụng,Desktop,5.0,3.0,0
2624,2024-12-25,129,22.0,Nam,TP.HCM,Google Ads,Điện tử,217000,5,0.024,1085000,1059003,150700,305503,COD,Desktop,5.0,4.0,0
2625,2024-12-25,617,18.0,Nam,Cần Thơ,Facebook Ads,Thực phẩm,138000,6,0.08,828000,761664,90900,216264,Ví điện tử,Desktop,3.0,4.0,0
2626,2024-12-25,3147,40.0,Nữ,Cần Thơ,Organic,Gia dụng,241000,6,0.063,1446000,1354959,142290,501219,COD,Mobile,6.0,,0
2627,2024-12-26,925,40.0,Nam,Hà Nội,Organic,Điện tử,184000,2,0.007,368000,365494,132520,100454,COD,Mobile,3.0,4.0,0
2628,2024-12-26,1318,29.0,Nữ,TP.HCM,Facebook Ads,Thời trang,166000,3,0.176,498000,410168,90195,139583,COD,Desktop,,5.0,0
2629,2024-12-26,2148,36.0,Nam,Hà Nội,Facebook Ads,Gia dụng,293000,6,0.319,1758000,1197127,183815,94237,Thẻ tín dụng,Mobile,1.0,4.0,0
2630,2024-12-26,1454,43.0,Nam,Hải Phòng,Organic,Điện tử,233000,4,0.065,932000,871256,182347,141868,Ví điện tử,Mobile,2.0,5.0,0
2631,2024-12-26,841,47.0,Nữ,Hải Phòng,Organic,Điện tử,227000,6,0.042,1362000,1305246,163496,324270,COD,Tablet,2.0,5.0,0
2632,2024-12-26,349,18.0,Nữ,Hà Nội,Facebook Ads,Mỹ phẩm,208000,3,0.098,624000,562992,86771,302679,Thẻ tín dụng,Mobile,1.0,5.0,0
2633,2024-12-26,2921,19.0,Nữ,TP.HCM,Organic,Gia dụng,334000,5,0.06,1670000,1569127,215229,492982,COD,Mobile,3.0,3.0,0
2634,2024-12-26,2291,39.0,Nữ,Hà Nội,Organic,Thời trang,200000,2,0.161,400000,335537,111598,112341,Thẻ tín dụng,Mobile,0.0,5.0,0
2635,2024-12-26,1150,37.0,Nam,Hà Nội,Facebook Ads,Thời trang,189000,5,0.072,945000,876802,100611,373747,COD,Mobile,4.0,4.0,0
2636,2024-12-26,360,33.0,Nam,Hà Nội,Organic,Gia dụng,306000,8,0.14,2448000,2105797,184041,633469,COD,Desktop,1.0,4.0,0
2637,2024-12-26,1990,21.0,Nam,TP.HCM,Facebook Ads,Mỹ phẩm,327000,3,0.18,981000,804328,156851,333775,Thẻ tín dụng,Mobile,1.0,,0
2638,2024-12-27,3275,42.0,Nữ,TP.HCM,Google Ads,Mỹ phẩm,252000,2,0.062,504000,472748,110746,251256,Thẻ tín dụng,Desktop,5.0,3.0,0
2639,2024-12-27,2500,49.0,Nam,TP.HCM,Facebook Ads,Điện tử,276000,4,0.169,1104000,917509,211155,72889,Ví điện tử,Mobile,2.0,4.0,0
2640,2024-12-27,697,23.0,Nữ,Hải Phòng,Facebook Ads,Thời trang,196000,2,0.032,392000,379448,99938,179572,COD,Mobile,6.0,5.0,0
2641,2024-12-27,974,40.0,Nam,Đà Nẵng,Facebook Ads,Điện tử,405000,5,0.032,2025000,1959985,298122,469375,COD,Mobile,4.0,3.0,0
2642,2024-12-27,2196,49.0,Nữ,Hà Nội,Facebook Ads,Thời trang,112000,4,0.125,448000,391884,63022,139796,Ví điện tử,Mobile,4.0,5.0,0
2643,2024-12-27,2636,24.0,Nam,TP.HCM,Referral,Thực phẩm,109000,8,0.103,872000,782619,76127,173603,Thẻ tín dụng,Mobile,3.0,4.0,0
2644,2024-12-27,1719,39.0,Nam,Cần Thơ,Facebook Ads,Gia dụng,326000,2,0.141,652000,560325,191146,178033,Thẻ tín dụng,Mobile,3.0,4.0,0
2645,2024-12-27,1395,28.0,Nam,Cần Thơ,Email,Mỹ phẩm,155000,3,0.05,465000,441959,68013,237920,Ví điện tử,Tablet,1.0,4.0,0
2646,2024-12-27,3096,34.0,Nữ,TP.HCM,Google Ads,Thời trang,171000,4,0.07,684000,635780,85791,292616,COD,Mobile,3.0,3.0,0
2647,2024-12-27,117,18.0,Nữ,Cần Thơ,Email,Thời trang,189000,2,0.102,378000,339478,104310,130858,Ví điện tử,Desktop,1.0,5.0,0
2648,2024-12-27,1540,39.0,Nam,Hà Nội,Referral,Thực phẩm,118000,3,0.143,354000,303328,79945,63493,Thẻ tín dụng,Mobile,3.0,4.0,0
2649,2024-12-27,2807,21.0,Nữ,Đà Nẵng,Referral,Gia dụng,382000,1,0.085,382000,349494,226994,122500,Thẻ tín dụng,Desktop,1.0,4.0,0
2650,2024-12-28,97,27.0,Nam,TP.HCM,Google Ads,Gia dụng,216000,6,0.044,1296000,1238840,124009,494786,Chuyển khoản,Mobile,5.0,,0
2651,2024-12-28,724,28.0,Nam,TP.HCM,Organic,Điện tử,199000,7,0.11,1393000,1240428,141591,249291,Thẻ tín dụng,Desktop,1.0,5.0,0
2652,2024-12-28,2839,18.0,Nữ,Đà Nẵng,Referral,Thời trang,114000,3,0.063,342000,320380,65278,124546,Thẻ tín dụng,Mobile,1.0,4.0,0
2653,2024-12-28,1532,39.0,Nữ,Hải Phòng,Referral,Mỹ phẩm,157000,3,0.048,471000,448435,69679,239398,Thẻ tín dụng,Mobile,7.0,3.0,0
2654,2024-12-28,2839,18.0,Nữ,Đà Nẵng,Google Ads,Mỹ phẩm,298000,5,0.113,1490000,1320887,125297,694402,COD,Mobile,2.0,,0
2655,2024-12-28,2268,19.0,Nam,TP.HCM,Organic,Thời trang,110000,7,0.025,770000,750790,62290,314760,Chuyển khoản,Mobile,4.0,4.0,0
2656,2024-12-28,47,28.0,Nam,TP.HCM,Organic,Điện tử,325000,6,0.114,1950000,1727954,227721,361628,COD,Desktop,4.0,5.0,0
2657,2024-12-28,3281,18.0,Nam,TP.HCM,Facebook Ads,Thực phẩm,124000,5,0.028,620000,602562,81206,196532,Ví điện tử,Tablet,0.0,4.0,0
2658,2024-12-28,1423,35.0,Nữ,TP.HCM,Facebook Ads,Điện tử,530000,4,0.032,2120000,2052205,424131,355681,Ví điện tử,Tablet,4.0,4.0,0
2659,2024-12-28,620,23.0,Nữ,TP.HCM,Facebook Ads,Điện tử,487000,6,0.05,2922000,2776729,339701,738523,Thẻ tín dụng,Mobile,2.0,,0
2660,2024-12-29,572,59.0,Nữ,TP.HCM,Facebook Ads,Sách,116000,3,0.049,348000,330904,70573,119185,COD,Mobile,2.0,4.0,0
2661,2024-12-29,1272,18.0,Nữ,Hải Phòng,Google Ads,Gia dụng,185000,4,0.086,740000,676093,115927,212385,Chuyển khoản,Mobile,,4.0,0
2662,2024-12-29,16,25.0,Nữ,Hà Nội,Facebook Ads,Thời trang,89000,3,0.117,267000,235821,55275,69996,COD,Mobile,2.0,3.0,0
2663,2024-12-29,135,38.0,Nữ,TP.HCM,Google Ads,Thời trang,179000,3,0.155,537000,453618,96727,163437,COD,Mobile,2.0,5.0,0
2664,2024-12-29,2482,26.0,Nam,Hà Nội,Organic,Sách,84000,4,0.08,336000,309032,51564,102776,COD,Mobile,,5.0,0
2665,2024-12-29,895,18.0,Nam,TP.HCM,Google Ads,Điện tử,295000,2,0.094,590000,534564,206377,121810,COD,Desktop,1.0,5.0,0
2666,2024-12-29,2056,19.0,Nam,Đà Nẵng,Referral,Gia dụng,421000,3,0.078,1263000,1163867,260381,382724,Thẻ tín dụng,Mobile,2.0,4.0,0
2667,2024-12-29,2580,26.0,Nữ,Đà Nẵng,Organic,Mỹ phẩm,270000,4,0.112,1080000,958886,120437,477138,Ví điện tử,Mobile,8.0,3.0,1
2668,2024-12-29,1748,28.0,Nam,Cần Thơ,Referral,Gia dụng,275000,2,0.097,550000,496799,169002,158795,Ví điện tử,Tablet,1.0,4.0,1
2669,2024-12-29,1751,20.0,Nam,TP.HCM,Organic,Thời trang,171000,1,0.232,171000,131251,96464,34787,Chuyển khoản,Desktop,3.0,3.0,0
2670,2024-12-29,535,47.0,Nữ,TP.HCM,Facebook Ads,Gia dụng,471000,4,0.066,1884000,1759912,286221,615028,COD,Mobile,2.0,4.0,1
2671,2024-12-29,2886,32.0,Nữ,Hà Nội,Facebook Ads,Gia dụng,286000,6,0.096,1716000,1551402,164239,565968,Ví điện tử,Tablet,3.0,4.0,0
2672,2024-12-29,1297,31.0,Nữ,Hải Phòng,Email,Thời trang,218000,2,0.111,436000,387816,117163,153490,Chuyển khoản,Mobile,6.0,3.0,0
2673,2024-12-29,2817,22.0,Nam,TP.HCM,Google Ads,Thời trang,111000,6,0.066,666000,622194,64185,237084,Thẻ tín dụng,Desktop,3.0,4.0,0
2674,2024-12-29,1504,34.0,Nữ,TP.HCM,Referral,Điện tử,446000,5,0.045,2230000,2129577,325120,503977,COD,Mobile,7.0,3.0,0
2675,2024-12-29,2878,42.0,Nữ,Hà Nội,Google Ads,Mỹ phẩm,164000,3,0.259,492000,364601,74791,140228,Thẻ tín dụng,Mobile,3.0,4.0,0
2676,2024-12-29,882,32.0,Nữ,Hà Nội,Facebook Ads,Điện tử,309000,5,0.07,1545000,1437073,224309,315528,Thẻ tín dụng,Mobile,1.0,,0
2677,2024-12-29,338,37.0,Nam,Đà Nẵng,Google Ads,Điện tử,516000,2,0.108,1032000,920036,378334,163368,Ví điện tử,Mobile,1.0,3.0,0
2678,2024-12-29,2484,31.0,Nữ,TP.HCM,Facebook Ads,Gia dụng,324000,3,0.075,972000,899480,204838,284966,Thẻ tín dụng,Mobile,,5.0,0
2679,2024-12-29,317,20.0,Nam,TP.HCM,Google Ads,Điện tử,262000,4,0.009,1048000,1038104,187431,288380,Ví điện tử,Desktop,2.0,4.0,0
2680,2024-12-29,1558,48.0,Nữ,Cần Thơ,Facebook Ads,Sách,101000,2,0.126,202000,176566,65331,45904,Ví điện tử,Desktop,1.0,4.0,0
2681,2024-12-29,703,33.0,Nữ,Cần Thơ,Facebook Ads,Thời trang,146000,5,0.084,730000,668416,75969,288571,COD,Mobile,1.0,4.0,0
2682,2024-12-30,2385,25.0,Nữ,TP.HCM,Referral,Thực phẩm,87000,3,0.12,261000,229598,59278,51764,Ví điện tử,Mobile,1.0,4.0,0
2683,2024-12-30,868,29.0,Nữ,TP.HCM,Google Ads,Điện tử,349000,5,0.008,1745000,1730606,251823,471491,Ví điện tử,Desktop,12.0,3.0,0
2684,2024-12-30,2333,25.0,Nam,Hà Nội,Referral,Điện tử,270000,5,0.098,1350000,1217450,181422,310340,Ví điện tử,Desktop,2.0,3.0,0
2685,2024-12-30,2697,35.0,Nữ,Đà Nẵng,Facebook Ads,Điện tử,518000,4,0.026,2072000,2018400,359398,580808,COD,Desktop,2.0,5.0,1
2686,2024-12-30,2679,24.0,Nam,TP.HCM,Organic,Điện tử,480000,3,0.055,1440000,1360921,340702,338815,Thẻ tín dụng,Mobile,2.0,,1
2687,2024-12-30,3246,30.0,Nữ,TP.HCM,Google Ads,Gia dụng,244000,4,0.127,976000,852242,152553,242030,Chuyển khoản,Mobile,2.0,4.0,0
2688,2024-12-30,2291,39.0,Nữ,Hải Phòng,Google Ads,Thời trang,212000,5,0.061,1060000,994874,122023,384759,Ví điện tử,Mobile,1.0,5.0,0
2689,2024-12-30,1124,36.0,Nữ,TP.HCM,Organic,Mỹ phẩm,180000,2,0.129,360000,313586,82404,148778,Ví điện tử,Mobile,4.0,4.0,1
2690,2024-12-30,1852,24.0,Nữ,Hải Phòng,Google Ads,Sách,95000,3,0.099,285000,256904,62965,68009,Ví điện tử,Mobile,3.0,4.0,0
2691,2024-12-30,169,20.0,Nữ,Hà Nội,Facebook Ads,Thời trang,202000,4,0.095,808000,731583,110978,287671,Ví điện tử,Mobile,3.0,5.0,0
2692,2024-12-30,79,27.0,Nam,TP.HCM,Google Ads,Mỹ phẩm,156000,4,0.054,624000,590139,74277,293031,COD,Desktop,6.0,2.0,1
2693,2024-12-31,366,33.0,Nữ,Hà Nội,Organic,Điện tử,671000,5,0.038,3355000,3226433,469936,876753,COD,Mobile,2.0,5.0,0
2694,2024-12-31,206,18.0,Nữ,Đà Nẵng,Facebook Ads,Thời trang,160000,3,0.081,480000,441083,82381,193940,COD,Desktop,2.0,4.0,0
2695,2024-12-31,3290,29.0,Nữ,Hà Nội,Facebook Ads,Thực phẩm,116000,3,0.016,348000,342367,73201,122764,Chuyển khoản,Mobile,2.0,5.0,0
2696,2024-12-31,2122,48.0,Nam,Hà Nội,Google Ads,Gia dụng,205000,4,0.022,820000,801887,118779,326771,COD,Tablet,1.0,4.0,0
2697,2024-12-31,421,26.0,Nam,TP.HCM,Organic,Sách,88000,3,0.067,264000,246400,54772,82084,Ví điện tử,Tablet,1.0,4.0,0
2698,2024-12-31,2174,46.0,Nam,Hải Phòng,Google Ads,Mỹ phẩm,181000,1,0.046,181000,172700,77399,95301,Ví điện tử,Mobile,1.0,5.0,0
2699,2024-12-31,89,25.0,Nữ,TP.HCM,Google Ads,Sách,100000,9,0.16,900000,755878,65085,170113,Ví điện tử,Mobile,3.0,4.0,0
2700,2024-12-31,3267,30.0,Nữ,Hà Nội,Referral,Thực phẩm,127000,4,0.103,508000,455616,84833,116284,Thẻ tín dụng,Mobile,8.0,2.0,0
2701,2024-12-31,2919,29.0,Nữ,Hải Phòng,Organic,Gia dụng,274000,4,0.069,1096000,1020401,171877,332893,COD,Desktop,1.0,4.0,0
2702,2024-12-31,2929,35.0,Nam,Hải Phòng,Google Ads,Điện tử,231000,3,0.09,693000,630463,154117,168112,Chuyển khoản,Mobile,4.0,4.0,0
2703,2024-12-31,2824,36.0,Nam,Đà Nẵng,Facebook Ads,Gia dụng,193000,4,0.047,772000,735339,122333,246007,Thẻ tín dụng,Mobile,2.0,3.0,0
2704,2024-12-31,1796,24.0,Nữ,TP.HCM,Referral,Gia dụng,180000,4,0.139,720000,619678,114791,160514,Thẻ tín dụng,Desktop,5.0,4.0,0
2705,2024-12-31,2163,42.0,Nam,TP.HCM,Organic,Điện tử,284000,4,0.192,1136000,917388,203519,103312,COD,Mobile,1.0,5.0,0
2706,2025-01-01,3241,39.0,Nam,Hải Phòng,Facebook Ads,Gia dụng,243000,4,0.096,972000,879141,142337,309793,COD,Mobile,2.0,4.0,0
2707,2025-01-01,1535,21.0,Nam,TP.HCM,Facebook Ads,Thời trang,146000,4,0.112,584000,518712,77812,207464,COD,Desktop,3.0,5.0,0
2708,2025-01-01,2983,27.0,Nam,Đà Nẵng,Organic,Thời trang,146000,3,0.034,438000,423140,82185,176585,Thẻ tín dụng,Tablet,7.0,5.0,0
2709,2025-01-01,3011,22.0,Nữ,Hà Nội,Google Ads,Thời trang,143000,4,0.073,572000,530249,82572,199961,COD,Desktop,5.0,4.0,0
2710,2025-01-02,3057,19.0,Nữ,Hà Nội,Google Ads,Điện tử,224000,1,0.024,224000,218590,161706,56884,Ví điện tử,Desktop,2.0,4.0,0
2711,2025-01-02,680,38.0,Nữ,TP.HCM,Referral,Thời trang,133000,5,0.1,665000,598390,69301,251885,COD,Mobile,1.0,4.0,0
2712,2025-01-02,2736,43.0,Nữ,Đà Nẵng,Facebook Ads,Điện tử,545000,4,0.095,2180000,1971847,366787,504699,COD,Desktop,3.0,4.0,0
2713,2025-01-02,394,25.0,Nữ,Cần Thơ,Facebook Ads,Thời trang,157000,3,0.315,471000,322439,89021,55376,Chuyển khoản,Desktop,3.0,4.0,0
2714,2025-01-02,3019,32.0,Nam,Hải Phòng,Facebook Ads,Gia dụng,314000,4,0.051,1256000,1191396,197619,400920,Ví điện tử,Mobile,1.0,4.0,0
2715,2025-01-02,2891,32.0,Nữ,Hà Nội,Google Ads,Mỹ phẩm,276000,5,0.033,1380000,1334774,131706,676244,COD,Desktop,2.0,4.0,0
2716,2025-01-02,457,31.0,Nam,Đà Nẵng,Email,Gia dụng,197000,5,0.118,985000,868382,119048,273142,Thẻ tín dụng,Desktop,2.0,4.0,0
2717,2025-01-03,1292,48.0,Nam,Cần Thơ,Google Ads,Thời trang,151000,6,0.088,906000,826632,79332,350640,COD,Mobile,4.0,5.0,0
2718,2025-01-03,3213,20.0,Nữ,TP.HCM,Organic,Gia dụng,283000,4,0.041,1132000,1085638,177902,374030,Chuyển khoản,Desktop,2.0,5.0,0
2719,2025-01-03,2730,32.0,Nam,Đà Nẵng,Facebook Ads,Thời trang,89000,3,0.172,267000,221179,50038,71065,Chuyển khoản,Desktop,5.0,4.0,0
2720,2025-01-03,1263,32.0,Nữ,Đà Nẵng,Organic,Gia dụng,164000,5,0.117,820000,723662,96117,243077,Chuyển khoản,Desktop,2.0,4.0,0
2721,2025-01-03,2288,35.0,Nam,TP.HCM,Facebook Ads,Gia dụng,155000,6,0.177,930000,765316,95179,194242,Ví điện tử,Desktop,2.0,5.0,0
2722,2025-01-03,1933,23.0,Nam,Đà Nẵng,Facebook Ads,Thời trang,175000,3,0.022,525000,513269,97646,220331,COD,Mobile,1.0,4.0,0
2723,2025-01-03,2453,29.0,Nam,TP.HCM,Organic,Thời trang,156000,2,0.017,312000,306653,86559,133535,COD,Tablet,4.0,3.0,0
2724,2025-01-03,1673,36.0,Nam,Hà Nội,Organic,Gia dụng,421000,5,0.08,2105000,1936246,265522,608636,COD,Mobile,5.0,3.0,0
2725,2025-01-03,331,18.0,Nam,Cần Thơ,Organic,Gia dụng,209000,4,0.129,836000,728173,118376,254669,Ví điện tử,Mobile,1.0,4.0,0
2726,2025-01-03,2069,35.0,Nam,TP.HCM,Organic,Thời trang,181000,2,0.06,362000,340118,106215,127688,Ví điện tử,Mobile,6.0,4.0,0
2727,2025-01-04,2627,24.0,Nữ,Cần Thơ,Organic,Gia dụng,339000,2,0.035,678000,654149,191394,271361,Ví điện tử,Desktop,2.0,4.0,0
2728,2025-01-04,1047,29.0,Nam,Hà Nội,Google Ads,Sách,62000,3,0.019,186000,182522,40079,62285,Chuyển khoản,Mobile,2.0,5.0,0
2729,2025-01-04,2009,42.0,Nữ,TP.HCM,Google Ads,Thực phẩm,121000,4,0.096,484000,437360,85696,94576,COD,Desktop,1.0,4.0,0
2730,2025-01-04,1806,35.0,Nữ,Hà Nội,Organic,Sách,112000,4,0.18,448000,367393,67355,97973,Chuyển khoản,Tablet,2.0,5.0,0
2731,2025-01-04,1294,27.0,Nữ,TP.HCM,Facebook Ads,Sách,106000,2,0.038,212000,203853,71616,60621,COD,Mobile,3.0,4.0,0
2732,2025-01-04,1960,29.0,Nữ,TP.HCM,Organic,Thời trang,193000,3,0.032,579000,560187,104551,246534,COD,Tablet,2.0,4.0,0
2733,2025-01-04,1310,24.0,Nữ,Hải Phòng,Organic,Điện tử,164000,4,0.083,656000,601402,126476,95498,Thẻ tín dụng,Mobile,0.0,4.0,0
2734,2025-01-04,1161,41.0,Nữ,Hải Phòng,Facebook Ads,Mỹ phẩm,235000,4,0.184,940000,767383,107541,337219,Chuyển khoản,Desktop,1.0,4.0,0
2735,2025-01-04,2506,30.0,Nam,Hà Nội,Google Ads,Điện tử,350000,3,0.055,1050000,992381,261590,207611,Thẻ tín dụng,Tablet,0.0,5.0,0
2736,2025-01-04,2976,31.0,Nữ,Đà Nẵng,Facebook Ads,Thời trang,73000,2,0.074,146000,135209,42438,50333,Thẻ tín dụng,Mobile,3.0,4.0,0
2737,2025-01-04,2066,33.0,Nữ,TP.HCM,Organic,Điện tử,291000,1,0.011,291000,287802,215335,72467,Thẻ tín dụng,Mobile,4.0,5.0,0
2738,2025-01-04,2653,44.0,Nữ,Hà Nội,Google Ads,Thời trang,90000,1,0.034,90000,86950,49781,37169,Thẻ tín dụng,Mobile,11.0,3.0,0
2739,2025-01-05,2460,29.0,Nữ,TP.HCM,Google Ads,Điện tử,279000,7,0.046,1953000,1862698,207044,413390,Chuyển khoản,Tablet,1.0,5.0,0
2740,2025-01-05,748,53.0,Nam,TP.HCM,Organic,Thời trang,179000,5,0.032,895000,866039,93639,397844,Chuyển khoản,Desktop,4.0,4.0,0
2741,2025-01-05,1899,27.0,Nam,Cần Thơ,Referral,Điện tử,424000,5,0.1,2120000,1907907,296162,427097,COD,Desktop,1.0,4.0,0
2742,2025-01-05,746,31.0,Nữ,Hà Nội,Organic,Mỹ phẩm,184000,2,0.077,368000,339778,77631,184516,Chuyển khoản,Desktop,7.0,3.0,0
2743,2025-01-05,1252,37.0,Nam,TP.HCM,Google Ads,Gia dụng,221000,8,0.109,1768000,1574453,133587,505757,Chuyển khoản,Mobile,3.0,4.0,0
2744,2025-01-05,2543,32.0,Nữ,Cần Thơ,Organic,Gia dụng,186000,4,0.099,744000,670715,113247,217727,Thẻ tín dụng,Mobile,1.0,5.0,0
2745,2025-01-05,1101,35.0,Nữ,TP.HCM,Organic,Thời trang,157000,6,0.076,942000,870308,85774,355664,COD,Mobile,3.0,3.0,0
2746,2025-01-05,2546,23.0,Nam,Cần Thơ,Email,Sách,94000,5,0.149,470000,400202,60109,99657,Chuyển khoản,Mobile,,4.0,0
2747,2025-01-05,2515,36.0,Nữ,Hải Phòng,Email,Thời trang,157000,2,0.137,314000,270843,85689,99465,COD,Desktop,1.0,4.0,0
2748,2025-01-05,1278,33.0,Nữ,Cần Thơ,Organic,Gia dụng,348000,4,0.087,1392000,1271221,215412,409573,COD,Mobile,4.0,3.0,1
2749,2025-01-06,202,28.0,Nữ,Cần Thơ,Facebook Ads,Thời trang,183000,3,0.046,549000,523956,104469,210549,Ví điện tử,Desktop,,,0
2750,2025-01-06,121,18.0,Nam,TP.HCM,Facebook Ads,Thực phẩm,130000,5,0.142,650000,557671,88398,115681,COD,Mobile,3.0,3.0,0
2751,2025-01-06,2525,31.0,Nữ,Hà Nội,Organic,Gia dụng,281000,3,0.112,843000,748638,164171,256125,Thẻ tín dụng,Mobile,2.0,4.0,0
2752,2025-01-06,2843,34.0,Nam,Hải Phòng,Google Ads,Thời trang,233000,2,0.095,466000,421948,136178,149592,Ví điện tử,Mobile,2.0,4.0,0
2753,2025-01-06,2763,36.0,Nữ,TP.HCM,Email,Sách,93000,4,0.028,372000,361461,61680,114741,Ví điện tử,Mobile,1.0,5.0,0
2754,2025-01-06,2096,27.0,Nam,TP.HCM,Facebook Ads,Thời trang,197000,4,0.06,788000,740622,118055,268402,Ví điện tử,Mobile,2.0,4.0,0
2755,2025-01-06,2638,27.0,Nam,TP.HCM,Google Ads,Mỹ phẩm,142000,3,0.21,426000,336408,63707,145287,COD,Tablet,3.0,4.0,0
2756,2025-01-06,3046,18.0,Nữ,TP.HCM,Facebook Ads,Thời trang,107000,3,0.112,321000,284993,59643,106064,COD,Desktop,3.0,3.0,0
2757,2025-01-07,2758,25.0,Nữ,TP.HCM,Google Ads,Thời trang,115000,3,0.088,345000,314612,67093,113333,COD,Mobile,3.0,4.0,0
2758,2025-01-07,1806,35.0,Nữ,Hà Nội,Email,Thời trang,165000,4,0.08,660000,607082,91568,240810,Ví điện tử,Mobile,1.0,4.0,0
2759,2025-01-07,1772,26.0,Nữ,Hà Nội,Facebook Ads,Mỹ phẩm,364000,3,0.066,1092000,1020473,178535,484868,COD,Desktop,3.0,4.0,0
2760,2025-01-07,2591,37.0,Nam,Cần Thơ,Organic,Thời trang,158000,5,0.058,790000,744495,90540,291795,Ví điện tử,Desktop,6.0,3.0,0
2761,2025-01-07,2584,29.0,Nam,Đà Nẵng,Facebook Ads,Điện tử,346000,2,0.232,692000,531728,249260,33208,COD,Desktop,3.0,3.0,0
2762,2025-01-07,2127,43.0,Nam,TP.HCM,Facebook Ads,Điện tử,400000,4,0.193,1600000,1291942,306720,65062,COD,Desktop,4.0,,0
2763,2025-01-07,2429,25.0,Nữ,Hà Nội,Organic,Sách,87000,8,0.042,696000,666771,59163,193467,COD,Tablet,4.0,4.0,0
2764,2025-01-08,2773,21.0,Nam,Hà Nội,Google Ads,Mỹ phẩm,217000,4,0.184,868000,707936,96103,323524,Chuyển khoản,Desktop,5.0,4.0,0
2765,2025-01-08,1171,30.0,Nữ,Hà Nội,Facebook Ads,Điện tử,205000,6,0.142,1230000,1054795,138490,223855,Ví điện tử,Mobile,4.0,4.0,0
2766,2025-01-08,2683,30.0,Nữ,Hà Nội,Google Ads,Thời trang,172000,3,0.133,516000,447312,90594,175530,Ví điện tử,Mobile,3.0,4.0,0
2767,2025-01-08,3162,36.0,Nữ,TP.HCM,Organic,Mỹ phẩm,170000,4,0.166,680000,567207,78821,251923,Ví điện tử,Mobile,3.0,5.0,0
2768,2025-01-08,1271,25.0,Nam,Hà Nội,Google Ads,Thời trang,147000,3,0.074,441000,408350,75302,182444,Ví điện tử,Mobile,3.0,4.0,0
2769,2025-01-08,896,35.0,Nam,Đà Nẵng,Google Ads,Thời trang,98000,4,0.056,392000,370133,50233,169201,Thẻ tín dụng,Mobile,0.0,,0
2770,2025-01-08,767,31.0,Nam,TP.HCM,Google Ads,Mỹ phẩm,202000,7,0.067,1414000,1318643,91340,679263,Ví điện tử,Desktop,1.0,5.0,0
2771,2025-01-08,2989,43.0,Nữ,TP.HCM,Google Ads,Điện tử,318000,6,0.072,1908000,1770475,227524,405331,Ví điện tử,Desktop,2.0,3.0,0
2772,2025-01-09,3222,30.0,Nữ,Hải Phòng,Email,Thực phẩm,117000,3,0.233,351000,269262,78533,33663,Ví điện tử,Tablet,4.0,4.0,0
2773,2025-01-09,1679,30.0,Nữ,Hà Nội,Google Ads,Điện tử,336000,5,0.145,1680000,1436287,230501,283782,Ví điện tử,Mobile,1.0,4.0,0
2774,2025-01-09,491,20.0,Nam,TP.HCM,Facebook Ads,Thời trang,265000,1,0.152,265000,224734,150368,74366,Thẻ tín dụng,Desktop,1.0,5.0,0
2775,2025-01-09,968,50.0,Nam,TP.HCM,Facebook Ads,Thời trang,138000,2,0.065,276000,258184,70734,116716,Thẻ tín dụng,Mobile,3.0,4.0,0
2776,2025-01-09,1814,31.0,Nam,Hà Nội,Facebook Ads,Điện tử,272000,5,0.166,1360000,1134502,175077,259117,Chuyển khoản,Mobile,2.0,4.0,0
2777,2025-01-10,2231,32.0,Nữ,TP.HCM,Organic,Điện tử,256000,9,0.053,2304000,2181678,183016,534534,Thẻ tín dụng,Mobile,5.0,4.0,0
2778,2025-01-10,347,31.0,Nam,Hà Nội,Facebook Ads,Mỹ phẩm,250000,9,0.205,2250000,1787815,111901,780706,Ví điện tử,Mobile,2.0,4.0,0
2779,2025-01-10,1303,27.0,Nữ,Đà Nẵng,Organic,Thời trang,167000,5,0.146,835000,712803,88629,269658,Chuyển khoản,Mobile,6.0,3.0,0
2780,2025-01-10,2553,33.0,Nam,Hà Nội,Organic,Điện tử,276000,3,0.138,828000,713388,212660,75408,Chuyển khoản,Mobile,,,0
2781,2025-01-10,30,39.0,Nam,Hải Phòng,Facebook Ads,Gia dụng,242000,7,0.002,1694000,1691158,133737,754999,Thẻ tín dụng,Tablet,4.0,3.0,1
2782,2025-01-10,1341,31.0,Nữ,TP.HCM,Organic,Thời trang,179000,1,0.033,179000,173062,98867,74195,Thẻ tín dụng,Desktop,3.0,3.0,0
2783,2025-01-10,3118,30.0,Nữ,Đà Nẵng,Organic,Thực phẩm,101000,3,0.16,303000,254492,69387,46331,Ví điện tử,Mobile,1.0,4.0,0
2784,2025-01-10,294,28.0,Nam,Hải Phòng,Facebook Ads,Thời trang,95000,6,0.118,570000,502653,48601,211047,Thẻ tín dụng,Mobile,2.0,4.0,0
2785,2025-01-10,148,44.0,Nữ,TP.HCM,Organic,Thực phẩm,86000,5,0.049,430000,408808,58756,115028,Ví điện tử,Mobile,0.0,4.0,0
2786,2025-01-11,258,36.0,Nam,Hà Nội,Facebook Ads,Điện tử,306000,4,0.178,1224000,1005955,193144,233379,Thẻ tín dụng,Desktop,3.0,4.0,0
2787,2025-01-11,1949,21.0,Nam,Hải Phòng,Organic,Mỹ phẩm,202000,2,0.094,404000,366027,92079,181869,Chuyển khoản,Mobile,2.0,4.0,0
2788,2025-01-11,2063,30.0,Nữ,Hà Nội,Google Ads,Gia dụng,198000,4,0.23,792000,609451,124019,113375,Ví điện tử,Desktop,3.0,4.0,0
2789,2025-01-11,2042,,Nữ,Hải Phòng,Google Ads,Gia dụng,347000,3,0.08,1041000,957235,208379,332098,Thẻ tín dụng,Desktop,3.0,4.0,0
2790,2025-01-11,2480,38.0,Nữ,Cần Thơ,Google Ads,Sách,79000,6,0.064,474000,443709,52594,128145,COD,Mobile,3.0,5.0,0
2791,2025-01-11,855,22.0,Nam,Hà Nội,Google Ads,Thời trang,206000,3,0.094,618000,559712,104999,244715,Ví điện tử,Mobile,2.0,5.0,0
2792,2025-01-11,1203,38.0,Nam,Đà Nẵng,Facebook Ads,Thực phẩm,95000,3,0.09,285000,259468,59957,79597,COD,Mobile,1.0,4.0,0
2793,2025-01-12,1433,32.0,Nam,TP.HCM,Organic,Gia dụng,359000,2,0.024,718000,700531,219543,261445,Chuyển khoản,Desktop,3.0,3.0,0
2794,2025-01-12,3019,32.0,Nam,TP.HCM,Facebook Ads,Gia dụng,246000,4,0.083,984000,902250,144203,325438,Thẻ tín dụng,Mobile,3.0,5.0,0
2795,2025-01-12,1493,28.0,Nam,Hà Nội,Organic,Thời trang,166000,2,0.1,332000,298660,87338,123984,COD,Mobile,4.0,4.0,1
2796,2025-01-12,1425,28.0,Nam,Hà Nội,Organic,Sách,82000,3,0.126,246000,214885,53604,54073,Ví điện tử,Desktop,0.0,5.0,0
2797,2025-01-12,3184,33.0,Nam,Hà Nội,Email,Sách,97000,6,0.033,582000,562942,60240,201502,COD,Mobile,2.0,3.0,0
2798,2025-01-12,1083,28.0,Nữ,Cần Thơ,Organic,Thực phẩm,135000,2,0.086,270000,246717,105888,34941,Chuyển khoản,Mobile,1.0,5.0,0
2799,2025-01-12,274,,Nam,Hải Phòng,Google Ads,Gia dụng,258000,3,0.175,774000,638561,169747,129320,Ví điện tử,Desktop,6.0,4.0,0
2800,2025-01-12,3066,41.0,Nữ,Hà Nội,Google Ads,Thực phẩm,135000,5,0.093,675000,612068,95305,135543,Thẻ tín dụng,Mobile,2.0,4.0,1
2801,2025-01-13,3003,28.0,Nam,Cần Thơ,Google Ads,Điện tử,141000,3,0.035,423000,408354,100584,106602,COD,Desktop,5.0,4.0,0
2802,2025-01-13,416,24.0,Nam,Đà Nẵng,Email,Mỹ phẩm,267000,3,0.033,801000,774784,125019,399727,Thẻ tín dụng,Mobile,2.0,5.0,0
2803,2025-01-13,167,41.0,Nam,Hà Nội,Google Ads,Thời trang,210000,3,0.039,630000,605491,109034,278389,COD,Mobile,1.0,5.0,0
2804,2025-01-13,1875,32.0,Nam,TP.HCM,Organic,Gia dụng,176000,4,0.104,704000,630684,102063,222432,COD,Desktop,2.0,4.0,0
2805,2025-01-13,2937,31.0,Nam,TP.HCM,Facebook Ads,Sách,88000,5,0.031,440000,426204,61205,120179,Ví điện tử,Mobile,2.0,5.0,0
2806,2025-01-14,428,33.0,Nam,TP.HCM,Organic,Sách,71000,4,0.105,284000,254231,49893,54659,Ví điện tử,Mobile,4.0,5.0,0
2807,2025-01-14,2037,24.0,Nam,TP.HCM,Email,Điện tử,507000,5,0.166,2535000,2114021,388170,173171,COD,Desktop,1.0,5.0,0
2808,2025-01-14,2586,26.0,Nam,TP.HCM,Facebook Ads,Thời trang,329000,2,0.083,658000,603364,170254,262856,Ví điện tử,Mobile,1.0,5.0,1
2809,2025-01-14,3088,29.0,Nữ,Đà Nẵng,Organic,Thời trang,157000,2,0.071,314000,291721,84895,121931,Ví điện tử,Tablet,1.0,4.0,0
2810,2025-01-14,1528,38.0,Nữ,TP.HCM,Facebook Ads,Thời trang,105000,2,0.111,210000,186789,54558,77673,COD,Mobile,6.0,3.0,0
2811,2025-01-14,457,31.0,Nam,Cần Thơ,Organic,Thời trang,133000,4,0.214,532000,417976,70930,134256,COD,Mobile,3.0,5.0,0
2812,2025-01-15,2053,25.0,Nam,Hải Phòng,Organic,Thời trang,147000,8,0.033,1176000,1137486,88374,430494,COD,Mobile,5.0,3.0,0
2813,2025-01-15,1628,18.0,Nam,Đà Nẵng,Google Ads,Thời trang,169000,5,0.021,845000,827546,91337,370861,Thẻ tín dụng,Mobile,,4.0,0
2814,2025-01-15,126,37.0,Nữ,Cần Thơ,Organic,Gia dụng,278000,4,0.137,1112000,959273,172833,267941,Thẻ tín dụng,Tablet,2.0,3.0,1
2815,2025-01-15,309,32.0,Nữ,Đà Nẵng,Organic,Mỹ phẩm,218000,5,0.129,1090000,949047,94255,477772,Chuyển khoản,Mobile,2.0,4.0,0
2816,2025-01-15,2551,32.0,Nữ,Đà Nẵng,Google Ads,Mỹ phẩm,157000,4,0.075,628000,580629,69989,300673,Ví điện tử,Mobile,3.0,3.0,0
2817,2025-01-15,3290,29.0,Nữ,Hải Phòng,Facebook Ads,Gia dụng,171000,4,0.014,684000,674234,94279,297118,Ví điện tử,Mobile,2.0,4.0,0
2818,2025-01-16,560,46.0,Nữ,TP.HCM,Facebook Ads,Thời trang,145000,2,0.17,290000,240691,86035,68621,COD,Mobile,6.0,3.0,0
2819,2025-01-16,1864,39.0,Nữ,TP.HCM,Referral,Sách,76000,6,0.063,456000,427350,48111,138684,Thẻ tín dụng,Mobile,2.0,5.0,1
2820,2025-01-16,911,45.0,Nam,Hải Phòng,Email,Điện tử,428000,3,0.123,1284000,1126534,302360,219454,Ví điện tử,Mobile,4.0,5.0,0
2821,2025-01-16,1183,18.0,Nam,Hà Nội,Organic,Thực phẩm,142000,3,0.057,426000,401721,102457,94350,COD,Tablet,1.0,5.0,0
2822,2025-01-16,1471,37.0,Nữ,Cần Thơ,Referral,Sách,99000,6,0.013,594000,586558,61561,217192,Thẻ tín dụng,Desktop,1.0,4.0,0
2823,2025-01-16,1299,24.0,Nữ,Hà Nội,Google Ads,Mỹ phẩm,198000,3,0.026,594000,578650,87122,317284,COD,Tablet,2.0,5.0,0
2824,2025-01-16,2018,25.0,Nữ,Cần Thơ,Google Ads,Mỹ phẩm,247000,5,0.12,1235000,1087022,108825,542897,COD,Mobile,1.0,5.0,0
2825,2025-01-17,120,39.0,Nữ,Hà Nội,Google Ads,Điện tử,306000,6,0.201,1836000,1467089,210743,202631,Ví điện tử,Desktop,0.0,5.0,0
2826,2025-01-17,2861,37.0,Nam,Hải Phòng,Facebook Ads,Thời trang,123000,2,0.136,246000,212451,67321,77809,Thẻ tín dụng,Tablet,3.0,5.0,0
2827,2025-01-17,1572,24.0,Nam,TP.HCM,Google Ads,Gia dụng,351000,5,0.061,1755000,1647285,194260,675985,COD,Mobile,7.0,1.0,1
2828,2025-01-17,163,40.0,Nữ,Hải Phòng,Google Ads,Thời trang,135000,3,0.131,405000,351971,71358,137897,Thẻ tín dụng,Mobile,6.0,3.0,0
2829,2025-01-17,495,33.0,Nữ,Hải Phòng,Google Ads,Thực phẩm,125000,4,0.046,500000,477091,73467,183223,COD,Tablet,5.0,,0
2830,2025-01-17,1197,,Nữ,TP.HCM,Facebook Ads,Thời trang,255000,3,0.038,765000,735720,133292,335844,Chuyển khoản,Desktop,4.0,3.0,0
2831,2025-01-17,261,29.0,Nữ,TP.HCM,Google Ads,Mỹ phẩm,148000,4,0.199,592000,473983,68882,198455,COD,Mobile,6.0,4.0,0
2832,2025-01-17,78,27.0,Nữ,Hà Nội,Google Ads,Điện tử,282000,4,0.124,1128000,987921,192253,218909,Ví điện tử,Mobile,4.0,,0
2833,2025-01-17,1617,33.0,Nữ,TP.HCM,Facebook Ads,Thời trang,159000,6,0.009,954000,944950,91966,393154,Thẻ tín dụng,Mobile,3.0,5.0,0
2834,2025-01-18,1952,34.0,Nam,Hà Nội,Facebook Ads,Điện tử,687000,3,0.011,2061000,2037385,508695,511300,Thẻ tín dụng,Desktop,0.0,,0
2835,2025-01-18,1098,23.0,Nam,Hà Nội,Organic,Mỹ phẩm,184000,6,0.054,1104000,1044194,79450,567494,COD,Mobile,4.0,4.0,0
2836,2025-01-18,268,31.0,Nữ,TP.HCM,Organic,Điện tử,290000,8,0.257,2320000,1724288,213420,16928,COD,Mobile,1.0,5.0,0
2837,2025-01-18,1515,39.0,Nữ,TP.HCM,Organic,Sách,77000,5,0.164,385000,321983,50338,70293,Thẻ tín dụng,Mobile,2.0,5.0,0
2838,2025-01-18,261,29.0,Nữ,TP.HCM,Organic,Gia dụng,250000,1,0.129,250000,217706,146550,71156,COD,Desktop,4.0,4.0,0
2839,2025-01-18,1362,39.0,Nam,TP.HCM,Organic,Mỹ phẩm,203000,2,0.043,406000,388351,89849,208653,COD,Mobile,1.0,4.0,0
2840,2025-01-18,895,18.0,Nam,TP.HCM,Referral,Thời trang,162000,1,0.179,162000,133077,89582,43495,COD,Mobile,3.0,3.0,0
2841,2025-01-18,1573,33.0,Nam,Hà Nội,Email,Thời trang,147000,3,0.241,441000,334934,81441,90611,Thẻ tín dụng,Mobile,1.0,5.0,0
2842,2025-01-18,2009,42.0,Nữ,Hà Nội,Google Ads,Mỹ phẩm,205000,2,0.107,410000,366190,95129,175932,COD,Desktop,1.0,5.0,0
2843,2025-01-18,970,41.0,Nam,Đà Nẵng,Referral,Mỹ phẩm,166000,4,0.075,664000,614247,71530,328127,Chuyển khoản,Mobile,4.0,3.0,0
2844,2025-01-18,2806,21.0,Nữ,Hà Nội,Organic,Thời trang,127000,5,0.043,635000,607635,72517,245050,COD,Mobile,3.0,3.0,0
2845,2025-01-18,530,39.0,Nữ,Đà Nẵng,Google Ads,Thời trang,156000,4,0.123,624000,547137,86060,202897,COD,Desktop,4.0,,1
2846,2025-01-18,2792,18.0,Nam,TP.HCM,Facebook Ads,Điện tử,329000,6,0.081,1974000,1813685,240849,368591,Thẻ tín dụng,Mobile,1.0,4.0,0
2847,2025-01-19,1760,23.0,Nam,Hải Phòng,Facebook Ads,Sách,107000,7,0.044,749000,715817,67710,241847,Thẻ tín dụng,Tablet,3.0,4.0,0
2848,2025-01-19,1284,22.0,Nữ,TP.HCM,Facebook Ads,Thời trang,113000,1,0.147,113000,96343,61168,35175,Ví điện tử,Mobile,2.0,4.0,0
2849,2025-01-19,2948,47.0,Nữ,Đà Nẵng,Organic,Gia dụng,164000,3,0.038,492000,473226,96861,182643,COD,Mobile,0.0,5.0,0
2850,2025-01-19,2056,19.0,Nam,Hà Nội,Google Ads,Thời trang,158000,4,0.072,632000,586808,90951,223004,COD,Desktop,,5.0,0
2851,2025-01-19,3175,35.0,Nam,TP.HCM,Email,Thời trang,185000,6,0.098,1110000,1000689,93852,437577,Thẻ tín dụng,Mobile,5.0,5.0,0
2852,2025-01-19,2852,25.0,Nam,TP.HCM,Google Ads,Sách,126000,4,0.1,504000,453633,85068,113361,Thẻ tín dụng,Mobile,1.0,4.0,0
2853,2025-01-19,563,33.0,Nam,TP.HCM,Google Ads,Mỹ phẩm,189000,3,0.058,567000,534037,94813,249598,Thẻ tín dụng,Mobile,,4.0,0
2854,2025-01-19,2283,46.0,Nam,Hà Nội,Organic,Thời trang,125000,7,0.056,875000,825647,65025,370472,Ví điện tử,Mobile,2.0,3.0,0
2855,2025-01-20,3145,18.0,Nam,Hà Nội,Organic,Thực phẩm,123000,4,0.06,492000,462479,96137,77931,Ví điện tử,Mobile,3.0,3.0,1
2856,2025-01-20,3242,36.0,Nữ,Cần Thơ,Organic,Thời trang,121000,2,0.062,242000,226991,68693,89605,Chuyển khoản,Mobile,0.0,4.0,0
2857,2025-01-20,670,36.0,Nữ,TP.HCM,Google Ads,Điện tử,250000,5,0.088,1250000,1140493,185238,214303,Ví điện tử,Mobile,1.0,4.0,0
2858,2025-01-20,129,22.0,Nam,Hà Nội,Referral,Thời trang,134000,4,0.161,536000,449450,67267,180382,COD,Mobile,2.0,4.0,1
2859,2025-01-20,2798,45.0,Nữ,Cần Thơ,Email,Mỹ phẩm,208000,3,0.084,624000,571474,94836,286966,Thẻ tín dụng,Mobile,1.0,4.0,0
2860,2025-01-20,373,29.0,Nữ,Đà Nẵng,Organic,Sách,79000,6,0.055,474000,447990,53482,127098,COD,Desktop,2.0,5.0,0
2861,2025-01-20,2680,28.0,Nữ,Hải Phòng,Referral,Điện tử,433000,7,0.029,3031000,2944427,296844,866519,Ví điện tử,Desktop,2.0,3.0,0
2862,2025-01-20,3006,43.0,Nam,TP.HCM,Organic,Điện tử,347000,5,0.158,1735000,1460435,279436,63255,COD,Mobile,1.0,4.0,0
2863,2025-01-20,2194,23.0,Nữ,TP.HCM,Facebook Ads,Điện tử,269000,1,0.109,269000,239704,187882,51822,Ví điện tử,Mobile,7.0,4.0,0
2864,2025-01-20,2074,50.0,Nữ,Hà Nội,Referral,Điện tử,296000,6,0.138,1776000,1531225,187155,408295,Ví điện tử,Mobile,,4.0,0
2865,2025-01-21,2622,27.0,Nữ,Hà Nội,Organic,Gia dụng,303000,3,0.05,909000,863726,167791,360353,Thẻ tín dụng,Desktop,4.0,4.0,1
2866,2025-01-21,1471,37.0,Nữ,TP.HCM,Google Ads,Thời trang,146000,4,0.217,584000,457254,85223,116362,Ví điện tử,Desktop,2.0,4.0,0
2867,2025-01-21,192,18.0,Nam,Đà Nẵng,Email,Gia dụng,205000,5,0.27,1025000,748596,110382,196686,Thẻ tín dụng,Mobile,3.0,4.0,0
2868,2025-01-21,28,30.0,Nữ,Hà Nội,Google Ads,Sách,85000,3,0.112,255000,226495,57447,54154,Ví điện tử,Mobile,1.0,4.0,0
2869,2025-01-21,2646,37.0,Nam,Đà Nẵng,Organic,Mỹ phẩm,274000,6,0.119,1644000,1447774,122103,715156,COD,Mobile,1.0,4.0,0
2870,2025-01-21,1304,39.0,Nam,Hà Nội,Facebook Ads,Thời trang,180000,3,0.038,540000,519740,96782,229394,COD,Mobile,2.0,5.0,0
2871,2025-01-21,1301,31.0,Nữ,Hà Nội,Google Ads,Gia dụng,471000,1,0.057,471000,444334,308063,136271,Thẻ tín dụng,Mobile,5.0,4.0,0
2872,2025-01-21,547,24.0,Nam,TP.HCM,Google Ads,Thời trang,172000,3,0.123,516000,452779,92496,175291,Thẻ tín dụng,Tablet,3.0,3.0,0
2873,2025-01-22,2920,31.0,Nam,Hải Phòng,Facebook Ads,Thời trang,193000,6,0.018,1158000,1137063,104959,507309,COD,Mobile,2.0,4.0,0
2874,2025-01-22,1217,18.0,Nữ,TP.HCM,Google Ads,Gia dụng,399000,2,0.077,798000,736326,227772,280782,COD,Mobile,9.0,3.0,0
2875,2025-01-22,291,30.0,Nữ,TP.HCM,Email,Thời trang,204000,3,0.118,612000,539592,112611,201759,COD,Mobile,1.0,4.0,0
2876,2025-01-22,1837,31.0,Nam,TP.HCM,Google Ads,Điện tử,318000,2,0.091,636000,578069,224028,130013,Thẻ tín dụng,Mobile,1.0,4.0,0
2877,2025-01-23,595,38.0,Nữ,TP.HCM,Facebook Ads,Điện tử,241000,7,0.088,1687000,1538050,179451,281893,Ví điện tử,Desktop,5.0,4.0,0
2878,2025-01-23,100,30.0,Nữ,Hà Nội,Email,Thời trang,95000,7,0.044,665000,635984,48463,296743,COD,Mobile,2.0,4.0,0
2879,2025-01-23,2120,29.0,Nam,TP.HCM,Facebook Ads,Thời trang,133000,3,0.139,399000,343539,73406,123321,Ví điện tử,Mobile,2.0,3.0,0
2880,2025-01-23,1980,38.0,Nữ,Hà Nội,Google Ads,Mỹ phẩm,193000,4,0.089,772000,703653,83158,371021,Thẻ tín dụng,Desktop,2.0,5.0,0
2881,2025-01-23,2806,,Nữ,Hà Nội,Facebook Ads,Thời trang,147000,21,0.061,3087000,2899819,81856,1180843,Thẻ tín dụng,Mobile,3.0,4.0,0
2882,2025-01-23,695,37.0,Nữ,Đà Nẵng,Facebook Ads,Thời trang,146000,7,0.031,1022000,990717,79037,437458,COD,Mobile,2.0,4.0,0
2883,2025-01-23,267,25.0,Nữ,Cần Thơ,Facebook Ads,Điện tử,574000,3,0.191,1722000,1392299,391589,217532,Ví điện tử,Mobile,5.0,4.0,0
2884,2025-01-24,2763,36.0,Nữ,Cần Thơ,Facebook Ads,Mỹ phẩm,204000,4,0.124,816000,714776,92561,344532,Ví điện tử,Desktop,1.0,5.0,0
2885,2025-01-24,3287,34.0,Nam,TP.HCM,Organic,Điện tử,287000,2,0.161,574000,481476,216234,49008,Chuyển khoản,Mobile,3.0,5.0,0
2886,2025-01-24,3259,33.0,Nữ,Hải Phòng,Facebook Ads,Thời trang,83000,2,0.223,166000,129009,48003,33003,Ví điện tử,Mobile,3.0,4.0,0
2887,2025-01-24,1399,32.0,Nữ,TP.HCM,Organic,Thực phẩm,107000,3,0.007,321000,318617,72879,99980,Thẻ tín dụng,Desktop,4.0,4.0,0
2888,2025-01-24,1378,32.0,Nữ,TP.HCM,Organic,Mỹ phẩm,220000,1,0.031,220000,213245,98333,114912,Chuyển khoản,Mobile,1.0,5.0,0
2889,2025-01-24,2974,26.0,Nam,Hà Nội,Email,Gia dụng,137000,5,0.063,685000,641784,85670,213434,COD,Mobile,3.0,3.0,0
2890,2025-01-24,2968,30.0,Nữ,TP.HCM,Google Ads,Điện tử,250000,4,0.034,1000000,966216,187581,215892,COD,Mobile,1.0,5.0,0
2891,2025-01-24,1658,38.0,Nữ,Hà Nội,Organic,Gia dụng,219000,4,0.193,876000,706961,132459,177125,Ví điện tử,Mobile,3.0,4.0,0
2892,2025-01-25,1828,46.0,Nam,TP.HCM,Organic,Thực phẩm,135000,1,0.036,135000,130093,92997,37096,Ví điện tử,Mobile,1.0,4.0,0
2893,2025-01-25,1904,32.0,Nam,Hà Nội,Email,Thời trang,157000,1,0.056,157000,148172,87539,60633,Chuyển khoản,Desktop,5.0,3.0,1
2894,2025-01-25,2020,34.0,Nam,Đà Nẵng,Facebook Ads,Điện tử,229000,3,0.092,687000,623454,179864,83862,Thẻ tín dụng,Tablet,6.0,3.0,0
2895,2025-01-25,3214,34.0,Nữ,Hà Nội,Organic,Gia dụng,413000,2,0.037,826000,795158,236398,322362,Ví điện tử,Mobile,2.0,5.0,0
2896,2025-01-25,248,23.0,Nữ,Hà Nội,Referral,Thời trang,180000,4,0.056,720000,679504,97140,290944,COD,Desktop,1.0,4.0,0
2897,2025-01-25,2315,39.0,Nam,Cần Thơ,Organic,Điện tử,471000,6,0.098,2826000,2548255,343654,486331,Chuyển khoản,Desktop,5.0,4.0,0
2898,2025-01-25,2243,56.0,Nam,Hà Nội,Organic,Thời trang,125000,2,0.138,250000,215484,76056,63372,Ví điện tử,Desktop,3.0,5.0,0
2899,2025-01-25,99,27.0,Nam,Đà Nẵng,Facebook Ads,Gia dụng,305000,3,0.119,915000,806368,180646,264430,COD,Mobile,1.0,3.0,0
2900,2025-01-25,2271,31.0,Nam,TP.HCM,Email,Thời trang,116000,3,0.062,348000,326300,63754,135038,Thẻ tín dụng,Mobile,6.0,3.0,0
2901,2025-01-25,1729,41.0,Nữ,Cần Thơ,Organic,Điện tử,286000,2,0.099,572000,515293,200151,114991,Ví điện tử,Mobile,3.0,2.0,0
2902,2025-01-25,553,26.0,Nữ,TP.HCM,Google Ads,Thời trang,153000,4,0.064,612000,572654,87189,223898,Ví điện tử,Mobile,4.0,5.0,0
2903,2025-01-25,1350,40.0,Nam,Hải Phòng,Google Ads,Gia dụng,207000,3,0.144,621000,531877,128675,145852,Ví điện tử,Mobile,1.0,3.0,0
2904,2025-01-25,30,39.0,Nam,TP.HCM,Organic,Gia dụng,128000,3,0.226,384000,297239,74377,74108,COD,Mobile,3.0,4.0,1
2905,2025-01-25,2237,27.0,Nữ,Cần Thơ,Facebook Ads,Điện tử,306000,4,0.11,1224000,1088978,234202,152170,COD,Desktop,5.0,,0
2906,2025-01-26,2584,29.0,Nam,TP.HCM,Referral,Thời trang,122000,3,0.105,366000,327666,65764,130374,Ví điện tử,Mobile,2.0,4.0,0
2907,2025-01-26,739,20.0,Nữ,Hải Phòng,Organic,Điện tử,529000,5,0.206,2645000,2101328,399392,104368,Thẻ tín dụng,Mobile,6.0,4.0,0
2908,2025-01-26,903,54.0,Nam,TP.HCM,Referral,Điện tử,385000,2,0.101,770000,691894,285606,120682,Thẻ tín dụng,Desktop,2.0,4.0,0
2909,2025-01-26,2446,27.0,Nam,TP.HCM,Facebook Ads,Thời trang,107000,3,0.053,321000,304002,55274,138180,COD,Tablet,1.0,4.0,0
2910,2025-01-26,1740,42.0,Nữ,Đà Nẵng,Facebook Ads,Mỹ phẩm,175000,6,0.192,1050000,847888,76900,386488,Chuyển khoản,Desktop,7.0,3.0,0
2911,2025-01-26,2455,18.0,Nam,Hải Phòng,Facebook Ads,Mỹ phẩm,192000,3,0.096,576000,520538,89743,251309,Chuyển khoản,Mobile,2.0,3.0,0
2912,2025-01-26,469,26.0,Nữ,TP.HCM,Facebook Ads,Thực phẩm,126000,5,0.022,630000,615867,88489,173422,COD,Desktop,1.0,4.0,0
2913,2025-01-26,369,44.0,Nữ,Hải Phòng,Facebook Ads,Mỹ phẩm,244000,2,0.206,488000,387292,112935,161422,Ví điện tử,Mobile,1.0,4.0,0
2914,2025-01-26,3117,18.0,Nam,Hải Phòng,Google Ads,Thực phẩm,95000,2,0.035,190000,183315,67165,48985,Ví điện tử,Mobile,3.0,4.0,1
2915,2025-01-26,314,25.0,Nữ,Hà Nội,Google Ads,Thực phẩm,110000,2,0.088,220000,200730,74154,52422,COD,Mobile,1.0,5.0,0
2916,2025-01-27,2964,40.0,Nữ,TP.HCM,Organic,Điện tử,256000,7,0.061,1792000,1681838,190387,349129,Ví điện tử,Mobile,,5.0,0
2917,2025-01-27,1906,37.0,Nữ,TP.HCM,Facebook Ads,Mỹ phẩm,279000,2,0.067,558000,520716,122964,274788,COD,Desktop,1.0,4.0,1
2918,2025-01-27,2773,21.0,Nam,TP.HCM,Google Ads,Điện tử,565000,4,0.1,2260000,2033340,420006,353316,Chuyển khoản,Mobile,3.0,4.0,0
2919,2025-01-27,2696,22.0,Nam,Cần Thơ,Google Ads,Gia dụng,238000,5,0.106,1190000,1063488,139699,364993,Chuyển khoản,Mobile,1.0,5.0,0
2920,2025-01-27,2317,31.0,Nữ,TP.HCM,Organic,Điện tử,786000,6,0.091,4716000,4288154,496670,1308134,COD,Tablet,2.0,4.0,0
2921,2025-01-27,59,45.0,Nữ,TP.HCM,Facebook Ads,Gia dụng,504000,2,0.072,1008000,935133,311601,311931,Ví điện tử,Mobile,4.0,5.0,0
2922,2025-01-27,1103,33.0,Nữ,Hà Nội,Facebook Ads,Điện tử,253000,2,0.074,506000,468514,188662,91190,Ví điện tử,Mobile,2.0,3.0,0
2923,2025-01-28,693,33.0,Nữ,Hà Nội,Organic,Gia dụng,224000,5,0.076,1120000,1035301,132554,372531,Thẻ tín dụng,Desktop,2.0,3.0,0
2924,2025-01-28,1096,27.0,Nam,TP.HCM,Organic,Thực phẩm,155000,3,0.098,465000,419268,101336,115260,Chuyển khoản,Mobile,4.0,4.0,1
2925,2025-01-28,2238,,Nam,Hà Nội,Referral,Thời trang,122000,6,0.094,732000,663359,64289,277625,COD,Desktop,2.0,4.0,0
2926,2025-01-28,77,40.0,Nữ,Hải Phòng,Google Ads,Thời trang,139000,3,0.114,417000,369294,76998,138300,Thẻ tín dụng,Mobile,0.0,5.0,0
2927,2025-01-28,1648,23.0,Nam,Đà Nẵng,Referral,Thực phẩm,97000,2,0.267,194000,142253,69275,3703,Ví điện tử,Mobile,1.0,4.0,0
2928,2025-01-28,1385,18.0,Nam,TP.HCM,Referral,Thời trang,185000,3,0.076,555000,513007,101830,207517,Thẻ tín dụng,Mobile,1.0,5.0,0
2929,2025-01-29,2236,45.0,Nữ,Hà Nội,Facebook Ads,Thời trang,83000,8,0.108,664000,592277,50242,190341,Thẻ tín dụng,Mobile,2.0,4.0,0
2930,2025-01-29,829,35.0,Nữ,Cần Thơ,Google Ads,Thời trang,152000,3,0.113,456000,404506,84770,150196,Ví điện tử,Mobile,1.0,4.0,0
2931,2025-01-29,3243,38.0,Nữ,Đà Nẵng,Google Ads,Thời trang,185000,4,0.121,740000,650237,101347,244849,COD,Desktop,4.0,4.0,0
2932,2025-01-29,1313,18.0,Nữ,Đà Nẵng,Organic,Mỹ phẩm,262000,3,0.053,786000,744523,121294,380641,Thẻ tín dụng,Mobile,2.0,5.0,0
2933,2025-01-29,2707,31.0,Nữ,Hải Phòng,Facebook Ads,Mỹ phẩm,178000,2,0.062,356000,333848,79234,175380,Thẻ tín dụng,Mobile,5.0,4.0,0
2934,2025-01-29,450,25.0,Nữ,TP.HCM,Organic,Thời trang,278000,6,0.077,1668000,1539150,146808,658302,COD,Mobile,5.0,4.0,0
2935,2025-01-29,978,36.0,Nữ,Cần Thơ,Google Ads,Thực phẩm,129000,7,0.122,903000,792519,92832,142695,Chuyển khoản,Mobile,2.0,4.0,0
2936,2025-01-29,3206,31.0,Nam,Hà Nội,Google Ads,Gia dụng,195000,3,0.065,585000,546868,120700,184768,COD,Mobile,1.0,5.0,0
2937,2025-01-29,735,41.0,Nữ,TP.HCM,Facebook Ads,Điện tử,277000,5,0.202,1385000,1105830,204461,83525,Chuyển khoản,Mobile,1.0,4.0,0
2938,2025-01-29,2495,22.0,Nữ,Đà Nẵng,Facebook Ads,Mỹ phẩm,172000,4,0.145,688000,588549,79610,270109,COD,Mobile,1.0,4.0,0
2939,2025-01-30,2275,36.0,Nữ,TP.HCM,Facebook Ads,Sách,91000,4,0.064,364000,340574,58790,105414,Ví điện tử,Mobile,3.0,4.0,0
2940,2025-01-30,2322,24.0,Nam,Hà Nội,Organic,Điện tử,313000,4,0.099,1252000,1127602,224618,229130,Ví điện tử,Mobile,3.0,4.0,0
2941,2025-01-30,522,23.0,Nam,TP.HCM,Referral,Thực phẩm,131000,3,0.038,393000,378174,93790,96804,Ví điện tử,Mobile,1.0,5.0,0
2942,2025-01-30,2245,45.0,Nam,Hà Nội,Referral,Mỹ phẩm,186000,1,0.064,186000,174034,88965,85069,Ví điện tử,Mobile,4.0,,1
2943,2025-01-30,1571,25.0,Nam,TP.HCM,Referral,Mỹ phẩm,221000,3,0.076,663000,612747,102733,304548,COD,Mobile,4.0,4.0,0
2944,2025-01-30,3008,29.0,Nữ,Hà Nội,Referral,Điện tử,267000,5,0.129,1335000,1163038,211365,106213,Thẻ tín dụng,Desktop,2.0,4.0,1
2945,2025-01-30,914,37.0,Nữ,Hà Nội,Google Ads,Gia dụng,311000,2,0.167,622000,518373,187453,143467,Ví điện tử,Mobile,7.0,4.0,0
2946,2025-01-30,2205,37.0,Nam,TP.HCM,Facebook Ads,Gia dụng,177000,2,0.149,354000,301225,96469,108287,Ví điện tử,Desktop,1.0,3.0,0
2947,2025-01-31,2867,34.0,Nam,TP.HCM,Email,Thời trang,168000,1,0.04,168000,161340,91720,69620,Ví điện tử,Desktop,4.0,4.0,0
2948,2025-01-31,810,32.0,Nam,Hà Nội,Google Ads,Gia dụng,273000,1,0.019,273000,267871,159052,108819,Thẻ tín dụng,Mobile,1.0,5.0,0
2949,2025-01-31,2387,38.0,Nữ,Hải Phòng,Referral,Thời trang,178000,1,0.042,178000,170445,99131,71314,Thẻ tín dụng,Mobile,1.0,4.0,0
2950,2025-01-31,2576,22.0,Nữ,TP.HCM,Google Ads,Điện tử,298000,4,0.055,1192000,1126257,219213,249405,COD,Desktop,1.0,5.0,0
2951,2025-01-31,2442,18.0,Nam,Hà Nội,Facebook Ads,Thời trang,205000,3,0.098,615000,554620,112004,218608,Thẻ tín dụng,Mobile,3.0,4.0,0
2952,2025-01-31,3083,50.0,Nam,Cần Thơ,Facebook Ads,Điện tử,253000,1,0.052,253000,239793,189209,50584,Thẻ tín dụng,Mobile,0.0,5.0,0
2953,2025-01-31,954,18.0,Nữ,TP.HCM,Referral,Điện tử,177000,2,0.044,354000,338327,123151,92025,Thẻ tín dụng,Mobile,2.0,4.0,0
2954,2025-01-31,940,24.0,Nữ,Hải Phòng,Referral,Thời trang,159000,3,0.092,477000,433062,87954,169200,Ví điện tử,Mobile,1.0,4.0,0
2955,2025-01-31,2117,33.0,Nam,Hà Nội,Facebook Ads,Mỹ phẩm,187000,5,0.093,935000,848418,82757,434633,Thẻ tín dụng,Mobile,2.0,4.0,0
2956,2025-02-01,736,31.0,Nam,TP.HCM,Referral,Thời trang,356000,5,0.142,1780000,1527172,188519,584577,COD,Mobile,1.0,5.0,0
2957,2025-02-01,511,24.0,Nam,Đà Nẵng,Google Ads,Điện tử,697000,2,0.028,1394000,1355186,508289,338608,COD,Desktop,2.0,4.0,0
2958,2025-02-01,1331,29.0,Nữ,TP.HCM,Organic,Thời trang,152000,2,0.031,304000,294683,87119,120445,COD,Mobile,4.0,4.0,0
2959,2025-02-01,1321,22.0,Nam,Hải Phòng,Email,Mỹ phẩm,177000,4,0.247,708000,533389,74499,235393,COD,Mobile,1.0,4.0,1
2960,2025-02-01,1825,38.0,Nam,TP.HCM,Organic,Mỹ phẩm,190000,1,0.076,190000,175651,85149,90502,COD,Mobile,2.0,4.0,0
2961,2025-02-01,1414,48.0,Nam,TP.HCM,Organic,Mỹ phẩm,199000,2,0.038,398000,382914,91659,199596,Ví điện tử,Mobile,0.0,5.0,0
2962,2025-02-02,2095,30.0,Nữ,Cần Thơ,Facebook Ads,Điện tử,215000,4,0.048,860000,818610,147187,229862,COD,Mobile,6.0,2.0,1
2963,2025-02-02,215,57.0,Nam,Cần Thơ,Facebook Ads,Thời trang,106000,4,0.07,424000,394208,54825,174908,COD,Mobile,1.0,5.0,0
2964,2025-02-02,2911,47.0,Nam,Hà Nội,Facebook Ads,Gia dụng,229000,3,0.151,687000,583317,142657,155346,Ví điện tử,Mobile,2.0,4.0,0
2965,2025-02-02,1362,39.0,Nam,TP.HCM,Google Ads,Thực phẩm,122000,8,0.141,976000,838161,82937,174665,COD,Desktop,2.0,4.0,1
2966,2025-02-03,2785,34.0,Nữ,Hà Nội,Google Ads,Thực phẩm,158000,6,0.023,948000,926340,109004,272316,COD,Desktop,2.0,5.0,0
2967,2025-02-05,1300,21.0,Nữ,Cần Thơ,Organic,Sách,90000,3,0.072,270000,250598,61953,64739,Ví điện tử,Desktop,1.0,5.0,0
2968,2025-02-05,528,38.0,Nam,Hải Phòng,Organic,Điện tử,328000,3,0.116,984000,869481,236532,159885,Chuyển khoản,Mobile,2.0,4.0,0
2969,2025-02-05,2425,18.0,Nam,Đà Nẵng,Email,Gia dụng,142000,4,0.039,568000,546030,83239,213074,Thẻ tín dụng,Mobile,1.0,,0
2970,2025-02-05,2743,37.0,Nữ,TP.HCM,Organic,Mỹ phẩm,224000,5,0.157,1120000,944541,94756,470761,Thẻ tín dụng,Mobile,1.0,5.0,0
2971,2025-02-05,931,25.0,Nữ,Hà Nội,Facebook Ads,Mỹ phẩm,183000,3,0.058,549000,516995,80031,276902,COD,Mobile,3.0,4.0,1
2972,2025-02-06,1133,37.0,Nam,TP.HCM,Facebook Ads,Thời trang,110000,3,0.117,330000,291373,59038,114259,Ví điện tử,Mobile,0.0,5.0,0
2973,2025-02-06,888,20.0,Nữ,Hà Nội,Facebook Ads,Mỹ phẩm,183000,4,0.089,732000,666870,83362,333422,COD,Mobile,3.0,4.0,0
2974,2025-02-06,3123,29.0,Nữ,TP.HCM,Facebook Ads,Mỹ phẩm,237000,4,0.181,948000,776642,104752,357634,COD,Desktop,5.0,4.0,0
2975,2025-02-06,157,29.0,Nữ,TP.HCM,Facebook Ads,Thời trang,117000,4,0.067,468000,436424,70540,154264,Thẻ tín dụng,Mobile,0.0,5.0,0
2976,2025-02-06,1101,35.0,Nữ,Đà Nẵng,Organic,Gia dụng,171000,4,0.088,684000,623762,98958,227930,Thẻ tín dụng,Mobile,2.0,4.0,0
2977,2025-02-07,2452,,Nữ,Hải Phòng,Organic,Gia dụng,345000,5,0.181,1725000,1413349,198178,422459,Thẻ tín dụng,Mobile,3.0,4.0,0
2978,2025-02-08,3128,25.0,Nam,Đà Nẵng,Referral,Gia dụng,347000,1,0.214,347000,272720,197694,75026,Ví điện tử,Mobile,2.0,5.0,0
2979,2025-02-08,280,39.0,Nữ,TP.HCM,Organic,Thời trang,177000,3,0.192,531000,429182,96550,139532,COD,Desktop,2.0,4.0,1
2980,2025-02-08,3237,57.0,Nam,TP.HCM,Organic,Điện tử,661000,3,0.041,1983000,1901314,433266,601516,COD,Desktop,1.0,5.0,0
2981,2025-02-09,625,23.0,Nữ,Hà Nội,Email,Điện tử,248000,6,0.025,1488000,1450880,173734,408476,COD,Mobile,2.0,4.0,0
2982,2025-02-09,3039,40.0,Nữ,TP.HCM,Facebook Ads,Gia dụng,223000,1,0.062,223000,209220,130663,78557,Thẻ tín dụng,Desktop,4.0,5.0,0
2983,2025-02-09,1907,33.0,Nữ,Cần Thơ,Email,Mỹ phẩm,319000,3,0.106,957000,855228,144053,423069,Thẻ tín dụng,Mobile,6.0,3.0,0
2984,2025-02-09,518,28.0,Nam,Đà Nẵng,Organic,Điện tử,270000,4,0.124,1080000,946529,194427,168821,Chuyển khoản,Desktop,1.0,5.0,0
2985,2025-02-09,3212,21.0,Nữ,Hà Nội,Referral,Điện tử,358000,3,0.009,1074000,1063971,268062,259785,Ví điện tử,Desktop,6.0,4.0,1
2986,2025-02-09,2373,42.0,Nữ,TP.HCM,Organic,Mỹ phẩm,154000,5,0.028,770000,748678,67919,409083,Chuyển khoản,Mobile,2.0,4.0,0
2987,2025-02-09,1669,44.0,Nữ,TP.HCM,Referral,Điện tử,286000,3,0.158,858000,722052,197569,129345,COD,Desktop,4.0,4.0,1
2988,2025-02-09,2424,23.0,Nữ,Hà Nội,Email,Gia dụng,266000,1,0.029,266000,258268,168190,90078,Thẻ tín dụng,Mobile,1.0,3.0,0
2989,2025-02-10,356,28.0,Nam,Hà Nội,Facebook Ads,Sách,97000,5,0.136,485000,419106,66209,88061,COD,Desktop,1.0,,0
2990,2025-02-10,1395,28.0,Nam,Hà Nội,Facebook Ads,Điện tử,319000,3,0.072,957000,887927,223442,217601,Chuyển khoản,Desktop,0.0,4.0,0
2991,2025-02-10,2475,39.0,Nam,TP.HCM,Organic,Thực phẩm,123000,6,0.215,738000,578987,86874,57743,COD,Tablet,2.0,5.0,0
2992,2025-02-11,1181,42.0,Nữ,Đà Nẵng,Facebook Ads,Thời trang,134000,3,0.182,402000,328832,75673,101813,COD,Mobile,1.0,4.0,0
2993,2025-02-11,12,30.0,Nữ,Đà Nẵng,Organic,Mỹ phẩm,259000,2,0.058,518000,488023,116444,255135,Thẻ tín dụng,Mobile,6.0,4.0,0
2994,2025-02-11,724,28.0,Nam,Hải Phòng,Google Ads,Sách,122000,4,0.034,488000,471532,89037,115384,Thẻ tín dụng,Desktop,1.0,4.0,0
2995,2025-02-11,3032,19.0,Nam,TP.HCM,Facebook Ads,Thực phẩm,101000,4,0.09,404000,367841,73241,74877,Chuyển khoản,Mobile,2.0,3.0,0
2996,2025-02-12,2058,34.0,Nam,Cần Thơ,Referral,Thời trang,176000,3,0.096,528000,477509,100811,175076,Thẻ tín dụng,Mobile,2.0,4.0,0
2997,2025-02-12,211,22.0,Nam,Hà Nội,Facebook Ads,Gia dụng,137000,3,0.024,411000,401210,85581,144467,Ví điện tử,Mobile,,5.0,0
2998,2025-02-12,1426,32.0,Nữ,Đà Nẵng,Organic,Mỹ phẩm,251000,3,0.03,753000,730719,110179,400182,Thẻ tín dụng,Mobile,4.0,3.0,0
2999,2025-02-12,2466,18.0,Nữ,Cần Thơ,Facebook Ads,Gia dụng,169000,7,0.072,1183000,1097344,100001,397337,Chuyển khoản,Desktop,3.0,5.0,0
3000,2025-02-13,1004,31.0,Nữ,Đà Nẵng,Facebook Ads,Sách,106000,2,0.122,212000,186167,61318,63531,COD,Mobile,2.0,,0
3001,2025-02-13,3278,27.0,Nam,TP.HCM,Facebook Ads,Sách,124000,5,0.093,620000,562620,81269,156275,COD,Mobile,2.0,5.0,0
3002,2025-02-13,1774,18.0,Nữ,TP.HCM,Facebook Ads,Thời trang,90000,5,0.069,450000,418912,51408,161872,Thẻ tín dụng,Mobile,2.0,4.0,0
3003,2025-02-14,148,44.0,Nữ,TP.HCM,Google Ads,Gia dụng,287000,2,0.029,574000,557611,156475,244661,COD,Tablet,1.0,5.0,0
3004,2025-02-14,196,26.0,Nữ,Cần Thơ,Organic,Gia dụng,290000,6,0.064,1740000,1627781,169063,613403,COD,Mobile,3.0,5.0,0
3005,2025-02-14,518,28.0,Nam,Hải Phòng,Organic,Thực phẩm,112000,3,0.019,336000,329464,81271,85651,Thẻ tín dụng,Mobile,1.0,5.0,0
3006,2025-02-14,568,35.0,Nữ,Hà Nội,Facebook Ads,Điện tử,203000,3,0.117,609000,537459,156989,66492,Thẻ tín dụng,Mobile,3.0,5.0,0
3007,2025-02-14,2475,39.0,Nam,Hà Nội,Referral,Thời trang,272000,2,0.116,544000,480696,138842,203012,Thẻ tín dụng,Mobile,2.0,4.0,0
3008,2025-02-14,100,30.0,Nữ,Cần Thơ,Organic,Mỹ phẩm,272000,7,0.12,1904000,1675544,120273,833633,Chuyển khoản,Desktop,2.0,4.0,0
3009,2025-02-14,1575,47.0,Nam,TP.HCM,Facebook Ads,Điện tử,312000,5,0.093,1560000,1414260,222647,301025,Ví điện tử,Mobile,5.0,5.0,0
3010,2025-02-15,2163,42.0,Nam,Hải Phòng,Referral,Điện tử,265000,4,0.142,1060000,909997,199448,112205,Ví điện tử,Mobile,2.0,5.0,0
3011,2025-02-15,1292,48.0,Nam,Hải Phòng,Facebook Ads,Điện tử,529000,2,0.052,1058000,1002807,416769,169269,COD,Desktop,1.0,,0
3012,2025-02-15,510,31.0,Nữ,Hải Phòng,Google Ads,Gia dụng,177000,5,0.023,885000,864869,109975,314994,COD,Mobile,4.0,4.0,1
3013,2025-02-15,962,39.0,Nữ,TP.HCM,Email,Thời trang,180000,5,0.051,900000,853931,102436,341751,Thẻ tín dụng,Mobile,6.0,5.0,0
3014,2025-02-15,2598,41.0,Nữ,Cần Thơ,Facebook Ads,Điện tử,285000,1,0.094,285000,258155,208862,49293,Chuyển khoản,Desktop,3.0,3.0,0
3015,2025-02-15,974,40.0,Nam,Cần Thơ,Organic,Mỹ phẩm,193000,3,0.086,579000,529060,87786,265702,Ví điện tử,Mobile,3.0,5.0,0
3016,2025-02-15,2616,18.0,Nam,Hà Nội,Referral,Mỹ phẩm,174000,5,0.13,870000,756933,81114,351363,Ví điện tử,Desktop,,5.0,0
3017,2025-02-16,1322,31.0,Nữ,TP.HCM,Email,Thực phẩm,119000,6,0.05,714000,678624,80448,195936,COD,Tablet,5.0,5.0,0
3018,2025-02-16,1684,28.0,Nữ,TP.HCM,Google Ads,Thời trang,207000,6,0.09,1242000,1130137,127740,363697,Chuyển khoản,Desktop,5.0,3.0,0
3019,2025-02-17,1063,37.0,Nữ,Đà Nẵng,Facebook Ads,Mỹ phẩm,244000,4,0.1,976000,877980,115596,415596,Ví điện tử,Desktop,5.0,4.0,0
3020,2025-02-17,2546,,Nam,Hà Nội,Facebook Ads,Gia dụng,261000,3,0.07,783000,727950,160687,245889,Thẻ tín dụng,Desktop,6.0,3.0,0
3021,2025-02-17,1850,34.0,Nữ,Cần Thơ,Organic,Mỹ phẩm,153000,2,0.181,306000,250493,65292,119909,Thẻ tín dụng,Tablet,1.0,4.0,0
3022,2025-02-17,1451,30.0,Nữ,Đà Nẵng,Referral,Mỹ phẩm,176000,3,0.013,528000,521328,81498,276834,Ví điện tử,Mobile,2.0,5.0,0
3023,2025-02-17,1223,39.0,Nữ,Hà Nội,Facebook Ads,Thực phẩm,132000,4,0.101,528000,474906,90606,112482,Chuyển khoản,Tablet,1.0,4.0,0
3024,2025-02-18,1383,25.0,Nữ,TP.HCM,Referral,Mỹ phẩm,185000,4,0.031,740000,716752,80350,395352,COD,Desktop,1.0,4.0,0
3025,2025-02-18,413,48.0,Nữ,Hải Phòng,Facebook Ads,Thực phẩm,101000,5,0.017,505000,496335,74746,122605,Chuyển khoản,Desktop,1.0,5.0,0
3026,2025-02-18,2362,27.0,Nữ,Hà Nội,Organic,Điện tử,321000,5,0.076,1605000,1482258,231966,322428,COD,Mobile,3.0,4.0,0
3027,2025-02-18,1945,23.0,Nữ,Cần Thơ,Organic,Điện tử,329000,1,0.233,329000,252504,227860,24644,COD,Mobile,1.0,5.0,0
3028,2025-02-18,1370,24.0,Nữ,Đà Nẵng,Facebook Ads,Mỹ phẩm,118000,3,0.219,354000,276466,55013,111427,Ví điện tử,Tablet,5.0,4.0,0
3029,2025-02-18,570,29.0,Nam,TP.HCM,Email,Mỹ phẩm,166000,3,0.094,498000,451319,69663,242330,Ví điện tử,Mobile,3.0,4.0,0
3030,2025-02-19,985,34.0,Nữ,TP.HCM,Email,Mỹ phẩm,204000,4,0.014,816000,804387,95263,423335,Ví điện tử,Mobile,4.0,5.0,0
3031,2025-02-19,1047,29.0,Nam,Hải Phòng,Organic,Điện tử,239000,4,0.247,956000,719550,190984,-44386,COD,Mobile,3.0,4.0,0
3032,2025-02-19,1905,,Nữ,TP.HCM,Email,Thời trang,216000,1,0.092,216000,196225,103760,92465,Thẻ tín dụng,Desktop,3.0,3.0,0
3033,2025-02-19,499,32.0,Nam,TP.HCM,Facebook Ads,Điện tử,393000,3,0.053,1179000,1115942,284278,263108,Chuyển khoản,Mobile,4.0,5.0,0
3034,2025-02-20,3075,30.0,Nữ,Hà Nội,Referral,Sách,95000,1,0.143,95000,81415,63184,18231,Ví điện tử,Mobile,2.0,3.0,0
3035,2025-02-20,2826,42.0,Nam,TP.HCM,Facebook Ads,Mỹ phẩm,199000,3,0.089,597000,543862,78836,307354,COD,Mobile,,5.0,0
3036,2025-02-20,1318,29.0,Nữ,Hải Phòng,Google Ads,Thời trang,169000,2,0.086,338000,308820,103049,102722,Ví điện tử,Mobile,1.0,5.0,0
3037,2025-02-20,1172,38.0,Nam,TP.HCM,Google Ads,Sách,76000,7,0.328,532000,357536,53858,-19470,Ví điện tử,Mobile,6.0,4.0,0
3038,2025-02-20,1304,39.0,Nam,Hà Nội,Google Ads,Điện tử,161000,5,0.059,805000,757788,111911,198233,Ví điện tử,Mobile,5.0,3.0,1
3039,2025-02-20,2190,38.0,Nam,Đà Nẵng,Google Ads,Thời trang,174000,3,0.101,522000,469478,87372,207362,COD,Tablet,3.0,3.0,1
3040,2025-02-20,49,37.0,Nam,TP.HCM,Referral,Thời trang,126000,1,0.062,126000,118231,67873,50358,Thẻ tín dụng,Mobile,1.0,5.0,0
3041,2025-02-21,1984,33.0,Nữ,Hải Phòng,Google Ads,Thời trang,149000,5,0.09,745000,677813,82909,263268,COD,Mobile,12.0,2.0,0
3042,2025-02-21,2597,25.0,Nữ,TP.HCM,Organic,Gia dụng,700000,1,0.116,700000,618788,403608,215180,COD,Mobile,2.0,5.0,0
3043,2025-02-21,740,34.0,Nam,Hà Nội,Google Ads,Mỹ phẩm,270000,4,0.03,1080000,1047491,125639,544935,COD,Mobile,5.0,3.0,0
3044,2025-02-21,3256,30.0,Nam,Hà Nội,Referral,Mỹ phẩm,254000,27,0.037,6858000,6605649,104837,3775050,Chuyển khoản,Desktop,1.0,5.0,0
3045,2025-02-21,1651,47.0,Nữ,Hà Nội,Facebook Ads,Điện tử,235000,2,0.11,470000,418249,180154,57941,Chuyển khoản,Desktop,0.0,,0
3046,2025-02-22,2182,41.0,Nam,Hà Nội,Facebook Ads,Điện tử,386000,2,0.056,772000,728960,294810,139340,Thẻ tín dụng,Desktop,1.0,5.0,0
3047,2025-02-22,2498,45.0,Nữ,TP.HCM,Facebook Ads,Gia dụng,256000,2,0.26,512000,378637,152489,73659,Chuyển khoản,Tablet,,4.0,0
3048,2025-02-23,3044,29.0,Nữ,TP.HCM,Referral,Gia dụng,445000,3,0.059,1335000,1256256,261587,471495,Chuyển khoản,Desktop,4.0,4.0,1
3049,2025-02-23,1125,23.0,Nữ,Hà Nội,Facebook Ads,Thời trang,204000,5,0.086,1020000,932062,104863,407747,Chuyển khoản,Mobile,5.0,3.0,0
3050,2025-02-23,1905,41.0,Nữ,Hà Nội,Organic,Thời trang,214000,2,0.098,428000,385913,120175,145563,Thẻ tín dụng,Desktop,2.0,5.0,0
3051,2025-02-23,1503,30.0,Nữ,Cần Thơ,Organic,Gia dụng,347000,2,0.043,694000,663905,210532,242841,Ví điện tử,Desktop,4.0,3.0,0
3052,2025-02-23,2905,25.0,Nữ,Đà Nẵng,Email,Điện tử,98000,2,0.061,196000,183984,69793,44398,Ví điện tử,Tablet,1.0,4.0,0
3053,2025-02-23,2463,42.0,Nữ,Hà Nội,Google Ads,Điện tử,318000,9,0.047,2862000,2728067,224694,705821,Thẻ tín dụng,Desktop,3.0,5.0,0
3054,2025-02-23,1746,24.0,Nam,TP.HCM,Email,Điện tử,365000,3,0.193,1095000,883507,284601,29704,Ví điện tử,Mobile,2.0,5.0,0
3055,2025-02-24,1612,30.0,Nữ,Hà Nội,Organic,Gia dụng,226000,5,0.028,1130000,1098086,140281,396681,Thẻ tín dụng,Mobile,1.0,4.0,0
3056,2025-02-24,1745,45.0,Nam,Đà Nẵng,Facebook Ads,Thời trang,121000,4,0.147,484000,412902,69572,134614,COD,Mobile,,5.0,0
3057,2025-02-24,2117,33.0,Nam,Đà Nẵng,Organic,Gia dụng,294000,1,0.056,294000,277469,182573,94896,Thẻ tín dụng,Mobile,2.0,5.0,0
3058,2025-02-24,777,21.0,Nữ,Hải Phòng,Facebook Ads,Điện tử,309000,1,0.029,309000,299971,209483,90488,Ví điện tử,Mobile,4.0,4.0,0
3059,2025-02-24,528,38.0,Nam,TP.HCM,Referral,Sách,88000,3,0.06,264000,248250,60324,67278,Chuyển khoản,Mobile,2.0,5.0,0
3060,2025-02-25,2196,49.0,Nữ,Hải Phòng,Organic,Sách,76000,4,0.03,304000,294920,52748,83928,COD,Mobile,6.0,5.0,0
3061,2025-02-26,556,25.0,Nữ,Hà Nội,Facebook Ads,Thời trang,120000,2,0.246,240000,180998,61348,58302,Chuyển khoản,Mobile,2.0,4.0,0
3062,2025-02-26,2088,36.0,Nữ,TP.HCM,Facebook Ads,Thời trang,117000,4,0.01,468000,463210,70866,179746,Chuyển khoản,Desktop,2.0,4.0,1
3063,2025-02-26,2819,38.0,Nữ,Hà Nội,Facebook Ads,Điện tử,148000,5,0.159,740000,622630,97039,137435,COD,Mobile,1.0,4.0,0
3064,2025-02-26,1505,37.0,Nữ,Cần Thơ,Facebook Ads,Thực phẩm,107000,6,0.064,642000,600770,77808,133922,Thẻ tín dụng,Mobile,4.0,4.0,1
3065,2025-02-26,2638,27.0,Nam,Hải Phòng,Google Ads,Thời trang,165000,7,0.055,1155000,1090945,91311,451768,Thẻ tín dụng,Mobile,2.0,3.0,0
3066,2025-02-26,463,38.0,Nam,Cần Thơ,Email,Gia dụng,255000,2,0.008,510000,505869,156090,193689,Thẻ tín dụng,Desktop,2.0,4.0,0
3067,2025-02-27,1640,41.0,Nam,Hải Phòng,Google Ads,Mỹ phẩm,197000,7,0.063,1379000,1291662,84553,699791,Thẻ tín dụng,Desktop,2.0,5.0,0
3068,2025-02-27,3231,32.0,Nữ,Đà Nẵng,Google Ads,Mỹ phẩm,140000,4,0.066,560000,523230,60937,279482,COD,Mobile,2.0,4.0,0
3069,2025-02-27,676,30.0,Nữ,Hà Nội,Organic,Thực phẩm,121000,3,0.184,363000,296386,81351,52333,Chuyển khoản,Mobile,0.0,4.0,0
3070,2025-02-27,57,18.0,Nữ,TP.HCM,Organic,Thời trang,126000,4,0.01,504000,499010,71491,213046,COD,Mobile,3.0,4.0,0
3071,2025-02-27,2440,24.0,Nữ,Đà Nẵng,Organic,Sách,88000,4,0.102,352000,316030,55772,92942,Chuyển khoản,Mobile,0.0,4.0,0
3072,2025-02-28,1724,18.0,Nam,Hải Phòng,Facebook Ads,Điện tử,169000,2,0.056,338000,318965,124612,69741,Ví điện tử,Mobile,3.0,4.0,1
3073,2025-02-28,1989,30.0,Nam,Hà Nội,Facebook Ads,Gia dụng,218000,4,0.192,872000,704931,138568,150659,Ví điện tử,Mobile,2.0,4.0,0
3074,2025-02-28,605,33.0,Nữ,Đà Nẵng,Google Ads,Thời trang,273000,1,0.107,273000,243895,157265,86630,Chuyển khoản,Desktop,4.0,4.0,0
3075,2025-02-28,2519,41.0,Nữ,Hải Phòng,Google Ads,Điện tử,384000,3,0.11,1152000,1025122,266644,225190,COD,Mobile,2.0,,0
3076,2025-02-28,3178,32.0,Nữ,Hà Nội,Email,Điện tử,415000,2,0.1,830000,747280,313705,119870,Ví điện tử,Mobile,11.0,3.0,1
3077,2025-02-28,103,38.0,Nữ,Hải Phòng,Facebook Ads,Thời trang,182000,3,0.203,546000,435232,104215,122587,Ví điện tử,Desktop,1.0,4.0,1
3078,2025-02-28,646,24.0,Nữ,Cần Thơ,Email,Mỹ phẩm,156000,2,0.026,312000,304012,73755,156502,COD,Desktop,4.0,,0
3079,2025-03-01,3146,28.0,Nam,Hải Phòng,Organic,Thời trang,200000,2,0.231,400000,307432,108899,89634,Chuyển khoản,Mobile,1.0,,0
3080,2025-03-01,865,18.0,Nữ,Hà Nội,Facebook Ads,Thời trang,140000,5,0.084,700000,641320,80013,241255,Thẻ tín dụng,Desktop,3.0,4.0,0
3081,2025-03-01,2787,,Nữ,Hải Phòng,Referral,Gia dụng,166000,4,0.167,664000,552996,95321,171712,Ví điện tử,Mobile,1.0,4.0,0
3082,2025-03-01,2458,33.0,Nữ,Hà Nội,Referral,Gia dụng,177000,4,0.077,708000,653422,108045,221242,Ví điện tử,Mobile,3.0,3.0,1
3083,2025-03-01,105,43.0,Nam,Hà Nội,Organic,Gia dụng,253000,3,0.08,759000,698140,161986,212182,COD,Mobile,5.0,4.0,0
3084,2025-03-01,368,26.0,Nữ,TP.HCM,Facebook Ads,Thời trang,195000,4,0.034,780000,753711,109547,315523,Thẻ tín dụng,Mobile,3.0,3.0,0
3085,2025-03-01,1120,29.0,Nam,Hà Nội,Facebook Ads,Điện tử,387000,5,0.185,1935000,1576271,282873,161906,Ví điện tử,Mobile,2.0,5.0,0
3086,2025-03-01,581,30.0,Nữ,Hà Nội,Google Ads,Mỹ phẩm,357000,1,0.143,357000,305837,168863,136974,Ví điện tử,Desktop,1.0,4.0,1
3087,2025-03-01,2471,34.0,Nam,TP.HCM,Google Ads,Thời trang,232000,3,0.014,696000,686338,133464,285946,COD,Desktop,4.0,4.0,0
3088,2025-03-01,3197,20.0,Nam,Hà Nội,Referral,Sách,76000,2,0.208,152000,120387,47754,24879,Thẻ tín dụng,Desktop,3.0,4.0,0
3089,2025-03-01,2566,38.0,Nữ,TP.HCM,Facebook Ads,Thời trang,130000,3,0.085,390000,356660,72331,139667,Ví điện tử,Mobile,4.0,3.0,0
3090,2025-03-01,549,35.0,Nữ,TP.HCM,Google Ads,Thực phẩm,101000,3,0.098,303000,273386,75221,47723,Ví điện tử,Tablet,,5.0,0
3091,2025-03-02,1418,31.0,Nữ,Hà Nội,Referral,Thời trang,183000,2,0.176,366000,301670,106319,89032,COD,Mobile,2.0,5.0,0
3092,2025-03-02,1108,46.0,Nữ,Hà Nội,Organic,Gia dụng,434000,4,0.084,1736000,1591034,258528,556922,COD,Mobile,5.0,3.0,0
3093,2025-03-02,1869,35.0,Nữ,TP.HCM,Organic,Thời trang,201000,4,0.097,804000,726222,99549,328026,COD,Mobile,2.0,4.0,0
3094,2025-03-02,1450,28.0,Nữ,Hải Phòng,Organic,Mỹ phẩm,220000,5,0.132,1100000,955162,96720,471562,Ví điện tử,Mobile,4.0,4.0,0
3095,2025-03-02,81,45.0,Nam,Hà Nội,Google Ads,Sách,79000,4,0.077,316000,291770,53203,78958,Ví điện tử,Mobile,3.0,4.0,0
3096,2025-03-02,502,18.0,Nam,TP.HCM,Google Ads,Mỹ phẩm,227000,5,0.063,1135000,1063097,102149,552352,Thẻ tín dụng,Mobile,1.0,,0
3097,2025-03-02,365,34.0,Nam,Đà Nẵng,Google Ads,Điện tử,266000,1,0.084,266000,243718,164674,79044,COD,Desktop,1.0,4.0,0
3098,2025-03-02,811,38.0,Nữ,TP.HCM,Organic,Mỹ phẩm,169000,4,0.008,676000,670406,78196,357622,COD,Tablet,0.0,5.0,0
3099,2025-03-02,1568,41.0,Nữ,Hà Nội,Google Ads,Sách,74000,1,0.117,74000,65366,47898,17468,Ví điện tử,Mobile,1.0,5.0,0
3100,2025-03-02,880,22.0,Nam,Đà Nẵng,Organic,Gia dụng,150000,4,0.061,600000,563243,94054,187027,Thẻ tín dụng,Mobile,4.0,5.0,0
3101,2025-03-02,2887,33.0,Nữ,TP.HCM,Email,Gia dụng,164000,2,0.011,328000,324273,102168,119937,COD,Desktop,0.0,4.0,0
3102,2025-03-02,2385,25.0,Nữ,Hà Nội,Google Ads,Điện tử,187000,3,0.045,561000,535997,147670,92987,Ví điện tử,Desktop,3.0,4.0,0
3103,2025-03-03,2686,36.0,Nam,Đà Nẵng,Organic,Gia dụng,204000,4,0.166,816000,680354,116307,215126,Thẻ tín dụng,Mobile,2.0,5.0,0
3104,2025-03-03,582,30.0,Nam,TP.HCM,Facebook Ads,Điện tử,380000,5,0.059,1900000,1787197,290364,335377,Thẻ tín dụng,Mobile,5.0,4.0,0
3105,2025-03-03,1394,21.0,Nữ,TP.HCM,Google Ads,Điện tử,154000,4,0.044,616000,588762,110178,148050,COD,Desktop,0.0,5.0,0
3106,2025-03-03,984,30.0,Nam,TP.HCM,Organic,Mỹ phẩm,113000,3,0.158,339000,285504,54716,121356,Ví điện tử,Mobile,1.0,,0
3107,2025-03-03,1910,26.0,Nữ,TP.HCM,Email,Thời trang,152000,4,0.036,608000,586285,88156,233661,COD,Mobile,2.0,5.0,0
3108,2025-03-03,1162,39.0,Nam,Hà Nội,Google Ads,Gia dụng,173000,4,0.087,692000,631549,97011,243505,Ví điện tử,Mobile,1.0,5.0,0
3109,2025-03-03,1030,28.0,Nữ,Đà Nẵng,Google Ads,Thời trang,93000,4,0.164,372000,311089,51324,105793,COD,Mobile,1.0,5.0,0
3110,2025-03-03,1970,37.0,Nam,TP.HCM,Referral,Thời trang,178000,7,0.102,1246000,1119401,95082,453827,Ví điện tử,Mobile,1.0,5.0,0
3111,2025-03-04,1469,25.0,Nam,Đà Nẵng,Facebook Ads,Mỹ phẩm,191000,7,0.071,1337000,1242504,81382,672830,Chuyển khoản,Mobile,1.0,4.0,0
3112,2025-03-04,2102,33.0,Nam,TP.HCM,Organic,Gia dụng,327000,5,0.04,1635000,1570377,208757,526592,Thẻ tín dụng,Mobile,4.0,4.0,0
3113,2025-03-04,2122,,Nam,TP.HCM,Google Ads,Thời trang,118000,2,0.1,236000,212376,65843,80690,Ví điện tử,Mobile,1.0,5.0,0
3114,2025-03-04,732,36.0,Nữ,Cần Thơ,Organic,Mỹ phẩm,169000,7,0.12,1183000,1040577,70550,546727,Chuyển khoản,Mobile,3.0,4.0,0
3115,2025-03-04,1046,26.0,Nữ,Hải Phòng,Organic,Mỹ phẩm,231000,4,0.238,924000,703742,97731,312818,Ví điện tử,Desktop,3.0,3.0,0
3116,2025-03-04,1181,42.0,Nữ,Hà Nội,Google Ads,Thời trang,234000,7,0.071,1638000,1521489,111133,743558,Ví điện tử,Tablet,1.0,4.0,0
3117,2025-03-05,529,18.0,Nữ,Đà Nẵng,Facebook Ads,Thực phẩm,93000,5,0.064,465000,435126,66166,104296,Thẻ tín dụng,Mobile,5.0,3.0,0
3118,2025-03-05,643,23.0,Nam,Hà Nội,Facebook Ads,Mỹ phẩm,162000,5,0.089,810000,737702,71560,379902,Thẻ tín dụng,Desktop,1.0,4.0,0
3119,2025-03-05,1935,28.0,Nam,TP.HCM,Email,Thời trang,149000,1,0.035,149000,143759,84055,59704,Chuyển khoản,Mobile,2.0,5.0,0
3120,2025-03-05,3172,44.0,Nữ,TP.HCM,Organic,Mỹ phẩm,151000,3,0.097,453000,408873,69951,199020,Thẻ tín dụng,Desktop,2.0,4.0,0
3121,2025-03-05,1037,31.0,Nam,TP.HCM,Google Ads,Gia dụng,196000,4,0.061,784000,736282,119204,259466,Thẻ tín dụng,Mobile,2.0,5.0,0
3122,2025-03-05,421,26.0,Nam,Hà Nội,Google Ads,Sách,82000,3,0.269,246000,179847,52941,21024,Ví điện tử,Mobile,7.0,3.0,0
3123,2025-03-05,143,29.0,Nam,Cần Thơ,Facebook Ads,Gia dụng,261000,3,0.071,783000,727073,152569,269366,Chuyển khoản,Mobile,4.0,4.0,0
3124,2025-03-05,2237,27.0,Nữ,TP.HCM,Referral,Thời trang,143000,3,0.043,429000,410447,81049,167300,COD,Desktop,1.0,5.0,0
3125,2025-03-06,3203,28.0,Nam,Hà Nội,Organic,Điện tử,282000,2,0.161,564000,473391,207342,58707,COD,Mobile,9.0,2.0,1
3126,2025-03-06,2641,35.0,Nam,Đà Nẵng,Organic,Thời trang,139000,2,0.195,278000,223702,81495,60712,Thẻ tín dụng,Mobile,1.0,4.0,0
3127,2025-03-06,409,22.0,Nam,Cần Thơ,Organic,Gia dụng,182000,4,0.038,728000,700158,116107,235730,COD,Mobile,1.0,4.0,0
3128,2025-03-06,2687,35.0,Nam,Hà Nội,Referral,Sách,79000,2,0.113,158000,140198,49279,41640,Ví điện tử,Mobile,3.0,4.0,1
3129,2025-03-06,1890,29.0,Nữ,Đà Nẵng,Email,Thời trang,196000,2,0.072,392000,363750,105973,151804,Thẻ tín dụng,Mobile,0.0,5.0,0
3130,2025-03-06,776,18.0,Nam,Cần Thơ,Referral,Mỹ phẩm,208000,3,0.03,624000,605562,99830,306072,Thẻ tín dụng,Mobile,4.0,3.0,0
3131,2025-03-06,3202,39.0,Nữ,Hải Phòng,Google Ads,Gia dụng,161000,2,0.07,322000,299535,97871,103793,Ví điện tử,Mobile,3.0,5.0,0
3132,2025-03-07,2433,18.0,Nam,Hà Nội,Referral,Gia dụng,180000,2,0.104,360000,322713,107215,108283,Thẻ tín dụng,Mobile,4.0,3.0,0
3133,2025-03-07,650,31.0,Nữ,Cần Thơ,Organic,Thời trang,89000,4,0.2,356000,284744,53212,71896,Ví điện tử,Desktop,1.0,4.0,0
3134,2025-03-07,1254,29.0,Nữ,TP.HCM,Google Ads,Thời trang,174000,6,0.082,1044000,957936,94130,393156,COD,Mobile,3.0,4.0,0
3135,2025-03-07,1250,43.0,Nữ,Cần Thơ,Google Ads,Sách,102000,8,0.107,816000,728916,67867,185980,Chuyển khoản,Desktop,2.0,5.0,0
3136,2025-03-07,1868,37.0,Nữ,Hải Phòng,Facebook Ads,Mỹ phẩm,224000,5,0.071,1120000,1040133,103884,520713,COD,Mobile,5.0,,1
3137,2025-03-07,2863,26.0,Nữ,Đà Nẵng,Google Ads,Gia dụng,194000,5,0.067,970000,905084,116122,324474,Ví điện tử,Mobile,2.0,4.0,0
3138,2025-03-08,114,,Nam,TP.HCM,Google Ads,Thời trang,161000,5,0.064,805000,753266,84480,330866,Ví điện tử,Mobile,3.0,4.0,0
3139,2025-03-08,2280,35.0,Nữ,Đà Nẵng,Facebook Ads,Điện tử,220000,5,0.199,1100000,880831,173797,11846,COD,Mobile,4.0,4.0,0
3140,2025-03-08,2023,51.0,Nam,Cần Thơ,Referral,Điện tử,403000,1,0.058,403000,379635,299923,79712,Ví điện tử,Mobile,3.0,4.0,0
3141,2025-03-08,2642,28.0,Nam,Hà Nội,Google Ads,Sách,74000,5,0.145,370000,316256,44599,93261,Thẻ tín dụng,Mobile,2.0,,0
3142,2025-03-08,3193,33.0,Nữ,TP.HCM,Facebook Ads,Thực phẩm,106000,6,0.069,636000,592030,75964,136246,COD,Mobile,4.0,4.0,0
3143,2025-03-08,363,36.0,Nữ,TP.HCM,Referral,Sách,97000,6,0.164,582000,486333,61877,115071,COD,Desktop,1.0,4.0,0
3144,2025-03-08,2333,25.0,Nam,TP.HCM,Email,Thời trang,101000,2,0.11,202000,179772,55168,69436,Thẻ tín dụng,Mobile,4.0,4.0,0
3145,2025-03-08,2359,28.0,Nữ,Hà Nội,Referral,Thời trang,130000,3,0.192,390000,315161,70885,102506,Thẻ tín dụng,Desktop,4.0,5.0,0
3146,2025-03-08,2380,42.0,Nữ,Hà Nội,Google Ads,Sách,62000,5,0.366,310000,196510,42204,-14510,Ví điện tử,Mobile,2.0,4.0,0
3147,2025-03-09,2434,52.0,Nữ,Hải Phòng,Organic,Gia dụng,310000,5,0.171,1550000,1284293,192601,321288,COD,Desktop,3.0,4.0,0
3148,2025-03-09,3051,42.0,Nam,TP.HCM,Organic,Thời trang,138000,3,0.165,414000,345660,75687,118599,Ví điện tử,Desktop,3.0,4.0,0
3149,2025-03-09,284,27.0,Nam,TP.HCM,Organic,Mỹ phẩm,229000,1,0.051,229000,217385,97276,120109,Ví điện tử,Mobile,2.0,5.0,0
3150,2025-03-09,2064,20.0,Nữ,Hà Nội,Organic,Điện tử,241000,4,0.016,964000,949056,177020,240976,COD,Desktop,6.0,4.0,0
3151,2025-03-09,1391,31.0,Nam,TP.HCM,Google Ads,Thời trang,196000,6,0.077,1176000,1085908,105365,453718,COD,Desktop,1.0,4.0,0
3152,2025-03-09,2279,42.0,Nữ,Cần Thơ,Google Ads,Điện tử,123000,4,0.036,492000,474485,90280,113365,Ví điện tử,Mobile,3.0,,0
3153,2025-03-09,927,31.0,Nam,Hà Nội,Google Ads,Gia dụng,206000,4,0.064,824000,771419,109599,333023,Chuyển khoản,Tablet,3.0,4.0,0
3154,2025-03-09,662,51.0,Nữ,Đà Nẵng,Referral,Sách,132000,5,0.062,660000,618777,85655,190502,COD,Mobile,4.0,4.0,0
3155,2025-03-09,2869,31.0,Nam,TP.HCM,Facebook Ads,Mỹ phẩm,207000,6,0.159,1242000,1044956,92457,490214,COD,Mobile,3.0,4.0,0
3156,2025-03-10,815,39.0,Nữ,Hải Phòng,Facebook Ads,Thời trang,132000,4,0.033,528000,510576,81241,185612,COD,Mobile,2.0,3.0,0
3157,2025-03-10,3223,18.0,Nam,Hà Nội,Organic,Sách,102000,5,0.038,510000,490669,65552,162909,COD,Mobile,,4.0,0
3158,2025-03-10,451,,Nữ,Hà Nội,Email,Thời trang,98000,5,0.213,490000,385543,54918,110953,COD,Desktop,3.0,3.0,0
3159,2025-03-10,3115,37.0,Nữ,Đà Nẵng,Facebook Ads,Mỹ phẩm,295000,4,0.074,1180000,1092383,132985,560443,COD,Mobile,9.0,3.0,0
3160,2025-03-10,1452,31.0,Nữ,Hải Phòng,Facebook Ads,Thời trang,215000,4,0.114,860000,761680,126308,256448,COD,Mobile,2.0,4.0,0
3161,2025-03-11,1746,24.0,Nam,Đà Nẵng,Organic,Thời trang,243000,3,0.08,729000,670485,124806,296067,COD,Tablet,0.0,3.0,0
3162,2025-03-11,169,20.0,Nữ,TP.HCM,Facebook Ads,Gia dụng,157000,7,0.019,1099000,1078473,92002,434459,COD,Mobile,2.0,,0
3163,2025-03-11,662,51.0,Nữ,Hải Phòng,Facebook Ads,Thực phẩm,97000,3,0.078,291000,268218,64852,73662,Ví điện tử,Mobile,3.0,3.0,0
3164,2025-03-11,360,33.0,Nam,Hà Nội,Facebook Ads,Mỹ phẩm,181000,9,0.14,1629000,1401350,85164,634874,Ví điện tử,Mobile,3.0,4.0,0
3165,2025-03-11,3089,32.0,Nữ,TP.HCM,Google Ads,Điện tử,267000,6,0.116,1602000,1415652,188001,287646,COD,Mobile,3.0,2.0,0
3166,2025-03-11,1384,42.0,Nữ,TP.HCM,Google Ads,Gia dụng,156000,4,0.192,624000,503925,94545,125745,Chuyển khoản,Desktop,1.0,4.0,0
3167,2025-03-11,2076,38.0,Nữ,Hà Nội,Referral,Thực phẩm,113000,1,0.099,113000,101761,75328,26433,COD,Mobile,3.0,4.0,0
3168,2025-03-11,2396,37.0,Nữ,TP.HCM,Organic,Thực phẩm,123000,2,0.04,246000,236104,81576,72952,Thẻ tín dụng,Mobile,,5.0,0
3169,2025-03-11,1124,36.0,Nữ,Cần Thơ,Facebook Ads,Mỹ phẩm,293000,2,0.023,586000,572388,137602,297184,Thẻ tín dụng,Mobile,4.0,4.0,0
3170,2025-03-11,247,44.0,Nữ,Hải Phòng,Referral,Thời trang,129000,7,0.035,903000,871310,74894,347052,Ví điện tử,Desktop,4.0,4.0,0
3171,2025-03-11,555,31.0,Nam,TP.HCM,Email,Điện tử,263000,2,0.027,526000,511895,196378,119139,Ví điện tử,Mobile,4.0,3.0,0
3172,2025-03-11,3168,58.0,Nữ,TP.HCM,Email,Điện tử,159000,2,0.053,318000,301190,110275,80640,COD,Desktop,7.0,4.0,0
3173,2025-03-12,3151,37.0,Nam,Đà Nẵng,Organic,Thời trang,143000,3,0.113,429000,380338,78159,145861,Ví điện tử,Desktop,1.0,5.0,0
3174,2025-03-12,2141,39.0,Nữ,Cần Thơ,Email,Sách,129000,5,0.02,645000,631836,86393,199871,Thẻ tín dụng,Mobile,2.0,4.0,0
3175,2025-03-12,2049,26.0,Nữ,Hải Phòng,Google Ads,Điện tử,192000,4,0.032,768000,743056,140112,182608,COD,Desktop,2.0,5.0,0
3176,2025-03-12,2449,33.0,Nữ,TP.HCM,Organic,Gia dụng,272000,6,0.057,1632000,1539176,151611,629510,Thẻ tín dụng,Mobile,1.0,5.0,0
3177,2025-03-12,640,24.0,Nữ,Đà Nẵng,Organic,Thời trang,127000,8,0.102,1016000,912739,70164,351427,Ví điện tử,Mobile,4.0,5.0,0
3178,2025-03-12,1531,29.0,Nam,Hà Nội,Referral,Thời trang,162000,3,0.094,486000,440193,95495,153708,Thẻ tín dụng,Mobile,3.0,5.0,0
3179,2025-03-12,1204,26.0,Nam,TP.HCM,Referral,Mỹ phẩm,340000,3,0.055,1020000,964113,166998,463119,COD,Mobile,1.0,3.0,0
3180,2025-03-12,1045,19.0,Nữ,TP.HCM,Google Ads,Sách,92000,3,0.01,276000,273325,55473,106906,Chuyển khoản,Desktop,3.0,4.0,0
3181,2025-03-12,1317,20.0,Nữ,Hà Nội,Organic,Thời trang,135000,8,0.059,1080000,1016325,75542,411989,Chuyển khoản,Mobile,,4.0,0
3182,2025-03-12,3025,31.0,Nữ,Cần Thơ,Google Ads,Gia dụng,181000,1,0.109,181000,161355,108910,52445,COD,Mobile,5.0,3.0,0
3183,2025-03-13,84,31.0,Nữ,Hà Nội,Google Ads,Điện tử,168000,4,0.183,672000,548818,106922,121130,COD,Tablet,5.0,5.0,0
3184,2025-03-13,604,,Nam,Hải Phòng,Organic,Thời trang,128000,1,0.083,128000,117416,74019,43397,Ví điện tử,Mobile,2.0,5.0,0
3185,2025-03-13,1689,41.0,Nam,Hà Nội,Google Ads,Điện tử,137000,4,0.09,548000,498844,99481,100920,COD,Mobile,1.0,5.0,0
3186,2025-03-13,223,38.0,Nam,TP.HCM,Organic,Sách,116000,2,0.11,232000,206481,76409,53663,Ví điện tử,Mobile,2.0,4.0,0
3187,2025-03-13,2771,40.0,Nữ,Đà Nẵng,Organic,Mỹ phẩm,262000,6,0.016,1572000,1546916,112062,874544,COD,Desktop,1.0,4.0,0
3188,2025-03-13,2769,27.0,Nữ,Hà Nội,Referral,Thời trang,200000,2,0.066,400000,373577,105697,162183,Thẻ tín dụng,Desktop,1.0,5.0,0
3189,2025-03-14,2511,44.0,Nam,Hà Nội,Referral,Gia dụng,353000,2,0.034,706000,681880,203051,275778,Ví điện tử,Mobile,1.0,4.0,1
3190,2025-03-14,625,23.0,Nữ,Hải Phòng,Facebook Ads,Gia dụng,199000,6,0.071,1194000,1109015,115604,415391,Ví điện tử,Mobile,4.0,4.0,0
3191,2025-03-14,178,35.0,Nữ,Cần Thơ,Facebook Ads,Gia dụng,193000,4,0.131,772000,671046,110969,227170,Chuyển khoản,Tablet,3.0,3.0,0
3192,2025-03-14,1515,39.0,Nữ,TP.HCM,Facebook Ads,Mỹ phẩm,194000,5,0.093,970000,880038,82918,465448,Ví điện tử,Desktop,1.0,4.0,0
3193,2025-03-14,650,31.0,Nữ,Hà Nội,Organic,Thời trang,98000,3,0.156,294000,248073,54278,85239,Ví điện tử,Mobile,1.0,5.0,0
3194,2025-03-14,2692,35.0,Nam,TP.HCM,Facebook Ads,Gia dụng,383000,5,0.178,1915000,1573782,192500,611282,Ví điện tử,Tablet,3.0,3.0,0
3195,2025-03-14,730,27.0,Nữ,Đà Nẵng,Facebook Ads,Thời trang,78000,4,0.144,312000,267038,44747,88050,Ví điện tử,Mobile,3.0,5.0,0
3196,2025-03-14,873,27.0,Nữ,Cần Thơ,Facebook Ads,Thời trang,154000,5,0.057,770000,726456,79924,326836,Ví điện tử,Mobile,4.0,4.0,0
3197,2025-03-14,1186,31.0,Nam,Hải Phòng,Facebook Ads,Điện tử,535000,2,0.149,1070000,910086,352330,205426,Chuyển khoản,Mobile,2.0,4.0,0
3198,2025-03-14,1960,29.0,Nữ,Cần Thơ,Referral,Thực phẩm,130000,2,0.088,260000,237247,89803,57641,Chuyển khoản,Mobile,6.0,3.0,0
3199,2025-03-15,877,41.0,Nữ,Hà Nội,Facebook Ads,Thời trang,209000,5,0.108,1045000,932632,124681,309227,Thẻ tín dụng,Tablet,3.0,3.0,0
3200,2025-03-15,263,36.0,Nữ,Hà Nội,Google Ads,Thời trang,140000,2,0.163,280000,234491,78329,77833,Ví điện tử,Desktop,4.0,4.0,0
3201,2025-03-15,142,23.0,Nữ,Đà Nẵng,Google Ads,Mỹ phẩm,180000,4,0.04,720000,691419,82729,360503,Chuyển khoản,Mobile,4.0,4.0,0
3202,2025-03-15,3078,34.0,Nữ,TP.HCM,Referral,Gia dụng,346000,4,0.044,1384000,1323108,215609,460672,Ví điện tử,Mobile,2.0,4.0,0
3203,2025-03-15,1992,45.0,Nữ,Hà Nội,Google Ads,Mỹ phẩm,140000,2,0.025,280000,272878,60134,152610,Ví điện tử,Tablet,3.0,4.0,0
3204,2025-03-15,1378,32.0,Nữ,Đà Nẵng,Facebook Ads,Thời trang,124000,2,0.108,248000,221258,68383,84492,Thẻ tín dụng,Mobile,1.0,4.0,0
3205,2025-03-16,2748,25.0,Nữ,Đà Nẵng,Facebook Ads,Thời trang,258000,4,0.092,1032000,936810,133032,404682,Ví điện tử,Desktop,4.0,4.0,0
3206,2025-03-16,1157,29.0,Nam,Hà Nội,Organic,Thực phẩm,105000,4,0.125,420000,367694,77726,56790,COD,Desktop,6.0,4.0,0
3207,2025-03-16,1398,31.0,Nam,Hà Nội,Organic,Gia dụng,340000,2,0.18,680000,557779,200349,157081,COD,Tablet,3.0,4.0,0
3208,2025-03-16,1241,37.0,Nam,Hải Phòng,Google Ads,Điện tử,278000,6,0.039,1668000,1603395,186862,482223,Thẻ tín dụng,Tablet,3.0,5.0,0
3209,2025-03-16,2586,26.0,Nam,Đà Nẵng,Facebook Ads,Mỹ phẩm,186000,8,0.134,1488000,1288971,81980,633131,Ví điện tử,Tablet,2.0,4.0,0
3210,2025-03-16,1186,31.0,Nam,Đà Nẵng,Facebook Ads,Gia dụng,263000,3,0.088,789000,719371,161139,235954,Ví điện tử,Desktop,5.0,3.0,0
3211,2025-03-16,3065,32.0,Nam,Đà Nẵng,Google Ads,Thời trang,117000,1,0.068,117000,109068,60527,48541,Chuyển khoản,Desktop,2.0,4.0,0
3212,2025-03-16,1393,35.0,Nam,TP.HCM,Google Ads,Điện tử,386000,4,0.091,1544000,1403950,247042,415782,COD,Mobile,2.0,4.0,0
3213,2025-03-16,40,18.0,Nữ,TP.HCM,Google Ads,Điện tử,246000,4,0.169,984000,817914,172539,127758,COD,Tablet,3.0,4.0,0
3214,2025-03-16,1551,28.0,Nam,Đà Nẵng,Google Ads,Sách,81000,4,0.217,324000,253626,46575,67326,Chuyển khoản,Tablet,6.0,4.0,0
3215,2025-03-17,1770,27.0,Nam,Cần Thơ,Email,Sách,128000,3,0.079,384000,353615,89515,85070,COD,Mobile,4.0,4.0,0
3216,2025-03-17,2387,38.0,Nữ,TP.HCM,Referral,Mỹ phẩm,173000,5,0.098,865000,780628,76056,400348,Thẻ tín dụng,Desktop,1.0,4.0,0
3217,2025-03-17,158,28.0,Nữ,TP.HCM,Organic,Điện tử,451000,4,0.076,1804000,1667548,325183,366816,Ví điện tử,Mobile,1.0,4.0,0
3218,2025-03-18,3263,47.0,Nữ,TP.HCM,Referral,Mỹ phẩm,253000,3,0.051,759000,720519,118397,365328,COD,Mobile,3.0,4.0,0
3219,2025-03-18,574,18.0,Nữ,TP.HCM,Facebook Ads,Thời trang,122000,2,0.135,244000,211156,70429,70298,Thẻ tín dụng,Desktop,2.0,5.0,0
3220,2025-03-18,2104,32.0,Nữ,Hà Nội,Google Ads,Sách,70000,3,0.046,210000,200333,50177,49802,COD,Mobile,2.0,4.0,0
3221,2025-03-18,2183,46.0,Nam,Hải Phòng,Facebook Ads,Điện tử,368000,1,0.086,368000,336340,254557,81783,Ví điện tử,Mobile,6.0,3.0,0
3222,2025-03-18,2957,18.0,Nam,Hải Phòng,Facebook Ads,Sách,72000,3,0.001,216000,215708,44795,81323,COD,Mobile,2.0,5.0,0
3223,2025-03-18,2263,42.0,Nam,TP.HCM,Google Ads,Điện tử,230000,3,0.117,690000,609609,161254,125847,Thẻ tín dụng,Mobile,1.0,5.0,0
3224,2025-03-18,1139,33.0,Nữ,TP.HCM,Google Ads,Mỹ phẩm,242000,7,0.068,1694000,1579281,117177,759042,Thẻ tín dụng,Mobile,,4.0,0
3225,2025-03-18,517,31.0,Nữ,Đà Nẵng,Facebook Ads,Thời trang,167000,3,0.127,501000,437419,91957,161548,COD,Tablet,9.0,3.0,0
3226,2025-03-19,781,18.0,Nữ,Hà Nội,Organic,Gia dụng,133000,5,0.099,665000,598906,83603,180891,COD,Mobile,2.0,4.0,0
3227,2025-03-19,1148,30.0,Nữ,TP.HCM,Referral,Điện tử,164000,6,0.126,984000,860186,124328,114218,Ví điện tử,Desktop,2.0,,0
3228,2025-03-19,2400,18.0,Nữ,Hải Phòng,Google Ads,Thời trang,127000,5,0.08,635000,584087,73798,215097,Thẻ tín dụng,Mobile,,3.0,0
3229,2025-03-19,3016,34.0,Nam,Đà Nẵng,Facebook Ads,Điện tử,401000,3,0.17,1203000,998228,302973,89309,Ví điện tử,Desktop,3.0,3.0,0
3230,2025-03-19,1448,37.0,Nam,TP.HCM,Google Ads,Thời trang,235000,5,0.078,1175000,1082965,134675,409590,Thẻ tín dụng,Mobile,3.0,,1
3231,2025-03-19,1406,40.0,Nam,Hà Nội,Google Ads,Thời trang,245000,2,0.026,490000,477212,139262,198688,COD,Mobile,4.0,4.0,0
3232,2025-03-19,1401,56.0,Nữ,Hà Nội,Facebook Ads,Điện tử,286000,3,0.071,858000,797337,196340,208317,Thẻ tín dụng,Mobile,7.0,4.0,0
3233,2025-03-19,712,21.0,Nam,Hà Nội,Organic,Điện tử,317000,2,0.206,634000,503495,231764,39967,Thẻ tín dụng,Mobile,2.0,3.0,0
3234,2025-03-19,1903,46.0,Nam,Hải Phòng,Email,Điện tử,248000,1,0.087,248000,226346,177880,48466,Chuyển khoản,Tablet,3.0,4.0,0
3235,2025-03-19,1393,35.0,Nam,TP.HCM,Email,Thời trang,167000,5,0.01,835000,826509,90321,374904,COD,Desktop,1.0,4.0,0
3236,2025-03-19,146,18.0,Nữ,Hà Nội,Google Ads,Thực phẩm,107000,1,0.234,107000,81932,75309,6623,Ví điện tử,Mobile,4.0,4.0,0
3237,2025-03-20,2471,34.0,Nam,Hải Phòng,Referral,Thời trang,141000,4,0.108,564000,502954,76916,195290,COD,Mobile,3.0,4.0,1
3238,2025-03-20,1507,22.0,Nam,Hà Nội,Google Ads,Điện tử,443000,3,0.067,1329000,1240371,310572,308655,COD,Mobile,2.0,5.0,0
3239,2025-03-20,1384,42.0,Nữ,Hà Nội,Facebook Ads,Mỹ phẩm,187000,4,0.068,748000,696877,79568,378605,COD,Mobile,7.0,4.0,0
3240,2025-03-20,2027,22.0,Nữ,Hà Nội,Organic,Gia dụng,210000,6,0.071,1260000,1169925,121683,439827,COD,Mobile,2.0,3.0,0
3241,2025-03-20,2438,36.0,Nam,Đà Nẵng,Referral,Gia dụng,334000,3,0.128,1002000,873424,203056,264256,Ví điện tử,Tablet,3.0,4.0,0
3242,2025-03-20,1203,38.0,Nam,TP.HCM,Email,Sách,124000,5,0.133,620000,537826,80279,136431,Ví điện tử,Desktop,1.0,5.0,0
3243,2025-03-20,25,28.0,Nam,Hà Nội,Facebook Ads,Thời trang,137000,5,0.098,685000,617864,74065,247539,Ví điện tử,Tablet,1.0,4.0,0
3244,2025-03-20,1186,31.0,Nam,TP.HCM,Email,Điện tử,365000,3,0.217,1095000,857111,270336,46103,Ví điện tử,Mobile,2.0,4.0,0
3245,2025-03-21,2220,36.0,Nam,Hà Nội,Organic,Thời trang,69000,4,0.093,276000,250286,41476,84382,Chuyển khoản,Desktop,7.0,4.0,0
3246,2025-03-21,922,21.0,Nam,Hà Nội,Organic,Sách,86000,3,0.084,258000,236427,58565,60732,COD,Desktop,3.0,4.0,0
3247,2025-03-21,472,45.0,Nam,Hà Nội,Google Ads,Gia dụng,342000,3,0.186,1026000,835157,217176,183629,COD,Desktop,3.0,5.0,0
3248,2025-03-21,532,19.0,Nữ,TP.HCM,Organic,Điện tử,96000,3,0.245,288000,217577,72417,326,Ví điện tử,Mobile,0.0,5.0,0
3249,2025-03-21,490,21.0,Nữ,Đà Nẵng,Google Ads,Gia dụng,241000,3,0.058,723000,680930,162459,193553,COD,Mobile,3.0,3.0,0
3250,2025-03-21,2673,18.0,Nữ,TP.HCM,Organic,Thực phẩm,106000,5,0.045,530000,506247,72405,144222,COD,Desktop,2.0,5.0,0
3251,2025-03-21,3127,31.0,Nam,TP.HCM,Organic,Mỹ phẩm,248000,6,0.165,1488000,1242074,109997,582092,COD,Mobile,1.0,4.0,0
3252,2025-03-21,1156,18.0,Nữ,Hà Nội,Organic,Sách,80000,3,0.149,240000,204341,54788,39977,Thẻ tín dụng,Mobile,1.0,5.0,0
3253,2025-03-21,2375,30.0,Nam,Hải Phòng,Email,Thực phẩm,115000,5,0.086,575000,525624,76541,142919,Chuyển khoản,Mobile,5.0,4.0,0
3254,2025-03-21,894,25.0,Nữ,TP.HCM,Facebook Ads,Thực phẩm,99000,3,0.166,297000,247721,71315,33776,COD,Desktop,,5.0,0
3255,2025-03-22,1883,38.0,Nữ,Hà Nội,Email,Thời trang,183000,2,0.017,366000,359599,97904,163791,COD,Mobile,2.0,3.0,0
3256,2025-03-22,1890,29.0,Nữ,Hà Nội,Facebook Ads,Gia dụng,248000,2,0.024,496000,483965,146981,190003,Ví điện tử,Mobile,1.0,4.0,0
3257,2025-03-22,2209,38.0,Nam,TP.HCM,Email,Mỹ phẩm,240000,4,0.081,960000,882445,109666,443781,Ví điện tử,Mobile,2.0,4.0,0
3258,2025-03-22,2957,18.0,Nam,Đà Nẵng,Email,Thời trang,135000,2,0.081,270000,248087,83173,81741,Thẻ tín dụng,Mobile,1.0,3.0,0
3259,2025-03-22,1264,41.0,Nữ,Hà Nội,Organic,Thời trang,215000,5,0.034,1075000,1038428,117786,449498,Ví điện tử,Mobile,4.0,4.0,0
3260,2025-03-22,122,20.0,Nữ,Hà Nội,Organic,Sách,80000,6,0.17,480000,398493,50504,95469,COD,Mobile,1.0,,0
3261,2025-03-22,3115,37.0,Nữ,TP.HCM,Google Ads,Thời trang,214000,6,0.147,1284000,1094912,119231,379526,COD,Mobile,4.0,4.0,0
3262,2025-03-22,3100,29.0,Nữ,Hải Phòng,Email,Sách,97000,1,0.062,97000,91006,64944,26062,Ví điện tử,Mobile,5.0,4.0,0
3263,2025-03-22,1662,34.0,Nam,TP.HCM,Facebook Ads,Thời trang,106000,3,0.043,318000,304300,58123,129931,Thẻ tín dụng,Mobile,2.0,5.0,0
3264,2025-03-23,2256,32.0,Nam,Hải Phòng,Facebook Ads,Sách,96000,3,0.061,288000,270494,59868,90890,COD,Mobile,3.0,4.0,0
3265,2025-03-23,2552,20.0,Nữ,Hải Phòng,Referral,Điện tử,422000,6,0.054,2532000,2395951,318358,485803,COD,Desktop,3.0,5.0,0
3266,2025-03-23,2783,55.0,Nam,Hải Phòng,Referral,Thời trang,164000,4,0.194,656000,528659,86574,182363,COD,Desktop,3.0,4.0,0
3267,2025-03-23,1639,43.0,Nữ,Hà Nội,Referral,Điện tử,241000,5,0.02,1205000,1180611,179541,282906,COD,Mobile,1.0,5.0,0
3268,2025-03-23,1504,34.0,Nữ,TP.HCM,Organic,Điện tử,393000,5,0.088,1965000,1791771,272879,427376,Chuyển khoản,Mobile,2.0,5.0,0
3269,2025-03-23,3218,26.0,Nữ,TP.HCM,Referral,Gia dụng,237000,5,0.081,1185000,1088554,143507,371019,Ví điện tử,Desktop,5.0,4.0,0
3270,2025-03-24,844,37.0,Nữ,TP.HCM,Referral,Gia dụng,328000,5,0.095,1640000,1483997,204807,459962,Thẻ tín dụng,Mobile,1.0,5.0,0
3271,2025-03-24,2293,21.0,Nữ,TP.HCM,Referral,Mỹ phẩm,202000,3,0.079,606000,558207,95619,271350,Thẻ tín dụng,Tablet,2.0,4.0,0
3272,2025-03-24,1855,44.0,Nữ,Hà Nội,Organic,Thời trang,176000,4,0.077,704000,649709,94990,269749,Ví điện tử,Mobile,10.0,2.0,0
3273,2025-03-24,955,40.0,Nữ,Đà Nẵng,Email,Gia dụng,301000,5,0.04,1505000,1444766,171061,589461,Ví điện tử,Mobile,4.0,3.0,0
3274,2025-03-24,2553,33.0,Nam,Đà Nẵng,Email,Sách,104000,5,0.053,520000,492550,67763,153735,Ví điện tử,Mobile,5.0,4.0,0
3275,2025-03-24,2954,18.0,Nữ,Cần Thơ,Google Ads,Điện tử,293000,1,0.045,293000,279794,220370,59424,COD,Desktop,1.0,4.0,0
3276,2025-03-24,2143,19.0,Nữ,Hải Phòng,Google Ads,Mỹ phẩm,176000,3,0.07,528000,490896,83865,239301,COD,Mobile,4.0,4.0,0
3277,2025-03-24,2608,24.0,Nữ,Cần Thơ,Referral,Mỹ phẩm,193000,1,0.054,193000,182547,79252,103295,COD,Desktop,4.0,4.0,0
3278,2025-03-24,1891,50.0,Nam,Hà Nội,Facebook Ads,Điện tử,342000,3,0.015,1026000,1011102,228590,325332,Ví điện tử,Tablet,4.0,,0
3279,2025-03-24,1659,,Nam,Hà Nội,Google Ads,Điện tử,239000,5,0.143,1195000,1024180,186843,89965,Ví điện tử,Mobile,2.0,4.0,0
3280,2025-03-25,786,38.0,Nam,Đà Nẵng,Google Ads,Điện tử,348000,4,0.039,1392000,1338223,243162,365575,Chuyển khoản,Mobile,3.0,4.0,0
3281,2025-03-25,1613,19.0,Nữ,Cần Thơ,Google Ads,Sách,108000,3,0.059,324000,305012,71599,90215,Ví điện tử,Mobile,3.0,4.0,0
3282,2025-03-25,427,44.0,Nam,Đà Nẵng,Facebook Ads,Sách,94000,3,0.02,282000,276468,61639,91551,COD,Desktop,1.0,4.0,0
3283,2025-03-25,1054,26.0,Nam,Hà Nội,Facebook Ads,Thời trang,117000,2,0.076,234000,216241,65380,85481,Thẻ tín dụng,Mobile,3.0,4.0,0
3284,2025-03-25,2231,32.0,Nữ,TP.HCM,Referral,Điện tử,248000,4,0.055,992000,937412,168946,261628,COD,Mobile,2.0,4.0,0
3285,2025-03-25,1795,38.0,Nữ,TP.HCM,Facebook Ads,Thời trang,130000,3,0.083,390000,357570,73694,136488,Chuyển khoản,Desktop,2.0,3.0,0
3286,2025-03-25,2152,30.0,Nữ,TP.HCM,Facebook Ads,Thời trang,118000,6,0.101,708000,636550,65530,243370,Thẻ tín dụng,Desktop,,5.0,0
3287,2025-03-25,1107,32.0,Nữ,Hà Nội,Referral,Thời trang,126000,5,0.135,630000,545032,67571,207177,Chuyển khoản,Mobile,2.0,3.0,0
3288,2025-03-26,588,50.0,Nữ,Hà Nội,Google Ads,Thực phẩm,103000,7,0.238,721000,549165,65087,93556,Thẻ tín dụng,Mobile,1.0,5.0,0
3289,2025-03-26,3137,29.0,Nữ,TP.HCM,Organic,Thời trang,91000,2,0.127,182000,158879,51318,56243,Thẻ tín dụng,Desktop,1.0,4.0,0
3290,2025-03-26,508,24.0,Nữ,TP.HCM,Facebook Ads,Gia dụng,160000,3,0.091,480000,436144,96082,147898,COD,Desktop,2.0,4.0,0
3291,2025-03-27,2911,47.0,Nam,Cần Thơ,Facebook Ads,Thời trang,159000,6,0.204,954000,759359,87218,236051,Ví điện tử,Mobile,1.0,5.0,0
3292,2025-03-27,2437,30.0,Nam,Hà Nội,Referral,Sách,97000,4,0.104,388000,347533,57764,116477,Ví điện tử,Desktop,3.0,4.0,1
3293,2025-03-27,654,44.0,Nữ,Hà Nội,Email,Sách,73000,6,0.236,438000,334821,44423,68283,COD,Desktop,4.0,4.0,0
3294,2025-03-27,2768,32.0,Nam,Hải Phòng,Google Ads,Điện tử,210000,3,0.073,630000,584286,153751,123033,COD,Mobile,0.0,5.0,0
3295,2025-03-27,2917,26.0,Nữ,TP.HCM,Referral,Gia dụng,264000,5,0.184,1320000,1077013,145597,349028,Ví điện tử,Desktop,3.0,3.0,0
3296,2025-03-27,1964,47.0,Nữ,TP.HCM,Google Ads,Sách,72000,7,0.139,504000,434144,47508,101588,COD,Tablet,4.0,4.0,1
3297,2025-03-28,2661,24.0,Nữ,Hà Nội,Google Ads,Sách,106000,3,0.163,318000,266093,71841,50570,Thẻ tín dụng,Desktop,4.0,,0
3298,2025-03-28,2258,42.0,Nữ,Hà Nội,Google Ads,Mỹ phẩm,162000,3,0.013,486000,479845,72204,263233,COD,Mobile,3.0,5.0,0
3299,2025-03-28,938,21.0,Nữ,Hà Nội,Referral,Điện tử,513000,2,0.048,1026000,977263,382406,212451,Ví điện tử,Desktop,1.0,4.0,0
3300,2025-03-29,2439,18.0,Nữ,Hà Nội,Google Ads,Điện tử,223000,5,0.093,1115000,1010956,149341,264251,COD,Mobile,10.0,4.0,0
3301,2025-03-29,768,28.0,Nữ,Hải Phòng,Organic,Sách,76000,5,0.075,380000,351447,48159,110652,Thẻ tín dụng,Mobile,5.0,2.0,0
3302,2025-03-29,176,29.0,Nữ,Hải Phòng,Google Ads,Gia dụng,273000,4,0.022,1092000,1068468,165375,406968,Thẻ tín dụng,Mobile,0.0,4.0,0
3303,2025-03-29,1816,41.0,Nam,TP.HCM,Email,Sách,107000,4,0.055,428000,404623,66013,140571,Thẻ tín dụng,Mobile,2.0,4.0,0
3304,2025-03-29,567,21.0,Nữ,TP.HCM,Referral,Gia dụng,349000,4,0.056,1396000,1317586,191824,550290,COD,Mobile,4.0,4.0,0
3305,2025-03-29,841,47.0,Nữ,Hà Nội,Organic,Mỹ phẩm,100000,1,0.033,100000,96671,45560,51111,COD,Mobile,1.0,5.0,0
3306,2025-03-29,1355,27.0,Nam,Hà Nội,Organic,Sách,95000,2,0.015,190000,187057,61997,63063,COD,Tablet,5.0,,0
3307,2025-03-29,1674,55.0,Nam,Đà Nẵng,Organic,Thời trang,154000,4,0.03,616000,597697,80088,277345,Ví điện tử,Desktop,2.0,5.0,0
3308,2025-03-30,173,18.0,Nam,Hà Nội,Facebook Ads,Sách,83000,4,0.044,332000,317290,56106,92866,Thẻ tín dụng,Desktop,4.0,4.0,0
3309,2025-03-30,765,37.0,Nữ,Hà Nội,Organic,Sách,116000,9,0.036,1044000,1006863,73929,341502,Chuyển khoản,Mobile,4.0,3.0,0
3310,2025-03-30,2000,39.0,Nữ,TP.HCM,Facebook Ads,Thời trang,141000,4,0.022,564000,551442,77548,241250,Ví điện tử,Mobile,6.0,4.0,0
3311,2025-03-30,114,47.0,Nam,Hà Nội,Facebook Ads,Sách,105000,4,0.053,420000,397747,69490,119787,COD,Mobile,4.0,4.0,0
3312,2025-03-30,1500,37.0,Nữ,Đà Nẵng,Organic,Thời trang,88000,4,0.124,352000,308183,47261,119139,Ví điện tử,Mobile,2.0,3.0,0
3313,2025-03-31,1927,36.0,Nữ,TP.HCM,Referral,Điện tử,417000,4,0.128,1668000,1453780,275509,351744,Thẻ tín dụng,Desktop,5.0,3.0,0
3314,2025-03-31,2668,37.0,Nữ,Hà Nội,Organic,Thời trang,268000,4,0.126,1072000,937272,146304,352056,COD,Desktop,2.0,4.0,0
3315,2025-03-31,61,36.0,Nam,TP.HCM,Facebook Ads,Gia dụng,377000,2,0.06,754000,708744,216614,275516,Thẻ tín dụng,Mobile,4.0,4.0,0
3316,2025-03-31,3101,28.0,Nữ,Hải Phòng,Facebook Ads,Điện tử,256000,4,0.049,1024000,973662,189295,216482,Ví điện tử,Mobile,5.0,3.0,0
3317,2025-03-31,346,29.0,Nữ,Hà Nội,Referral,Mỹ phẩm,132000,2,0.1,264000,237627,59581,118465,Ví điện tử,Desktop,1.0,,0
3318,2025-03-31,1357,56.0,Nữ,TP.HCM,Organic,Mỹ phẩm,141000,9,0.069,1269000,1181410,56712,671002,Chuyển khoản,Desktop,1.0,5.0,0
3319,2025-03-31,2761,30.0,Nữ,TP.HCM,Facebook Ads,Sách,59000,4,0.103,236000,211788,40695,49008,Ví điện tử,Tablet,4.0,4.0,0
3320,2025-04-01,1593,49.0,Nữ,Cần Thơ,Organic,Gia dụng,193000,2,0.353,386000,249928,113226,23476,COD,Mobile,3.0,4.0,0
3321,2025-04-01,2521,37.0,Nam,Hà Nội,Google Ads,Thời trang,120000,7,0.046,840000,801098,66745,333883,Thẻ tín dụng,Desktop,3.0,5.0,0
3322,2025-04-01,2380,42.0,Nữ,Hà Nội,Organic,Điện tử,308000,3,0.097,924000,834709,227251,152956,COD,Desktop,1.0,5.0,0
3323,2025-04-01,2375,30.0,Nam,TP.HCM,Organic,Điện tử,327000,2,0.021,654000,640200,226482,187236,Thẻ tín dụng,Mobile,3.0,3.0,0
3324,2025-04-01,1986,28.0,Nam,TP.HCM,Facebook Ads,Thời trang,161000,1,0.063,161000,150784,79929,70855,Chuyển khoản,Mobile,3.0,4.0,0
3325,2025-04-01,667,37.0,Nam,TP.HCM,Facebook Ads,Gia dụng,173000,2,0.057,346000,326426,101596,123234,Thẻ tín dụng,Desktop,2.0,5.0,0
3326,2025-04-01,1577,31.0,Nữ,Đà Nẵng,Facebook Ads,Điện tử,258000,5,0.141,1290000,1108267,177381,221362,Thẻ tín dụng,Mobile,4.0,3.0,0
3327,2025-04-02,2439,18.0,Nữ,Hải Phòng,Organic,Sách,87000,5,0.116,435000,384337,56456,102057,Thẻ tín dụng,Tablet,2.0,3.0,0
3328,2025-04-02,382,34.0,Nữ,Cần Thơ,Facebook Ads,Gia dụng,274000,2,0.1,548000,493013,167910,157193,Chuyển khoản,Mobile,0.0,5.0,0
3329,2025-04-02,2886,32.0,Nữ,Hà Nội,Organic,Thời trang,148000,3,0.273,444000,322978,82958,74104,Thẻ tín dụng,Mobile,3.0,4.0,0
3330,2025-04-02,2691,22.0,Nữ,Hà Nội,Organic,Gia dụng,240000,2,0.173,480000,396978,149319,98340,COD,Mobile,5.0,4.0,0
3331,2025-04-02,2818,37.0,Nữ,TP.HCM,Google Ads,Gia dụng,210000,3,0.081,630000,578778,119657,219807,COD,Mobile,4.0,4.0,0
3332,2025-04-03,1224,25.0,Nữ,Cần Thơ,Facebook Ads,Thời trang,207000,3,0.074,621000,574901,106425,255626,Ví điện tử,Mobile,1.0,4.0,0
3333,2025-04-03,1097,45.0,Nữ,TP.HCM,Email,Điện tử,268000,4,0.001,1072000,1070479,198291,277315,Chuyển khoản,Mobile,5.0,4.0,0
3334,2025-04-03,3153,31.0,Nữ,TP.HCM,Facebook Ads,Sách,79000,6,0.009,474000,469657,54889,140323,Ví điện tử,Mobile,,4.0,0
3335,2025-04-03,357,24.0,Nữ,Hải Phòng,Facebook Ads,Điện tử,294000,3,0.13,882000,767564,207827,144083,Thẻ tín dụng,Mobile,9.0,3.0,0
3336,2025-04-03,3180,34.0,Nam,Đà Nẵng,Organic,Điện tử,146000,6,0.185,876000,713707,104069,89293,Thẻ tín dụng,Mobile,3.0,3.0,0
3337,2025-04-03,2564,22.0,Nữ,Cần Thơ,Referral,Thời trang,134000,3,0.121,402000,353429,70155,142964,COD,Mobile,2.0,3.0,0
3338,2025-04-03,2422,52.0,Nam,TP.HCM,Google Ads,Gia dụng,308000,4,0.049,1232000,1171841,188974,415945,Ví điện tử,Desktop,4.0,4.0,0
3339,2025-04-03,340,33.0,Nữ,Hà Nội,Google Ads,Thực phẩm,109000,2,0.149,218000,185519,76472,32575,Chuyển khoản,Mobile,3.0,4.0,0
3340,2025-04-03,952,21.0,Nữ,TP.HCM,Facebook Ads,Sách,55000,3,0.117,165000,145660,37728,32476,COD,Mobile,1.0,,0
3341,2025-04-03,3114,31.0,Nữ,TP.HCM,Facebook Ads,Thời trang,185000,9,0.075,1665000,1539534,99154,647148,COD,Desktop,2.0,4.0,0
3342,2025-04-03,3141,26.0,Nữ,Đà Nẵng,Google Ads,Mỹ phẩm,173000,1,0.083,173000,158577,78123,80454,COD,Mobile,4.0,5.0,0
3343,2025-04-03,1163,41.0,Nữ,Hải Phòng,Organic,Thời trang,181000,5,0.144,905000,774974,90436,322794,Thẻ tín dụng,Mobile,3.0,4.0,0
3344,2025-04-03,2139,33.0,Nữ,TP.HCM,Facebook Ads,Gia dụng,229000,5,0.158,1145000,964555,146987,229620,Thẻ tín dụng,Mobile,6.0,4.0,0
3345,2025-04-03,2472,34.0,Nam,TP.HCM,Referral,Thời trang,171000,4,0.105,684000,612246,99047,216058,Ví điện tử,Tablet,2.0,5.0,0
3346,2025-04-04,58,36.0,Nữ,Hà Nội,Email,Mỹ phẩm,188000,6,0.057,1128000,1063291,86982,541399,Ví điện tử,Mobile,2.0,4.0,0
3347,2025-04-04,768,28.0,Nữ,TP.HCM,Organic,Điện tử,436000,4,0.005,1744000,1735911,335107,395483,Ví điện tử,Desktop,5.0,3.0,1
3348,2025-04-04,1836,41.0,Nữ,Hải Phòng,Facebook Ads,Mỹ phẩm,188000,4,0.075,752000,695484,86124,350988,COD,Mobile,2.0,3.0,0
3349,2025-04-04,2499,18.0,Nữ,Hà Nội,Organic,Thời trang,145000,2,0.112,290000,257521,83183,91155,COD,Mobile,6.0,5.0,0
3350,2025-04-04,608,25.0,Nữ,Đà Nẵng,Facebook Ads,Gia dụng,304000,2,0.064,608000,568800,178466,211868,COD,Mobile,2.0,5.0,0
3351,2025-04-04,80,45.0,Nữ,TP.HCM,Facebook Ads,Thời trang,195000,6,0.154,1170000,989573,116401,291167,Thẻ tín dụng,Desktop,2.0,5.0,0
3352,2025-04-04,1292,48.0,Nam,Cần Thơ,Email,Thời trang,106000,5,0.272,530000,386014,52618,122924,Chuyển khoản,Desktop,4.0,4.0,0
3353,2025-04-04,2198,,Nữ,TP.HCM,Google Ads,Thời trang,171000,4,0.205,684000,543633,89843,184261,Ví điện tử,Desktop,1.0,5.0,0
3354,2025-04-05,3150,39.0,Nữ,Hà Nội,Facebook Ads,Thời trang,123000,6,0.125,738000,645587,64087,261065,COD,Tablet,4.0,3.0,0
3355,2025-04-05,1825,38.0,Nam,Hà Nội,Facebook Ads,Điện tử,163000,7,0.032,1141000,1104520,123585,239425,Ví điện tử,Desktop,0.0,3.0,1
3356,2025-04-05,390,18.0,Nữ,Cần Thơ,Facebook Ads,Sách,78000,2,0.18,156000,127971,54043,19885,Chuyển khoản,Mobile,1.0,5.0,0
3357,2025-04-05,1468,39.0,Nữ,Hải Phòng,Organic,Thời trang,89000,3,0.126,267000,233452,47908,89728,Ví điện tử,Mobile,5.0,4.0,0
3358,2025-04-05,2796,18.0,Nam,Hà Nội,Organic,Sách,138000,4,0.047,552000,526314,87620,175834,COD,Mobile,2.0,5.0,0
3359,2025-04-05,2248,31.0,Nữ,Hà Nội,Facebook Ads,Sách,104000,3,0.176,312000,257184,67959,53307,Ví điện tử,Mobile,1.0,4.0,0
3360,2025-04-05,314,25.0,Nữ,Cần Thơ,Organic,Gia dụng,315000,4,0.048,1260000,1199627,188334,446291,Ví điện tử,Mobile,,3.0,0
3361,2025-04-06,2780,32.0,Nữ,TP.HCM,Organic,Điện tử,320000,4,0.052,1280000,1213665,227619,303189,COD,Mobile,3.0,4.0,0
3362,2025-04-06,5,44.0,Nữ,Cần Thơ,Google Ads,Thời trang,148000,4,0.055,592000,559467,78729,244551,Ví điện tử,Mobile,2.0,4.0,0
3363,2025-04-06,520,33.0,Nữ,Hà Nội,Email,Điện tử,235000,2,0.07,470000,437144,152020,133104,Ví điện tử,Mobile,1.0,4.0,0
3364,2025-04-06,1911,23.0,Nam,Hà Nội,Organic,Mỹ phẩm,205000,2,0.186,410000,333864,87817,158230,COD,Mobile,4.0,5.0,0
3365,2025-04-06,1054,26.0,Nam,Hà Nội,Organic,Mỹ phẩm,147000,3,0.081,441000,405483,70487,194022,COD,Mobile,2.0,4.0,0
3366,2025-04-06,158,28.0,Nữ,TP.HCM,Facebook Ads,Thời trang,200000,3,0.076,600000,554255,117515,201710,Chuyển khoản,Mobile,2.0,4.0,0
3367,2025-04-06,2808,41.0,Nam,TP.HCM,Google Ads,Điện tử,323000,2,0.08,646000,594457,238505,117447,Chuyển khoản,Mobile,3.0,5.0,0
3368,2025-04-06,993,26.0,Nữ,Cần Thơ,Organic,Điện tử,274000,1,0.157,274000,230935,197051,33884,Thẻ tín dụng,Desktop,6.0,4.0,0
3369,2025-04-06,2193,23.0,Nữ,Đà Nẵng,Google Ads,Gia dụng,174000,2,0.13,348000,302898,90369,122160,Ví điện tử,Desktop,2.0,3.0,0
3370,2025-04-06,183,21.0,Nam,TP.HCM,Facebook Ads,Thời trang,190000,2,0.12,380000,334238,103745,126748,Thẻ tín dụng,Mobile,,5.0,0
3371,2025-04-06,2066,33.0,Nữ,TP.HCM,Organic,Mỹ phẩm,152000,3,0.072,456000,423247,70231,212554,COD,Mobile,5.0,4.0,0
3372,2025-04-06,411,23.0,Nam,Hà Nội,Email,Thời trang,169000,6,0.129,1014000,883330,90641,339484,Ví điện tử,Mobile,1.0,4.0,0
3373,2025-04-06,1412,27.0,Nam,Đà Nẵng,Facebook Ads,Sách,95000,3,0.099,285000,256781,62081,70538,Thẻ tín dụng,Tablet,4.0,4.0,0
3374,2025-04-06,2353,47.0,Nữ,Đà Nẵng,Google Ads,Thời trang,145000,2,0.177,290000,238540,78180,82180,COD,Tablet,2.0,5.0,0
3375,2025-04-06,1716,34.0,Nữ,Đà Nẵng,Facebook Ads,Điện tử,213000,5,0.15,1065000,905474,159310,108924,Ví điện tử,Desktop,3.0,5.0,0
3376,2025-04-06,1642,41.0,Nữ,Đà Nẵng,Facebook Ads,Thời trang,172000,3,0.063,516000,483534,92566,205836,COD,Tablet,3.0,4.0,1
3377,2025-04-07,1254,29.0,Nữ,Cần Thơ,Organic,Điện tử,672000,2,0.073,1344000,1245959,512765,220429,COD,Mobile,3.0,5.0,0
3378,2025-04-07,1719,39.0,Nam,TP.HCM,Facebook Ads,Điện tử,536000,2,0.087,1072000,978845,417312,144221,Ví điện tử,Desktop,2.0,4.0,0
3379,2025-04-07,1054,26.0,Nam,TP.HCM,Organic,Gia dụng,437000,4,0.073,1748000,1619693,247800,628493,Ví điện tử,Desktop,5.0,3.0,0
3380,2025-04-07,2286,54.0,Nữ,Cần Thơ,Facebook Ads,Điện tử,249000,3,0.046,747000,712681,186045,154546,Thẻ tín dụng,Desktop,3.0,4.0,0
3381,2025-04-07,671,34.0,Nữ,Hà Nội,Organic,Gia dụng,348000,2,0.053,696000,659144,218811,221522,COD,Desktop,1.0,5.0,0
3382,2025-04-07,805,31.0,Nam,Đà Nẵng,Google Ads,Gia dụng,283000,2,0.05,566000,537889,159824,218241,Ví điện tử,Mobile,1.0,5.0,0
3383,2025-04-07,15,47.0,Nữ,Hải Phòng,Organic,Thời trang,266000,2,0.094,532000,481856,145793,190270,Chuyển khoản,Mobile,3.0,5.0,0
3384,2025-04-07,51,23.0,Nữ,Hải Phòng,Google Ads,Gia dụng,263000,3,0.023,789000,770626,160685,288571,Thẻ tín dụng,Mobile,8.0,3.0,0
3385,2025-04-07,2326,37.0,Nữ,Hà Nội,Facebook Ads,Thực phẩm,119000,3,0.177,357000,293753,90076,23525,COD,Desktop,1.0,5.0,0
3386,2025-04-07,3142,27.0,Nam,Hà Nội,Facebook Ads,Thời trang,103000,2,0.058,206000,194147,58339,77469,COD,Mobile,1.0,5.0,0
3387,2025-04-07,2636,24.0,Nam,TP.HCM,Facebook Ads,Sách,101000,3,0.071,303000,281410,67084,80158,COD,Desktop,8.0,3.0,0
3388,2025-04-07,3154,33.0,Nam,Cần Thơ,Google Ads,Điện tử,256000,4,0.101,1024000,920526,177727,209618,Thẻ tín dụng,Mobile,1.0,4.0,0
3389,2025-04-07,387,43.0,Nữ,Cần Thơ,Google Ads,Thời trang,150000,4,0.215,600000,470892,77143,162320,Ví điện tử,Mobile,1.0,5.0,0
3390,2025-04-07,1697,42.0,Nữ,Hà Nội,Organic,Mỹ phẩm,191000,8,0.019,1528000,1498543,85582,813887,Thẻ tín dụng,Desktop,6.0,3.0,0
3391,2025-04-08,1523,42.0,Nam,TP.HCM,Google Ads,Thời trang,230000,2,0.096,460000,416057,130812,154433,Thẻ tín dụng,Mobile,7.0,3.0,0
3392,2025-04-08,352,18.0,Nữ,Hà Nội,Google Ads,Thời trang,222000,7,0.102,1554000,1396046,127683,502265,Thẻ tín dụng,Mobile,3.0,,0
3393,2025-04-08,1779,38.0,Nam,Hà Nội,Facebook Ads,Điện tử,175000,2,0.092,350000,317930,127777,62376,COD,Desktop,3.0,4.0,1
3394,2025-04-08,3067,33.0,Nữ,Cần Thơ,Organic,Thời trang,87000,3,0.099,261000,235031,52803,76622,COD,Mobile,1.0,4.0,0
3395,2025-04-08,1819,31.0,Nam,Hải Phòng,Organic,Mỹ phẩm,155000,3,0.072,465000,431353,75079,206116,Chuyển khoản,Desktop,5.0,3.0,0
3396,2025-04-08,459,61.0,Nữ,Cần Thơ,Email,Điện tử,342000,2,0.107,684000,610901,237908,135085,Chuyển khoản,Mobile,3.0,4.0,0
3397,2025-04-08,571,27.0,Nữ,Hà Nội,Organic,Điện tử,468000,4,0.1,1872000,1685515,340303,324303,Chuyển khoản,Tablet,1.0,5.0,0
3398,2025-04-08,422,40.0,Nam,Hà Nội,Facebook Ads,Thời trang,128000,5,0.178,640000,526307,71652,168047,Ví điện tử,Mobile,1.0,4.0,0
3399,2025-04-08,890,30.0,Nam,Đà Nẵng,Facebook Ads,Thời trang,163000,5,0.097,815000,735731,88628,292591,Ví điện tử,Mobile,3.0,4.0,0
3400,2025-04-08,2165,46.0,Nữ,TP.HCM,Google Ads,Gia dụng,105000,4,0.1,420000,377793,67410,108153,COD,Mobile,1.0,5.0,0
3401,2025-04-09,1920,34.0,Nữ,Hà Nội,Facebook Ads,Thực phẩm,106000,3,0.083,318000,291674,74477,68243,Thẻ tín dụng,Mobile,2.0,4.0,0
3402,2025-04-09,1399,32.0,Nữ,Cần Thơ,Organic,Điện tử,339000,6,0.162,2034000,1703910,241538,254682,COD,Mobile,0.0,5.0,0
3403,2025-04-09,2718,27.0,Nam,Đà Nẵng,Facebook Ads,Gia dụng,328000,3,0.121,984000,864980,181983,319031,COD,Mobile,1.0,5.0,0
3404,2025-04-09,3015,32.0,Nữ,Hà Nội,Google Ads,Thời trang,185000,2,0.057,370000,349045,90287,168471,Thẻ tín dụng,Mobile,4.0,4.0,0
3405,2025-04-09,443,18.0,Nữ,Hải Phòng,Facebook Ads,Gia dụng,222000,3,0.066,666000,621759,127813,238320,Thẻ tín dụng,Tablet,3.0,5.0,0
3406,2025-04-09,2731,28.0,Nữ,Hải Phòng,Organic,Thời trang,82000,6,0.069,492000,458054,47320,174134,COD,Desktop,6.0,3.0,0
3407,2025-04-09,150,18.0,Nữ,TP.HCM,Facebook Ads,Điện tử,286000,4,0.035,1144000,1103500,202132,294972,COD,Mobile,3.0,5.0,0
3408,2025-04-10,123,37.0,Nữ,Hải Phòng,Organic,Thời trang,138000,7,0.051,966000,916937,79803,358316,Thẻ tín dụng,Tablet,3.0,3.0,0
3409,2025-04-10,1900,43.0,Nữ,Đà Nẵng,Google Ads,Thời trang,242000,4,0.07,968000,900018,130967,376150,COD,Mobile,8.0,2.0,0
3410,2025-04-11,1298,18.0,Nữ,Hải Phòng,Email,Điện tử,429000,3,0.105,1287000,1151658,292740,273438,COD,Mobile,1.0,5.0,0
3411,2025-04-11,2281,28.0,Nam,TP.HCM,Facebook Ads,Gia dụng,199000,1,0.166,199000,165971,138670,27301,COD,Mobile,1.0,4.0,0
3412,2025-04-11,911,45.0,Nam,TP.HCM,Facebook Ads,Thời trang,172000,7,0.018,1204000,1182002,84291,591965,Chuyển khoản,Desktop,6.0,3.0,0
3413,2025-04-11,2385,25.0,Nữ,TP.HCM,Organic,Sách,66000,5,0.051,330000,313041,40097,112556,Ví điện tử,Mobile,1.0,5.0,0
3414,2025-04-11,1269,36.0,Nữ,Hà Nội,Organic,Thời trang,133000,6,0.128,798000,695654,73647,253772,Ví điện tử,Tablet,1.0,4.0,0
3415,2025-04-12,1924,37.0,Nữ,Hải Phòng,Facebook Ads,Điện tử,124000,5,0.007,620000,615894,96967,131059,COD,Mobile,8.0,4.0,0
3416,2025-04-12,680,38.0,Nữ,Hà Nội,Facebook Ads,Điện tử,193000,6,0.057,1158000,1091681,150294,189917,COD,Mobile,0.0,5.0,0
3417,2025-04-12,2315,39.0,Nam,TP.HCM,Google Ads,Gia dụng,253000,6,0.135,1518000,1313000,162080,340520,COD,Mobile,1.0,5.0,0
3418,2025-04-12,2742,44.0,Nữ,Hà Nội,Organic,Thời trang,114000,5,0.127,570000,497466,62304,185946,Thẻ tín dụng,Desktop,5.0,1.0,0
3419,2025-04-12,894,25.0,Nữ,TP.HCM,Facebook Ads,Thực phẩm,121000,3,0.088,363000,330943,84771,76630,Chuyển khoản,Desktop,1.0,4.0,0
3420,2025-04-12,2011,27.0,Nam,TP.HCM,Facebook Ads,Điện tử,190000,4,0.029,760000,738251,113882,282723,Thẻ tín dụng,Mobile,1.0,5.0,0
3421,2025-04-12,510,31.0,Nữ,TP.HCM,Facebook Ads,Mỹ phẩm,186000,5,0.05,930000,883537,96199,402542,Thẻ tín dụng,Mobile,3.0,4.0,0
3422,2025-04-12,898,29.0,Nam,TP.HCM,Google Ads,Mỹ phẩm,354000,4,0.09,1416000,1288242,153512,674194,COD,Mobile,1.0,4.0,0
3423,2025-04-12,45,18.0,Nữ,Hà Nội,Google Ads,Thời trang,131000,3,0.093,393000,356370,67606,153552,Ví điện tử,Mobile,0.0,4.0,0
3424,2025-04-12,2519,41.0,Nữ,TP.HCM,Organic,Gia dụng,246000,4,0.083,984000,902556,151818,295284,Chuyển khoản,Mobile,1.0,4.0,0
3425,2025-04-12,3092,42.0,Nữ,Đà Nẵng,Facebook Ads,Mỹ phẩm,247000,3,0.189,741000,601238,111195,267653,Chuyển khoản,Mobile,1.0,4.0,0
3426,2025-04-13,1511,43.0,Nam,Hà Nội,Organic,Điện tử,351000,3,0.197,1053000,845128,237320,133168,Ví điện tử,Mobile,3.0,4.0,0
3427,2025-04-13,1108,46.0,Nữ,Đà Nẵng,Facebook Ads,Gia dụng,429000,6,0.135,2574000,2226150,248806,733314,Ví điện tử,Mobile,1.0,5.0,0
3428,2025-04-13,2918,37.0,Nữ,TP.HCM,Facebook Ads,Thời trang,251000,3,0.075,753000,696588,123240,326868,COD,Mobile,5.0,,0
3429,2025-04-13,603,41.0,Nam,Hà Nội,Email,Điện tử,149000,6,0.102,894000,803095,100130,202315,Thẻ tín dụng,Desktop,1.0,4.0,0
3430,2025-04-13,2510,39.0,Nữ,Hà Nội,Google Ads,Mỹ phẩm,148000,2,0.026,296000,288194,68061,152072,Chuyển khoản,Mobile,1.0,4.0,0
3431,2025-04-13,2251,35.0,Nữ,TP.HCM,Organic,Sách,76000,4,0.109,304000,270893,49282,73765,COD,Mobile,2.0,3.0,0
3432,2025-04-13,2181,18.0,Nữ,Hà Nội,Google Ads,Mỹ phẩm,296000,3,0.164,888000,742065,145842,304539,Ví điện tử,Mobile,2.0,5.0,0
3433,2025-04-13,1056,44.0,Nữ,Hà Nội,Organic,Điện tử,191000,5,0.054,955000,903258,141930,193608,Ví điện tử,Mobile,0.0,4.0,0
3434,2025-04-13,2385,25.0,Nữ,Cần Thơ,Organic,Thời trang,220000,3,0.028,660000,641338,110540,309718,Thẻ tín dụng,Mobile,3.0,4.0,0
3435,2025-04-13,339,41.0,Nữ,TP.HCM,Google Ads,Điện tử,310000,4,0.138,1240000,1068846,227592,158478,Ví điện tử,Mobile,6.0,3.0,1
3436,2025-04-13,2073,43.0,Nữ,Hà Nội,Google Ads,Thời trang,143000,7,0.128,1001000,873073,82873,292962,COD,Mobile,1.0,5.0,0
3437,2025-04-13,2989,43.0,Nữ,Hà Nội,Email,Thực phẩm,84000,1,0.111,84000,74685,57825,16860,Thẻ tín dụng,Mobile,2.0,4.0,0
3438,2025-04-13,1790,37.0,Nam,Cần Thơ,Organic,Điện tử,400000,4,0.117,1600000,1412908,306072,188620,Ví điện tử,Mobile,1.0,5.0,0
3439,2025-04-13,2958,34.0,Nữ,Cần Thơ,Facebook Ads,Thời trang,130000,5,0.046,650000,620402,72372,258542,COD,Mobile,3.0,4.0,0
3440,2025-04-14,1454,43.0,Nam,TP.HCM,Referral,Điện tử,370000,5,0.124,1850000,1620385,263722,301775,Chuyển khoản,Mobile,3.0,4.0,0
3441,2025-04-14,2975,19.0,Nữ,Hà Nội,Organic,Thực phẩm,120000,2,0.216,240000,188107,91326,5455,Ví điện tử,Mobile,2.0,4.0,0
3442,2025-04-14,359,34.0,Nữ,Cần Thơ,Organic,Điện tử,379000,3,0.085,1137000,1039808,273728,218624,Thẻ tín dụng,Mobile,1.0,5.0,0
3443,2025-04-14,2626,18.0,Nữ,TP.HCM,Facebook Ads,Thời trang,123000,6,0.071,738000,685252,71857,254110,Ví điện tử,Mobile,1.0,4.0,0
3444,2025-04-14,1251,46.0,Nữ,Hà Nội,Email,Thực phẩm,148000,3,0.137,444000,383175,106558,63501,Thẻ tín dụng,Desktop,3.0,5.0,0
3445,2025-04-14,2398,25.0,Nữ,TP.HCM,Email,Mỹ phẩm,309000,5,0.043,1545000,1478732,131715,820157,Thẻ tín dụng,Desktop,2.0,5.0,0
3446,2025-04-14,1059,32.0,Nữ,Hải Phòng,Google Ads,Gia dụng,214000,7,0.192,1498000,1210141,132963,279400,Thẻ tín dụng,Desktop,2.0,5.0,0
3447,2025-04-14,870,32.0,Nữ,Cần Thơ,Google Ads,Mỹ phẩm,180000,5,0.087,900000,821319,80163,420504,Ví điện tử,Desktop,4.0,5.0,0
3448,2025-04-15,897,18.0,Nữ,Hà Nội,Facebook Ads,Mỹ phẩm,160000,1,0.049,160000,152147,72633,79514,COD,Mobile,3.0,5.0,0
3449,2025-04-15,1738,33.0,Nữ,Hà Nội,Referral,Gia dụng,214000,3,0.064,642000,600833,120908,238109,Thẻ tín dụng,Desktop,1.0,4.0,0
3450,2025-04-15,721,22.0,Nữ,Đà Nẵng,Organic,Thực phẩm,120000,3,0.053,360000,341081,93639,60164,Ví điện tử,Tablet,2.0,3.0,0
3451,2025-04-15,2804,41.0,Nam,TP.HCM,Facebook Ads,Thực phẩm,124000,1,0.039,124000,119195,91686,27509,COD,Mobile,5.0,4.0,0
3452,2025-04-15,160,44.0,Nam,Đà Nẵng,Organic,Điện tử,423000,2,0.185,846000,689267,288156,112955,COD,Mobile,6.0,4.0,0
3453,2025-04-15,914,37.0,Nữ,Đà Nẵng,Facebook Ads,Mỹ phẩm,293000,1,0.069,293000,272736,135227,137509,Ví điện tử,Mobile,4.0,4.0,0
3454,2025-04-15,1257,18.0,Nữ,Hà Nội,Google Ads,Gia dụng,199000,5,0.183,995000,813323,116060,233023,Thẻ tín dụng,Mobile,3.0,4.0,0
3455,2025-04-15,552,30.0,Nữ,Cần Thơ,Facebook Ads,Điện tử,283000,3,0.144,849000,726503,208401,101300,Thẻ tín dụng,Mobile,1.0,4.0,0
3456,2025-04-16,2750,48.0,Nữ,Cần Thơ,Google Ads,Sách,94000,7,0.116,658000,581495,58136,174543,COD,Mobile,1.0,5.0,0
3457,2025-04-16,2980,30.0,Nữ,Đà Nẵng,Referral,Mỹ phẩm,284000,3,0.121,852000,748777,145201,313174,Ví điện tử,Desktop,0.0,4.0,0
3458,2025-04-16,1895,38.0,Nữ,TP.HCM,Facebook Ads,Sách,68000,4,0.136,272000,234970,42837,63622,COD,Mobile,1.0,4.0,0
3459,2025-04-16,670,36.0,Nữ,TP.HCM,Organic,Gia dụng,268000,1,0.189,268000,217239,156384,60855,COD,Mobile,2.0,5.0,0
3460,2025-04-16,1816,41.0,Nam,Hà Nội,Facebook Ads,Thời trang,85000,3,0.093,255000,231332,46401,92129,Ví điện tử,Desktop,6.0,3.0,0
3461,2025-04-17,1381,31.0,Nữ,Cần Thơ,Organic,Thời trang,208000,5,0.209,1040000,822151,114606,249121,Thẻ tín dụng,Mobile,2.0,5.0,0
3462,2025-04-17,3143,27.0,Nữ,Đà Nẵng,Google Ads,Thời trang,205000,4,0.038,820000,789170,107215,360310,Ví điện tử,Desktop,0.0,4.0,0
3463,2025-04-17,1667,34.0,Nam,Hải Phòng,Email,Gia dụng,261000,3,0.064,783000,733233,152005,277218,Thẻ tín dụng,Desktop,4.0,,0
3464,2025-04-17,1889,31.0,Nam,Hải Phòng,Facebook Ads,Thời trang,123000,7,0.096,861000,778217,63932,330693,COD,Mobile,3.0,4.0,0
3465,2025-04-17,2074,50.0,Nữ,TP.HCM,Facebook Ads,Thời trang,171000,5,0.114,855000,757211,87452,319951,COD,Mobile,,3.0,0
3466,2025-04-17,2319,43.0,Nữ,Hà Nội,Organic,Thực phẩm,117000,4,0.087,468000,427278,75191,126514,Thẻ tín dụng,Mobile,2.0,5.0,0
3467,2025-04-17,3155,32.0,Nam,Hà Nội,Facebook Ads,Sách,75000,1,0.079,75000,69083,46236,22847,Ví điện tử,Mobile,3.0,4.0,0
3468,2025-04-17,1531,29.0,Nam,Đà Nẵng,Organic,Gia dụng,250000,1,0.042,250000,239548,158065,81483,Thẻ tín dụng,Mobile,1.0,4.0,1
3469,2025-04-17,1169,18.0,Nữ,TP.HCM,Google Ads,Mỹ phẩm,261000,2,0.037,522000,502902,121459,259984,Ví điện tử,Desktop,1.0,4.0,0
3470,2025-04-17,2466,18.0,Nữ,Cần Thơ,Facebook Ads,Mỹ phẩm,161000,3,0.087,483000,441038,68252,236282,Ví điện tử,Desktop,1.0,4.0,0
3471,2025-04-18,2853,18.0,Nữ,Đà Nẵng,Organic,Thời trang,293000,1,0.039,293000,281621,156585,125036,COD,Mobile,1.0,5.0,0
3472,2025-04-18,1834,,Nữ,Hải Phòng,Organic,Điện tử,448000,4,0.137,1792000,1546005,328721,231121,Thẻ tín dụng,Desktop,2.0,4.0,0
3473,2025-04-18,1933,23.0,Nam,TP.HCM,Google Ads,Gia dụng,309000,1,0.157,309000,260476,190550,69926,Thẻ tín dụng,Mobile,1.0,4.0,0
3474,2025-04-18,2896,27.0,Nam,Đà Nẵng,Facebook Ads,Thời trang,141000,4,0.065,564000,527253,79255,210233,Thẻ tín dụng,Mobile,3.0,3.0,0
3475,2025-04-18,1032,24.0,Nữ,Hà Nội,Google Ads,Điện tử,400000,3,0.169,1200000,997235,301386,93077,Chuyển khoản,Mobile,3.0,4.0,0
3476,2025-04-18,3049,29.0,Nữ,Cần Thơ,Organic,Thời trang,109000,3,0.097,327000,295234,60266,114436,Ví điện tử,Mobile,5.0,3.0,1
3477,2025-04-19,2479,39.0,Nữ,TP.HCM,Facebook Ads,Mỹ phẩm,200000,8,0.213,1600000,1258631,94019,506479,Ví điện tử,Tablet,,5.0,0
3478,2025-04-19,408,51.0,Nam,Đà Nẵng,Organic,Thời trang,128000,2,0.006,256000,254529,67909,118711,COD,Mobile,2.0,4.0,0
3479,2025-04-19,1458,20.0,Nữ,Hải Phòng,Organic,Thực phẩm,99000,7,0.073,693000,642323,66935,173778,COD,Mobile,1.0,4.0,0
3480,2025-04-19,2828,28.0,Nam,TP.HCM,Organic,Mỹ phẩm,264000,4,0.012,1056000,1042974,118601,568570,Thẻ tín dụng,Mobile,1.0,4.0,0
3481,2025-04-19,638,22.0,Nữ,TP.HCM,Organic,Thời trang,148000,4,0.104,592000,530247,82149,201651,Thẻ tín dụng,Mobile,4.0,4.0,0
3482,2025-04-19,1800,18.0,Nữ,Hà Nội,Referral,Thời trang,101000,4,0.299,404000,283312,52028,75200,Ví điện tử,Mobile,3.0,3.0,0
3483,2025-04-19,2580,26.0,Nữ,TP.HCM,Facebook Ads,Điện tử,343000,3,0.152,1029000,872498,239696,153410,Thẻ tín dụng,Mobile,2.0,4.0,0
3484,2025-04-19,1401,56.0,Nữ,TP.HCM,Organic,Thời trang,180000,6,0.103,1080000,968765,96549,389471,COD,Tablet,4.0,4.0,0
3485,2025-04-20,472,45.0,Nam,Hà Nội,Email,Thời trang,149000,3,0.179,447000,366873,75707,139752,COD,Tablet,3.0,4.0,0
3486,2025-04-20,2447,23.0,Nam,Hà Nội,Facebook Ads,Thời trang,119000,3,0.095,357000,322955,66291,124082,Thẻ tín dụng,Mobile,4.0,3.0,0
3487,2025-04-20,505,35.0,Nam,Hà Nội,Referral,Thời trang,138000,2,0.023,276000,269647,76895,115857,Thẻ tín dụng,Mobile,4.0,4.0,0
3488,2025-04-20,142,23.0,Nữ,TP.HCM,Email,Thời trang,169000,4,0.066,676000,631672,88662,277024,Chuyển khoản,Mobile,1.0,5.0,0
3489,2025-04-20,968,50.0,Nam,TP.HCM,Organic,Điện tử,230000,3,0.02,690000,676362,162457,188991,Chuyển khoản,Mobile,2.0,5.0,0
3490,2025-04-20,1522,30.0,Nam,TP.HCM,Facebook Ads,Điện tử,300000,4,0.032,1200000,1161780,217515,291720,COD,Desktop,4.0,5.0,0
3491,2025-04-20,2333,25.0,Nam,TP.HCM,Facebook Ads,Thực phẩm,102000,4,0.01,408000,403892,77009,95856,COD,Desktop,7.0,4.0,0
3492,2025-04-20,509,37.0,Nam,Đà Nẵng,Facebook Ads,Thời trang,184000,4,0.006,736000,731491,100017,331423,COD,Mobile,4.0,4.0,0
3493,2025-04-20,255,30.0,Nữ,Cần Thơ,Google Ads,Mỹ phẩm,106000,3,0.13,318000,276567,50934,123765,COD,Mobile,3.0,4.0,0
3494,2025-04-20,167,41.0,Nam,TP.HCM,Facebook Ads,Thực phẩm,174000,4,0.139,696000,599398,123374,105902,Thẻ tín dụng,Mobile,5.0,3.0,0
3495,2025-04-20,1729,,Nữ,TP.HCM,Facebook Ads,Điện tử,389000,2,0.125,778000,680618,294100,92418,Thẻ tín dụng,Desktop,1.0,4.0,0
3496,2025-04-21,2255,31.0,Nữ,TP.HCM,Organic,Thời trang,125000,5,0.072,625000,580223,67432,243063,COD,Tablet,3.0,3.0,0
3497,2025-04-21,70,46.0,Nữ,Hà Nội,Facebook Ads,Thời trang,234000,5,0.269,1170000,855649,118463,263334,COD,Mobile,1.0,5.0,0
3498,2025-04-21,1249,33.0,Nam,Hà Nội,Facebook Ads,Mỹ phẩm,137000,1,0.095,137000,124044,62635,61409,Chuyển khoản,Desktop,4.0,4.0,0
3499,2025-04-21,276,40.0,Nữ,Hà Nội,Email,Thời trang,109000,4,0.077,436000,402486,61900,154886,Thẻ tín dụng,Desktop,1.0,4.0,0
3500,2025-04-21,1025,36.0,Nữ,TP.HCM,Referral,Thời trang,129000,6,0.068,774000,721626,73857,278484,Ví điện tử,Desktop,0.0,5.0,0
3501,2025-04-21,2591,37.0,Nam,Cần Thơ,Referral,Điện tử,271000,2,0.048,542000,515928,177799,160330,Ví điện tử,Mobile,,5.0,0
3502,2025-04-21,2546,23.0,Nam,TP.HCM,Facebook Ads,Mỹ phẩm,245000,8,0.024,1960000,1913247,113158,1007983,Ví điện tử,Desktop,3.0,3.0,0
3503,2025-04-22,3054,41.0,Nam,Hà Nội,Referral,Thời trang,179000,3,0.129,537000,467886,94347,184845,Chuyển khoản,Mobile,4.0,4.0,0
3504,2025-04-22,2401,27.0,Nữ,Hải Phòng,Google Ads,Điện tử,689000,5,0.03,3445000,3342540,475023,967425,COD,Desktop,9.0,3.0,0
3505,2025-04-22,3054,41.0,Nam,TP.HCM,Organic,Sách,97000,4,0.058,388000,365517,62118,117045,COD,Mobile,2.0,,0
3506,2025-04-22,1251,46.0,Nữ,TP.HCM,Facebook Ads,Thời trang,82000,2,0.071,164000,152285,43876,64533,Ví điện tử,Mobile,2.0,5.0,0
3507,2025-04-22,989,18.0,Nam,TP.HCM,Facebook Ads,Mỹ phẩm,235000,2,0.209,470000,371955,106241,159473,COD,Desktop,1.0,3.0,0
3508,2025-04-22,1859,18.0,Nam,Hà Nội,Organic,Thời trang,275000,2,0.106,550000,491762,158922,173918,Chuyển khoản,Desktop,5.0,4.0,0
3509,2025-04-23,541,25.0,Nữ,Đà Nẵng,Organic,Thời trang,129000,5,0.126,645000,563680,75442,186470,COD,Desktop,3.0,5.0,0
3510,2025-04-23,2068,22.0,Nam,Cần Thơ,Google Ads,Gia dụng,204000,3,0.042,612000,586237,126977,205306,Chuyển khoản,Mobile,1.0,4.0,0
3511,2025-04-23,1992,45.0,Nữ,Hải Phòng,Referral,Điện tử,307000,3,0.119,921000,811660,226899,130963,COD,Mobile,2.0,,0
3512,2025-04-23,349,18.0,Nữ,TP.HCM,Organic,Mỹ phẩm,203000,4,0.052,812000,769395,91469,403519,COD,Mobile,2.0,5.0,0
3513,2025-04-24,37,38.0,Nam,Hà Nội,Google Ads,Gia dụng,198000,6,0.129,1188000,1034290,123766,291694,Thẻ tín dụng,Mobile,1.0,4.0,0
3514,2025-04-24,3178,32.0,Nữ,Đà Nẵng,Referral,Điện tử,177000,3,0.086,531000,485290,142226,58612,Ví điện tử,Mobile,4.0,,0
3515,2025-04-24,575,18.0,Nam,Đà Nẵng,Google Ads,Thực phẩm,94000,3,0.012,282000,278496,63594,87714,Chuyển khoản,Mobile,1.0,4.0,0
3516,2025-04-25,3168,58.0,Nữ,Hải Phòng,Google Ads,Điện tử,371000,1,0.191,371000,300003,270929,29074,Chuyển khoản,Mobile,,4.0,0
3517,2025-04-25,3077,29.0,Nam,TP.HCM,Organic,Thời trang,215000,5,0.031,1075000,1041758,116656,458478,Ví điện tử,Mobile,0.0,4.0,0
3518,2025-04-25,443,18.0,Nữ,Hà Nội,Email,Gia dụng,160000,1,0.242,160000,121255,93710,27545,COD,Mobile,1.0,4.0,0
3519,2025-04-25,440,36.0,Nữ,Đà Nẵng,Google Ads,Thời trang,166000,1,0.12,166000,146047,86387,59660,COD,Desktop,2.0,5.0,0
3520,2025-04-25,58,36.0,Nữ,TP.HCM,Google Ads,Điện tử,550000,6,0.042,3300000,3160001,385054,849677,Ví điện tử,Tablet,2.0,4.0,0
3521,2025-04-25,1084,39.0,Nữ,Hải Phòng,Organic,Thực phẩm,141000,3,0.067,423000,394630,87701,131527,Ví điện tử,Mobile,4.0,4.0,0
3522,2025-04-25,1549,20.0,Nam,Hà Nội,Referral,Sách,92000,2,0.084,184000,168627,58990,50647,Thẻ tín dụng,Desktop,2.0,4.0,0
3523,2025-04-26,201,18.0,Nữ,Đà Nẵng,Email,Mỹ phẩm,196000,4,0.07,784000,729220,85144,388644,Ví điện tử,Mobile,2.0,4.0,0
3524,2025-04-26,2485,45.0,Nữ,TP.HCM,Organic,Thời trang,214000,4,0.048,856000,814815,117953,343003,Ví điện tử,Mobile,5.0,4.0,0
3525,2025-04-26,2411,28.0,Nam,TP.HCM,Google Ads,Thực phẩm,97000,2,0.1,194000,174646,62670,49306,Ví điện tử,Mobile,1.0,4.0,0
3526,2025-04-26,1055,39.0,Nam,Hà Nội,Facebook Ads,Gia dụng,146000,2,0.116,292000,258189,90975,76239,COD,Mobile,3.0,3.0,0
3527,2025-04-26,2661,24.0,Nữ,Hải Phòng,Google Ads,Gia dụng,284000,3,0.135,852000,737239,176035,209134,COD,Tablet,3.0,4.0,0
3528,2025-04-26,359,34.0,Nữ,Hải Phòng,Referral,Thực phẩm,99000,4,0.208,396000,313824,68084,41488,Thẻ tín dụng,Mobile,0.0,,0
3529,2025-04-27,2725,33.0,Nữ,TP.HCM,Organic,Gia dụng,181000,2,0.131,362000,314709,107950,98809,Ví điện tử,Mobile,1.0,4.0,0
3530,2025-04-27,1898,21.0,Nữ,Hà Nội,Email,Sách,90000,3,0.114,270000,239098,57367,66997,Chuyển khoản,Desktop,3.0,4.0,1
3531,2025-04-27,3246,30.0,Nữ,Hà Nội,Organic,Thời trang,124000,5,0.053,620000,587154,69165,241329,Thẻ tín dụng,Desktop,2.0,4.0,0
3532,2025-04-27,2313,32.0,Nam,Cần Thơ,Email,Mỹ phẩm,259000,5,0.133,1295000,1123356,109712,574796,Ví điện tử,Mobile,2.0,4.0,0
3533,2025-04-27,2983,27.0,Nam,Hà Nội,Referral,Gia dụng,272000,3,0.099,816000,734842,172804,216430,Chuyển khoản,Desktop,6.0,4.0,0
3534,2025-04-27,2692,35.0,Nam,TP.HCM,Google Ads,Điện tử,345000,2,0.139,690000,593931,252540,88851,COD,Mobile,3.0,4.0,1
3535,2025-04-27,1154,35.0,Nam,Đà Nẵng,Referral,Gia dụng,284000,2,0.049,568000,540181,179040,182101,Chuyển khoản,Mobile,4.0,3.0,1
3536,2025-04-27,1017,40.0,Nữ,TP.HCM,Google Ads,Gia dụng,230000,3,0.188,690000,560183,134458,156809,Chuyển khoản,Desktop,3.0,4.0,0
3537,2025-04-27,3196,35.0,Nữ,TP.HCM,Email,Gia dụng,278000,4,0.027,1112000,1081422,168362,407974,COD,Mobile,1.0,5.0,1
3538,2025-04-27,3191,46.0,Nữ,TP.HCM,Referral,Thời trang,216000,2,0.083,432000,395994,112205,171584,COD,Desktop,4.0,3.0,0
3539,2025-04-27,603,41.0,Nam,Hải Phòng,Email,Thời trang,259000,3,0.063,777000,727693,162153,241234,COD,Mobile,3.0,4.0,0
3540,2025-04-27,2541,18.0,Nữ,TP.HCM,Referral,Thời trang,244000,5,0.166,1220000,1017860,140763,314045,Ví điện tử,Mobile,3.0,5.0,0
3541,2025-04-28,844,37.0,Nữ,TP.HCM,Referral,Gia dụng,236000,3,0.119,708000,624060,140576,202332,Thẻ tín dụng,Tablet,0.0,5.0,0
3542,2025-04-28,818,46.0,Nam,Hải Phòng,Google Ads,Thời trang,134000,4,0.07,536000,498434,75465,196574,Ví điện tử,Desktop,3.0,3.0,1
3543,2025-04-28,941,33.0,Nữ,TP.HCM,Organic,Mỹ phẩm,226000,3,0.014,678000,668394,105994,350412,Ví điện tử,Mobile,6.0,3.0,0
3544,2025-04-28,1688,27.0,Nam,Cần Thơ,Organic,Thời trang,194000,3,0.097,582000,525541,102925,216766,Ví điện tử,Mobile,3.0,3.0,0
3545,2025-04-29,2444,29.0,Nam,Đà Nẵng,Facebook Ads,Thời trang,154000,3,0.097,462000,417110,84412,163874,Thẻ tín dụng,Mobile,1.0,5.0,0
3546,2025-04-29,1388,36.0,Nữ,TP.HCM,Facebook Ads,Thời trang,299000,1,0.042,299000,286450,172794,113656,Thẻ tín dụng,Mobile,2.0,5.0,0
3547,2025-04-29,3133,34.0,Nam,Hà Nội,Organic,Gia dụng,289000,1,0.126,289000,252651,184179,68472,Chuyển khoản,Mobile,1.0,,0
3548,2025-04-29,454,32.0,Nữ,TP.HCM,Referral,Điện tử,153000,6,0.181,918000,751684,99024,157540,Thẻ tín dụng,Desktop,1.0,5.0,0
3549,2025-04-29,1679,30.0,Nữ,TP.HCM,Organic,Sách,82000,3,0.11,246000,219025,55839,51508,COD,Mobile,3.0,3.0,0
3550,2025-04-29,1568,41.0,Nữ,Hải Phòng,Facebook Ads,Thời trang,108000,2,0.156,216000,182228,57313,67602,COD,Tablet,3.0,4.0,0
3551,2025-04-29,403,32.0,Nam,Hải Phòng,Referral,Thời trang,143000,5,0.087,715000,652449,78056,262169,COD,Desktop,5.0,3.0,0
3552,2025-04-29,3176,38.0,Nữ,Đà Nẵng,Google Ads,Mỹ phẩm,151000,4,0.08,604000,555875,71163,271223,COD,Desktop,3.0,3.0,0
3553,2025-04-29,140,40.0,Nữ,Hà Nội,Facebook Ads,Gia dụng,261000,3,0.068,783000,729414,158224,254742,COD,Desktop,4.0,3.0,0
3554,2025-04-29,2538,33.0,Nữ,Hà Nội,Organic,Điện tử,292000,7,0.09,2044000,1860427,223771,294030,Chuyển khoản,Mobile,1.0,5.0,0
3555,2025-04-30,3005,39.0,Nữ,Đà Nẵng,Referral,Điện tử,558000,6,0.094,3348000,3033308,385559,719954,Thẻ tín dụng,Desktop,,4.0,0
3556,2025-04-30,2178,26.0,Nam,Đà Nẵng,Google Ads,Điện tử,208000,2,0.139,416000,358132,157805,42522,Ví điện tử,Desktop,1.0,4.0,0
3557,2025-04-30,2076,38.0,Nữ,Hải Phòng,Organic,Gia dụng,182000,5,0.051,910000,863898,106700,330398,COD,Mobile,4.0,3.0,1
3558,2025-04-30,2687,35.0,Nam,Hải Phòng,Facebook Ads,Mỹ phẩm,201000,4,0.066,804000,750675,92767,379607,COD,Mobile,1.0,4.0,0
3559,2025-04-30,1436,32.0,Nam,TP.HCM,Email,Thời trang,191000,3,0.061,573000,538140,105504,221628,Chuyển khoản,Mobile,6.0,4.0,1
3560,2025-04-30,171,35.0,Nữ,TP.HCM,Facebook Ads,Thời trang,173000,5,0.034,865000,835758,101147,330023,Chuyển khoản,Mobile,3.0,4.0,0
3561,2025-04-30,2176,30.0,Nam,TP.HCM,Organic,Mỹ phẩm,141000,4,0.049,564000,536167,61451,290363,Thẻ tín dụng,Mobile,2.0,3.0,0
3562,2025-04-30,414,28.0,Nữ,TP.HCM,Facebook Ads,Điện tử,210000,4,0.091,840000,763370,161654,116754,COD,Mobile,1.0,4.0,0
3563,2025-04-30,1204,26.0,Nam,Hà Nội,Facebook Ads,Mỹ phẩm,200000,4,0.094,800000,725113,101795,317933,Thẻ tín dụng,Mobile,1.0,4.0,0
3564,2025-05-01,1097,45.0,Nữ,Hà Nội,Facebook Ads,Gia dụng,271000,4,0.081,1084000,996654,162969,344778,COD,Tablet,4.0,3.0,0
3565,2025-05-01,1104,37.0,Nữ,Hà Nội,Organic,Điện tử,426000,3,0.286,1278000,912909,356225,-155766,COD,Tablet,3.0,5.0,0
3566,2025-05-01,1047,29.0,Nam,Cần Thơ,Google Ads,Mỹ phẩm,239000,1,0.056,239000,225722,109664,116058,COD,Desktop,3.0,3.0,0
3567,2025-05-01,3059,25.0,Nam,Hà Nội,Organic,Điện tử,382000,6,0.133,2292000,1986156,296641,206310,Ví điện tử,Desktop,1.0,4.0,0
3568,2025-05-01,1888,41.0,Nam,TP.HCM,Facebook Ads,Sách,110000,4,0.071,440000,408955,71522,122867,COD,Tablet,,5.0,0
3569,2025-05-01,1394,21.0,Nữ,Hà Nội,Facebook Ads,Thực phẩm,136000,4,0.067,544000,507507,84997,167519,Ví điện tử,Desktop,,5.0,0
3570,2025-05-02,934,27.0,Nam,TP.HCM,Facebook Ads,Gia dụng,189000,3,0.137,567000,489138,113486,148680,COD,Desktop,4.0,3.0,0
3571,2025-05-02,2300,28.0,Nam,Hải Phòng,Organic,Gia dụng,168000,3,0.132,504000,437588,97503,145079,Ví điện tử,Mobile,2.0,4.0,0
3572,2025-05-02,1562,18.0,Nữ,TP.HCM,Google Ads,Thời trang,180000,6,0.087,1080000,986169,93240,426729,COD,Tablet,5.0,3.0,0
3573,2025-05-02,74,50.0,Nam,TP.HCM,Organic,Sách,69000,3,0.078,207000,190827,44820,56367,Thẻ tín dụng,Mobile,2.0,4.0,0
3574,2025-05-02,2991,18.0,Nam,Đà Nẵng,Organic,Mỹ phẩm,107000,5,0.103,535000,480093,49428,232953,COD,Mobile,4.0,5.0,0
3575,2025-05-02,2295,45.0,Nam,TP.HCM,Organic,Mỹ phẩm,219000,6,0.061,1314000,1233636,100481,630750,Ví điện tử,Mobile,2.0,5.0,0
3576,2025-05-02,113,37.0,Nữ,Hà Nội,Referral,Điện tử,248000,4,0.102,992000,890959,165799,227763,Thẻ tín dụng,Mobile,4.0,4.0,0
3577,2025-05-03,2052,45.0,Nam,TP.HCM,Referral,Thời trang,191000,4,0.042,764000,731850,99929,332134,Thẻ tín dụng,Desktop,0.0,5.0,0
3578,2025-05-03,226,28.0,Nam,TP.HCM,Organic,Điện tử,197000,3,0.142,591000,507194,147734,63992,Thẻ tín dụng,Desktop,2.0,5.0,0
3579,2025-05-03,1274,24.0,Nữ,Hà Nội,Referral,Gia dụng,262000,2,0.099,524000,472195,142622,186951,Thẻ tín dụng,Mobile,12.0,3.0,0
3580,2025-05-03,2586,26.0,Nam,TP.HCM,Google Ads,Gia dụng,173000,3,0.053,519000,491578,109863,161989,Chuyển khoản,Mobile,3.0,4.0,0
3581,2025-05-03,1715,39.0,Nữ,Hà Nội,Organic,Điện tử,519000,3,0.152,1557000,1320023,364049,227876,COD,Mobile,,4.0,0
3582,2025-05-03,2484,31.0,Nữ,TP.HCM,Facebook Ads,Sách,95000,4,0.033,380000,367592,60740,124632,COD,Tablet,1.0,5.0,0
3583,2025-05-03,844,37.0,Nữ,Đà Nẵng,Facebook Ads,Điện tử,277000,5,0.034,1385000,1337625,194593,364660,COD,Mobile,4.0,4.0,1
3584,2025-05-03,2727,37.0,Nữ,TP.HCM,Facebook Ads,Thực phẩm,108000,4,0.044,432000,412925,78507,98897,Thẻ tín dụng,Tablet,2.0,5.0,0
3585,2025-05-03,2941,30.0,Nam,Đà Nẵng,Facebook Ads,Điện tử,189000,5,0.126,945000,825782,136188,144842,Chuyển khoản,Tablet,4.0,4.0,0
3586,2025-05-03,127,37.0,Nam,Hà Nội,Organic,Gia dụng,328000,4,0.019,1312000,1287192,200465,485332,COD,Desktop,5.0,,1
3587,2025-05-03,2956,18.0,Nữ,Cần Thơ,Google Ads,Điện tử,256000,2,0.021,512000,501018,175548,149922,Ví điện tử,Mobile,4.0,4.0,0
3588,2025-05-03,1139,33.0,Nữ,TP.HCM,Google Ads,Gia dụng,167000,5,0.267,835000,611980,109398,64990,COD,Tablet,1.0,5.0,0
3589,2025-05-03,1211,40.0,Nữ,Hà Nội,Google Ads,Điện tử,289000,3,0.109,867000,772216,202302,165310,COD,Tablet,1.0,5.0,0
3590,2025-05-03,2570,26.0,Nữ,Hà Nội,Referral,Điện tử,544000,2,0.139,1088000,936273,405491,125291,COD,Desktop,2.0,4.0,0
3591,2025-05-03,1326,39.0,Nam,Hà Nội,Google Ads,Thời trang,129000,3,0.062,387000,362961,75204,137349,Ví điện tử,Mobile,2.0,5.0,0
3592,2025-05-04,1890,29.0,Nữ,Cần Thơ,Email,Sách,104000,4,0.039,416000,399754,68618,125282,Thẻ tín dụng,Desktop,4.0,4.0,0
3593,2025-05-04,3158,26.0,Nữ,Hà Nội,Organic,Mỹ phẩm,250000,3,0.161,750000,628875,123529,258288,Ví điện tử,Desktop,2.0,,0
3594,2025-05-04,2621,35.0,Nữ,Hà Nội,Facebook Ads,Thời trang,134000,2,0.153,268000,226963,76376,74211,Chuyển khoản,Mobile,7.0,4.0,0
3595,2025-05-04,454,32.0,Nữ,Đà Nẵng,Facebook Ads,Thời trang,142000,3,0.159,426000,358462,79085,121207,Thẻ tín dụng,Mobile,2.0,5.0,0
3596,2025-05-04,980,42.0,Nữ,TP.HCM,Referral,Thời trang,230000,4,0.145,920000,786390,135050,246190,COD,Mobile,3.0,5.0,0
3597,2025-05-04,159,42.0,Nam,Cần Thơ,Facebook Ads,Gia dụng,257000,4,0.131,1028000,893825,154324,276529,Ví điện tử,Mobile,3.0,3.0,1
3598,2025-05-04,2531,21.0,Nữ,Hải Phòng,Organic,Gia dụng,195000,2,0.135,390000,337412,115631,106150,Ví điện tử,Desktop,2.0,5.0,0
3599,2025-05-04,2205,37.0,Nam,Hải Phòng,Facebook Ads,Điện tử,478000,5,0.186,2390000,1946100,366263,114785,Ví điện tử,Mobile,7.0,4.0,0
3600,2025-05-04,1634,22.0,Nam,TP.HCM,Referral,Thời trang,115000,4,0.193,460000,371200,60401,129596,COD,Desktop,2.0,5.0,0
3601,2025-05-05,733,38.0,Nữ,Hà Nội,Organic,Thực phẩm,126000,3,0.052,378000,358176,80833,115677,Ví điện tử,Mobile,7.0,4.0,0
3602,2025-05-05,3163,30.0,Nữ,Hải Phòng,Referral,Gia dụng,142000,2,0.071,284000,263852,84281,95290,Thẻ tín dụng,Mobile,8.0,4.0,0
3603,2025-05-05,2492,31.0,Nam,Đà Nẵng,Organic,Mỹ phẩm,136000,5,0.09,680000,618979,61033,313814,Chuyển khoản,Mobile,1.0,5.0,0
3604,2025-05-05,3025,31.0,Nữ,Hà Nội,Google Ads,Mỹ phẩm,183000,5,0.11,915000,814476,86659,381181,Ví điện tử,Mobile,2.0,5.0,0
3605,2025-05-05,1012,35.0,Nam,Đà Nẵng,Google Ads,Điện tử,232000,2,0.051,464000,440239,170594,99051,Thẻ tín dụng,Mobile,1.0,4.0,0
3606,2025-05-05,3227,18.0,Nữ,Đà Nẵng,Google Ads,Mỹ phẩm,247000,1,0.144,247000,211484,115460,96024,Chuyển khoản,Mobile,4.0,4.0,0
3607,2025-05-05,444,36.0,Nam,TP.HCM,Facebook Ads,Mỹ phẩm,139000,6,0.165,834000,696756,64997,306774,Ví điện tử,Mobile,1.0,4.0,0
3608,2025-05-06,1402,28.0,Nam,TP.HCM,Email,Điện tử,288000,3,0.035,864000,833347,216428,184063,Ví điện tử,Mobile,2.0,5.0,0
3609,2025-05-06,385,34.0,Nữ,Hà Nội,Facebook Ads,Thời trang,145000,4,0.155,580000,490287,85347,148899,Chuyển khoản,Mobile,8.0,4.0,0
3610,2025-05-06,60,43.0,Nữ,Hà Nội,Organic,Mỹ phẩm,229000,5,0.119,1145000,1009071,104129,488426,Chuyển khoản,Desktop,1.0,3.0,0
3611,2025-05-06,804,28.0,Nữ,Đà Nẵng,Google Ads,Sách,98000,4,0.022,392000,383201,60790,140041,Thẻ tín dụng,Mobile,2.0,,0
3612,2025-05-06,1234,43.0,Nam,Hải Phòng,Facebook Ads,Gia dụng,224000,1,0.127,224000,195457,137616,57841,Chuyển khoản,Mobile,2.0,4.0,0
3613,2025-05-06,635,50.0,Nữ,TP.HCM,Google Ads,Sách,80000,5,0.167,400000,333015,53507,65480,Ví điện tử,Mobile,1.0,4.0,0
3614,2025-05-06,1164,18.0,Nữ,TP.HCM,Organic,Thời trang,153000,2,0.084,306000,280303,80920,118463,Thẻ tín dụng,Mobile,1.0,5.0,0
3615,2025-05-06,1656,30.0,Nam,Đà Nẵng,Referral,Thời trang,90000,4,0.031,360000,348950,51551,142746,Ví điện tử,Mobile,1.0,4.0,0
3616,2025-05-06,2147,27.0,Nam,TP.HCM,Organic,Mỹ phẩm,148000,2,0.178,296000,243407,70223,102961,COD,Desktop,3.0,,0
3617,2025-05-06,968,50.0,Nam,Hà Nội,Google Ads,Mỹ phẩm,171000,4,0.131,684000,594115,77269,285039,Chuyển khoản,Mobile,5.0,3.0,1
3618,2025-05-06,686,20.0,Nữ,Hà Nội,Referral,Điện tử,338000,6,0.092,2028000,1842021,246896,360645,Chuyển khoản,Desktop,6.0,3.0,0
3619,2025-05-06,2858,19.0,Nam,Hà Nội,Facebook Ads,Mỹ phẩm,225000,3,0.057,675000,636347,101307,332426,Chuyển khoản,Desktop,1.0,5.0,0
3620,2025-05-07,2616,18.0,Nam,Hà Nội,Organic,Sách,66000,4,0.043,264000,252774,46952,64966,COD,Mobile,7.0,4.0,0
3621,2025-05-07,474,53.0,Nữ,TP.HCM,Google Ads,Điện tử,380000,3,0.167,1140000,949865,289049,82718,Ví điện tử,Tablet,5.0,3.0,1
3622,2025-05-07,757,18.0,Nữ,TP.HCM,Referral,Thời trang,130000,6,0.049,780000,742059,67627,336297,COD,Desktop,2.0,4.0,0
3623,2025-05-07,9,29.0,Nam,TP.HCM,Referral,Sách,106000,2,0.036,212000,204443,68713,67017,Chuyển khoản,Mobile,2.0,5.0,0
3624,2025-05-07,2692,35.0,Nam,TP.HCM,Google Ads,Sách,95000,2,0.163,190000,158945,63157,32631,Ví điện tử,Desktop,1.0,4.0,0
3625,2025-05-07,2754,37.0,Nữ,Hà Nội,Google Ads,Thực phẩm,129000,3,0.218,387000,302548,90808,30124,COD,Mobile,2.0,4.0,0
3626,2025-05-07,1611,22.0,Nam,Hà Nội,Facebook Ads,Thời trang,184000,1,0.093,184000,166834,113185,53649,Thẻ tín dụng,Mobile,2.0,5.0,0
3627,2025-05-07,856,20.0,Nữ,TP.HCM,Facebook Ads,Thời trang,152000,4,0.024,608000,593339,85697,250551,Ví điện tử,Tablet,2.0,3.0,0
3628,2025-05-07,1332,25.0,Nam,TP.HCM,Organic,Gia dụng,146000,2,0.078,292000,269220,82259,104702,COD,Mobile,3.0,4.0,0
3629,2025-05-07,841,47.0,Nữ,Đà Nẵng,Facebook Ads,Mỹ phẩm,189000,6,0.045,1134000,1083208,84386,576892,COD,Mobile,7.0,3.0,1
3630,2025-05-07,1853,33.0,Nam,Đà Nẵng,Referral,Điện tử,299000,3,0.054,897000,848167,221176,184639,Chuyển khoản,Desktop,2.0,4.0,0
3631,2025-05-08,2522,26.0,Nữ,Hải Phòng,Organic,Điện tử,286000,2,0.114,572000,506692,184643,137406,Ví điện tử,Mobile,4.0,3.0,0
3632,2025-05-08,299,18.0,Nữ,Hải Phòng,Google Ads,Thời trang,250000,2,0.066,500000,466938,142654,181630,Ví điện tử,Desktop,1.0,4.0,0
3633,2025-05-08,1945,23.0,Nữ,TP.HCM,Organic,Mỹ phẩm,195000,1,0.033,195000,188596,92954,95642,Ví điện tử,Mobile,1.0,4.0,0
3634,2025-05-08,1277,23.0,Nam,TP.HCM,Referral,Mỹ phẩm,211000,2,0.102,422000,379132,90600,197932,Chuyển khoản,Desktop,1.0,5.0,0
3635,2025-05-08,2211,26.0,Nam,TP.HCM,Facebook Ads,Mỹ phẩm,251000,6,0.031,1506000,1459731,115505,766701,Thẻ tín dụng,Desktop,0.0,3.0,0
3636,2025-05-08,1445,25.0,Nữ,Hà Nội,Organic,Gia dụng,108000,2,0.049,216000,205487,63922,77643,Ví điện tử,Mobile,6.0,3.0,0
3637,2025-05-09,702,18.0,Nữ,TP.HCM,Facebook Ads,Mỹ phẩm,150000,4,0.042,600000,574987,67567,304719,Ví điện tử,Mobile,2.0,5.0,0
3638,2025-05-09,2310,40.0,Nam,Đà Nẵng,Facebook Ads,Điện tử,397000,4,0.127,1588000,1386495,272161,297851,Ví điện tử,Mobile,7.0,3.0,0
3639,2025-05-09,3002,29.0,Nữ,Đà Nẵng,Google Ads,Thực phẩm,113000,7,0.071,791000,734762,78903,182441,Thẻ tín dụng,Desktop,1.0,4.0,0
3640,2025-05-09,887,39.0,Nam,Hà Nội,Google Ads,Điện tử,349000,3,0.1,1047000,942441,258919,165684,Thẻ tín dụng,Desktop,5.0,4.0,0
3641,2025-05-09,940,24.0,Nữ,Hà Nội,Facebook Ads,Sách,80000,4,0.164,320000,267542,52621,57058,Ví điện tử,Mobile,2.0,4.0,0
3642,2025-05-09,2578,27.0,Nữ,TP.HCM,Referral,Điện tử,327000,3,0.072,981000,910751,230638,218837,Ví điện tử,Desktop,1.0,5.0,0
3643,2025-05-09,2655,40.0,Nam,Đà Nẵng,Organic,Mỹ phẩm,264000,5,0.056,1320000,1246148,118178,655258,Ví điện tử,Desktop,2.0,5.0,0
3644,2025-05-09,1657,25.0,Nam,Hà Nội,Organic,Mỹ phẩm,231000,1,0.134,231000,199932,96486,103446,Thẻ tín dụng,Desktop,2.0,4.0,0
3645,2025-05-10,135,38.0,Nữ,Hải Phòng,Google Ads,Thời trang,157000,4,0.023,628000,613248,85435,271508,Ví điện tử,Tablet,1.0,4.0,0
3646,2025-05-10,1574,21.0,Nam,TP.HCM,Organic,Gia dụng,379000,2,0.167,758000,631350,206305,218740,Ví điện tử,Mobile,2.0,5.0,0
3647,2025-05-10,76,,Nam,Hải Phòng,Google Ads,Thời trang,141000,4,0.122,564000,495018,76901,187414,Thẻ tín dụng,Mobile,2.0,4.0,0
3648,2025-05-10,801,26.0,Nữ,Hà Nội,Referral,Điện tử,255000,1,0.1,255000,229463,181498,47965,Ví điện tử,Mobile,4.0,4.0,0
3649,2025-05-10,3197,20.0,Nam,Cần Thơ,Google Ads,Mỹ phẩm,321000,1,0.059,321000,302023,138698,163325,Ví điện tử,Desktop,2.0,4.0,0
3650,2025-05-10,1422,31.0,Nam,Hà Nội,Email,Mỹ phẩm,315000,3,0.158,945000,795818,139038,378704,Thẻ tín dụng,Tablet,4.0,3.0,1
3651,2025-05-10,34,39.0,Nam,Hải Phòng,Facebook Ads,Thời trang,115000,7,0.122,805000,706531,58496,297059,Chuyển khoản,Desktop,0.0,5.0,0
3652,2025-05-10,3238,21.0,Nữ,Hải Phòng,Organic,Điện tử,191000,2,0.09,382000,347530,132362,82806,COD,Mobile,3.0,3.0,0
3653,2025-05-11,457,31.0,Nam,Đà Nẵng,Facebook Ads,Điện tử,442000,10,0.151,4420000,3750471,337315,377321,Ví điện tử,Mobile,4.0,4.0,0
3654,2025-05-11,2881,39.0,Nữ,Đà Nẵng,Referral,Thực phẩm,110000,4,0.019,440000,431583,69875,152083,Ví điện tử,Mobile,1.0,5.0,0
3655,2025-05-11,1884,30.0,Nữ,TP.HCM,Google Ads,Thực phẩm,106000,6,0.115,636000,562930,73954,119206,Thẻ tín dụng,Desktop,4.0,3.0,0
3656,2025-05-11,1557,28.0,Nam,Đà Nẵng,Organic,Mỹ phẩm,126000,3,0.034,378000,365248,50328,214264,Chuyển khoản,Mobile,3.0,4.0,0
3657,2025-05-11,14,42.0,Nữ,Hà Nội,Facebook Ads,Điện tử,401000,3,0.194,1203000,969539,272551,151886,Ví điện tử,Mobile,2.0,5.0,0
3658,2025-05-11,1700,36.0,Nữ,Cần Thơ,Facebook Ads,Mỹ phẩm,149000,5,0.177,745000,612957,66309,281412,COD,Mobile,6.0,4.0,0
3659,2025-05-11,1984,33.0,Nữ,Hà Nội,Facebook Ads,Điện tử,664000,5,0.026,3320000,3233500,493545,765775,Thẻ tín dụng,Tablet,2.0,5.0,0
3660,2025-05-11,115,34.0,Nam,Hà Nội,Facebook Ads,Thời trang,220000,5,0.163,1100000,920248,118628,327108,COD,Mobile,3.0,3.0,1
3661,2025-05-11,913,32.0,Nam,Cần Thơ,Organic,Gia dụng,209000,3,0.042,627000,600668,124774,226346,Thẻ tín dụng,Desktop,3.0,4.0,0
3662,2025-05-11,1251,46.0,Nữ,Đà Nẵng,Organic,Thời trang,117000,5,0.133,585000,507151,63564,189331,COD,Tablet,3.0,3.0,0
3663,2025-05-12,844,37.0,Nữ,Hà Nội,Facebook Ads,Điện tử,349000,2,0.135,698000,603570,242644,118282,Thẻ tín dụng,Mobile,1.0,,0
3664,2025-05-12,1133,37.0,Nam,Hà Nội,Organic,Sách,74000,2,0.122,148000,129951,49144,31663,Ví điện tử,Desktop,4.0,3.0,0
3665,2025-05-12,2408,28.0,Nam,Đà Nẵng,Email,Sách,79000,5,0.03,395000,383311,51473,125946,COD,Desktop,5.0,3.0,0
3666,2025-05-12,1634,22.0,Nam,TP.HCM,Facebook Ads,Mỹ phẩm,191000,5,0.091,955000,867647,92328,406007,Ví điện tử,Mobile,8.0,3.0,0
3667,2025-05-12,538,18.0,Nam,TP.HCM,Organic,Gia dụng,233000,3,0.017,699000,687224,136422,277958,COD,Mobile,,,0
3668,2025-05-12,1493,28.0,Nam,TP.HCM,Facebook Ads,Sách,78000,4,0.132,312000,270684,53840,55324,Chuyển khoản,Mobile,2.0,4.0,0
3669,2025-05-12,1990,21.0,Nam,TP.HCM,Facebook Ads,Thời trang,148000,1,0.062,148000,138767,77275,61492,Ví điện tử,Tablet,,4.0,0
3670,2025-05-12,2241,37.0,Nam,TP.HCM,Organic,Sách,86000,2,0.041,172000,164928,58814,47300,COD,Mobile,2.0,4.0,0
3671,2025-05-12,1578,46.0,Nữ,Hải Phòng,Facebook Ads,Thực phẩm,118000,5,0.069,590000,549375,83595,131400,Chuyển khoản,Desktop,4.0,4.0,0
3672,2025-05-12,2282,29.0,Nữ,Hà Nội,Google Ads,Mỹ phẩm,231000,3,0.04,693000,665607,97276,373779,Ví điện tử,Mobile,0.0,4.0,0
3673,2025-05-13,583,34.0,Nam,Hải Phòng,Facebook Ads,Điện tử,345000,2,0.039,690000,663059,272255,118549,Thẻ tín dụng,Desktop,,5.0,0
3674,2025-05-13,1973,20.0,Nữ,Hà Nội,Referral,Điện tử,575000,2,0.089,1150000,1047715,438070,171575,COD,Mobile,1.0,4.0,0
3675,2025-05-13,2389,30.0,Nữ,Cần Thơ,Organic,Điện tử,181000,4,0.115,724000,640579,149262,43531,Ví điện tử,Mobile,3.0,4.0,0
3676,2025-05-13,2066,33.0,Nữ,Hà Nội,Referral,Gia dụng,162000,2,0.034,324000,313010,95797,121416,Ví điện tử,Desktop,3.0,4.0,0
3677,2025-05-13,2389,30.0,Nữ,Hà Nội,Facebook Ads,Thực phẩm,138000,4,0.038,552000,530757,106850,103357,Thẻ tín dụng,Mobile,4.0,3.0,0
3678,2025-05-13,548,28.0,Nữ,TP.HCM,Organic,Điện tử,276000,1,0.106,276000,246659,208679,37980,Thẻ tín dụng,Desktop,4.0,4.0,0
3679,2025-05-13,1830,27.0,Nữ,Hà Nội,Organic,Gia dụng,219000,5,0.223,1095000,850401,136148,169661,COD,Mobile,1.0,4.0,0
3680,2025-05-14,623,18.0,Nam,Đà Nẵng,Google Ads,Thực phẩm,148000,6,0.056,888000,838171,100699,233977,Chuyển khoản,Mobile,2.0,4.0,0
3681,2025-05-14,1255,18.0,Nam,Đà Nẵng,Google Ads,Thời trang,127000,5,0.032,635000,614692,74381,242787,Chuyển khoản,Mobile,2.0,4.0,0
3682,2025-05-14,2986,37.0,Nam,TP.HCM,Facebook Ads,Mỹ phẩm,206000,3,0.213,618000,486125,93991,204152,COD,Mobile,5.0,3.0,0
3683,2025-05-14,1996,28.0,Nữ,Hà Nội,Email,Điện tử,736000,3,0.104,2208000,1977850,547792,334474,COD,Desktop,1.0,4.0,1
3684,2025-05-15,1758,23.0,Nam,TP.HCM,Google Ads,Mỹ phẩm,233000,9,0.11,2097000,1867237,107675,898162,Chuyển khoản,Mobile,3.0,5.0,0
3685,2025-05-15,1255,18.0,Nam,Hà Nội,Organic,Sách,98000,5,0.235,490000,374890,65247,48655,COD,Mobile,10.0,2.0,0
3686,2025-05-15,1865,45.0,Nữ,Hải Phòng,Google Ads,Gia dụng,317000,6,0.031,1902000,1843345,223520,502225,Ví điện tử,Mobile,3.0,4.0,0
3687,2025-05-15,2815,19.0,Nam,TP.HCM,Organic,Gia dụng,244000,4,0.072,976000,905490,149623,306998,Thẻ tín dụng,Mobile,4.0,5.0,0
3688,2025-05-15,438,22.0,Nam,TP.HCM,Facebook Ads,Gia dụng,206000,4,0.06,824000,774439,133726,239535,Thẻ tín dụng,Desktop,1.0,4.0,0
3689,2025-05-15,1139,33.0,Nữ,TP.HCM,Organic,Điện tử,548000,6,0.041,3288000,3152053,403496,731077,Thẻ tín dụng,Mobile,4.0,4.0,1
3690,2025-05-15,3300,34.0,Nam,Đà Nẵng,Organic,Gia dụng,157000,2,0.068,314000,292561,91838,108885,Ví điện tử,Desktop,3.0,3.0,0
3691,2025-05-15,3061,26.0,Nữ,Đà Nẵng,Facebook Ads,Gia dụng,378000,5,0.157,1890000,1593379,231373,436514,Chuyển khoản,Mobile,3.0,4.0,0
3692,2025-05-15,710,18.0,Nam,Hải Phòng,Google Ads,Sách,75000,2,0.036,150000,144599,47008,50583,Thẻ tín dụng,Desktop,4.0,3.0,0
3693,2025-05-15,248,23.0,Nữ,Đà Nẵng,Organic,Thời trang,213000,1,0.029,213000,206757,117878,88879,Ví điện tử,Tablet,1.0,4.0,0
3694,2025-05-16,1956,22.0,Nữ,Hà Nội,Organic,Mỹ phẩm,229000,7,0.008,1603000,1590272,108701,829365,COD,Mobile,3.0,4.0,0
3695,2025-05-16,1684,28.0,Nữ,Hà Nội,Facebook Ads,Thời trang,125000,5,0.083,625000,573140,67493,235675,Ví điện tử,Mobile,7.0,3.0,0
3696,2025-05-16,1936,34.0,Nữ,Hà Nội,Google Ads,Gia dụng,236000,3,0.175,708000,584105,139535,165500,Thẻ tín dụng,Desktop,4.0,3.0,1
3697,2025-05-17,1653,20.0,Nữ,Hải Phòng,Email,Mỹ phẩm,115000,2,0.103,230000,206275,53151,99973,COD,Tablet,,5.0,0
3698,2025-05-17,2279,42.0,Nữ,Hải Phòng,Google Ads,Gia dụng,564000,4,0.129,2256000,1965645,344827,586337,Thẻ tín dụng,Mobile,2.0,3.0,0
3699,2025-05-17,664,44.0,Nam,Hà Nội,Facebook Ads,Gia dụng,222000,4,0.089,888000,809166,124545,310986,Thẻ tín dụng,Desktop,5.0,3.0,0
3700,2025-05-17,1051,30.0,Nam,TP.HCM,Organic,Mỹ phẩm,181000,4,0.063,724000,678144,83241,345180,Chuyển khoản,Tablet,3.0,3.0,0
3701,2025-05-17,957,25.0,Nữ,Hà Nội,Facebook Ads,Gia dụng,281000,5,0.021,1405000,1374984,175333,498319,COD,Desktop,2.0,3.0,0
3702,2025-05-17,1302,34.0,Nữ,TP.HCM,Facebook Ads,Gia dụng,251000,5,0.106,1255000,1121968,145111,396413,Ví điện tử,Tablet,1.0,5.0,0
3703,2025-05-17,808,28.0,Nữ,Hà Nội,Facebook Ads,Sách,128000,5,0.054,640000,605376,89510,157826,COD,Mobile,3.0,5.0,0
3704,2025-05-17,1536,44.0,Nam,Hải Phòng,Facebook Ads,Gia dụng,159000,3,0.161,477000,400328,101094,97046,COD,Mobile,2.0,4.0,0
3705,2025-05-17,1061,29.0,Nam,Hà Nội,Facebook Ads,Mỹ phẩm,208000,5,0.096,1040000,940606,92854,476336,Ví điện tử,Mobile,1.0,5.0,0
3706,2025-05-17,496,32.0,Nữ,Hà Nội,Organic,Thời trang,95000,5,0.126,475000,415121,51104,159601,Thẻ tín dụng,Desktop,6.0,4.0,0
3707,2025-05-17,2175,40.0,Nam,Hải Phòng,Google Ads,Điện tử,374000,7,0.083,2618000,2400250,273642,484756,COD,Mobile,3.0,3.0,0
3708,2025-05-18,1864,39.0,Nữ,TP.HCM,Organic,Thời trang,90000,4,0.105,360000,322373,53123,109881,Ví điện tử,Mobile,4.0,3.0,0
3709,2025-05-18,47,28.0,Nam,Cần Thơ,Organic,Gia dụng,186000,4,0.01,744000,736609,114517,278541,Ví điện tử,Mobile,3.0,4.0,1
3710,2025-05-18,2120,29.0,Nam,Đà Nẵng,Facebook Ads,Thời trang,79000,6,0.04,474000,454889,42885,197579,COD,Desktop,1.0,5.0,0
3711,2025-05-18,1114,31.0,Nữ,Hà Nội,Organic,Gia dụng,327000,1,0.143,327000,280383,191024,89359,Ví điện tử,Tablet,4.0,4.0,0
3712,2025-05-18,2766,42.0,Nữ,Hải Phòng,Organic,Thực phẩm,110000,4,0.09,440000,400520,78268,87448,Thẻ tín dụng,Mobile,5.0,4.0,0
3713,2025-05-18,3072,33.0,Nam,Hà Nội,Facebook Ads,Gia dụng,260000,4,0.182,1040000,850863,143239,277907,Chuyển khoản,Desktop,5.0,3.0,0
3714,2025-05-18,567,21.0,Nữ,TP.HCM,Google Ads,Mỹ phẩm,156000,8,0.148,1248000,1063341,64281,549093,Ví điện tử,Desktop,2.0,4.0,0
3715,2025-05-18,487,23.0,Nữ,Hà Nội,Google Ads,Điện tử,232000,4,0.074,928000,858876,179741,139912,Ví điện tử,Mobile,1.0,5.0,0
3716,2025-05-18,905,36.0,Nam,TP.HCM,Facebook Ads,Điện tử,365000,3,0.006,1095000,1088622,254272,325806,Thẻ tín dụng,Desktop,3.0,4.0,1
3717,2025-05-18,427,44.0,Nam,Hà Nội,Organic,Thời trang,223000,6,0.079,1338000,1232319,122721,495993,Thẻ tín dụng,Mobile,2.0,4.0,0
3718,2025-05-18,1787,37.0,Nữ,TP.HCM,Email,Thời trang,106000,3,0.015,318000,313290,56329,144303,Ví điện tử,Mobile,1.0,5.0,0
3719,2025-05-18,2967,21.0,Nữ,TP.HCM,Organic,Gia dụng,184000,4,0.179,736000,604139,108681,169415,Thẻ tín dụng,Tablet,2.0,4.0,0
3720,2025-05-18,1353,28.0,Nữ,TP.HCM,Organic,Thời trang,213000,4,0.086,852000,778417,127074,270121,Chuyển khoản,Mobile,2.0,4.0,0
3721,2025-05-19,2974,26.0,Nam,Hà Nội,Facebook Ads,Thời trang,114000,5,0.064,570000,533716,57660,245416,Thẻ tín dụng,Mobile,0.0,5.0,0
3722,2025-05-19,481,30.0,Nữ,TP.HCM,Google Ads,Điện tử,172000,3,0.153,516000,437254,129944,47422,Ví điện tử,Mobile,5.0,3.0,0
3723,2025-05-19,2560,29.0,Nữ,TP.HCM,Email,Mỹ phẩm,142000,5,0.097,710000,641069,64916,316489,Chuyển khoản,Mobile,1.0,4.0,0
3724,2025-05-19,2234,40.0,Nữ,Đà Nẵng,Organic,Điện tử,313000,7,0.144,2191000,1875847,231453,255676,Ví điện tử,Desktop,3.0,4.0,0
3725,2025-05-19,372,43.0,Nữ,Hà Nội,Email,Sách,75000,5,0.185,375000,305574,47078,70184,COD,Tablet,1.0,4.0,0
3726,2025-05-19,1901,26.0,Nữ,Đà Nẵng,Facebook Ads,Điện tử,188000,6,0.025,1128000,1099596,144426,233040,Chuyển khoản,Tablet,1.0,4.0,0
3727,2025-05-19,2770,43.0,Nam,Đà Nẵng,Facebook Ads,Thời trang,182000,6,0.19,1092000,884585,102324,270641,Thẻ tín dụng,Mobile,0.0,5.0,0
3728,2025-05-19,482,24.0,Nam,TP.HCM,Facebook Ads,Thời trang,153000,1,0.051,153000,145239,82696,62543,Thẻ tín dụng,Desktop,4.0,4.0,0
3729,2025-05-20,1552,46.0,Nữ,Đà Nẵng,Facebook Ads,Mỹ phẩm,242000,2,0.089,484000,440690,106813,227064,Ví điện tử,Mobile,6.0,4.0,0
3730,2025-05-20,1064,36.0,Nam,Đà Nẵng,Organic,Thời trang,163000,3,0.035,489000,471702,87005,210687,COD,Mobile,1.0,5.0,0
3731,2025-05-20,2828,28.0,Nam,Hà Nội,Organic,Mỹ phẩm,244000,4,0.146,976000,833362,117024,365266,COD,Desktop,1.0,5.0,0
3732,2025-05-20,1257,18.0,Nữ,TP.HCM,Facebook Ads,Sách,116000,6,0.177,696000,572955,76004,116931,Thẻ tín dụng,Tablet,3.0,4.0,0
3733,2025-05-20,618,46.0,Nữ,TP.HCM,Facebook Ads,Gia dụng,318000,4,0.132,1272000,1103701,193161,331057,COD,Mobile,5.0,5.0,0
3734,2025-05-20,2328,27.0,Nữ,Hải Phòng,Referral,Thời trang,120000,2,0.23,240000,184782,62697,59388,COD,Desktop,4.0,5.0,0
3735,2025-05-20,1847,48.0,Nữ,Hà Nội,Organic,Thời trang,126000,5,0.249,630000,472922,77514,85352,Thẻ tín dụng,Desktop,0.0,4.0,0
3736,2025-05-20,449,34.0,Nam,TP.HCM,Facebook Ads,Gia dụng,240000,4,0.101,960000,862757,155202,241949,Thẻ tín dụng,Mobile,7.0,4.0,0
3737,2025-05-21,2231,32.0,Nữ,Hải Phòng,Facebook Ads,Thời trang,141000,3,0.051,423000,401392,78862,164806,Thẻ tín dụng,Mobile,1.0,4.0,1
3738,2025-05-21,3073,40.0,Nam,TP.HCM,Google Ads,Điện tử,296000,6,0.09,1776000,1616861,204010,392801,Ví điện tử,Mobile,3.0,4.0,0
3739,2025-05-21,3060,43.0,Nam,TP.HCM,Facebook Ads,Điện tử,272000,3,0.239,816000,621132,223319,-48825,Thẻ tín dụng,Mobile,5.0,4.0,0
3740,2025-05-21,2144,33.0,Nam,TP.HCM,Google Ads,Sách,113000,3,0.111,339000,301495,71956,85627,COD,Mobile,1.0,4.0,0
3741,2025-05-21,593,33.0,Nam,TP.HCM,Referral,Thời trang,137000,3,0.096,411000,371624,78479,136187,COD,Mobile,4.0,4.0,0
3742,2025-05-21,1720,27.0,Nữ,TP.HCM,Facebook Ads,Thời trang,127000,4,0.008,508000,504078,71817,216810,Thẻ tín dụng,Mobile,9.0,3.0,1
3743,2025-05-21,1892,32.0,Nam,Đà Nẵng,Google Ads,Gia dụng,277000,1,0.102,277000,248747,179604,69143,Ví điện tử,Desktop,4.0,4.0,0
3744,2025-05-21,2279,42.0,Nữ,Cần Thơ,Facebook Ads,Điện tử,277000,3,0.115,831000,735060,200073,134841,Ví điện tử,Mobile,1.0,4.0,0
3745,2025-05-21,2067,38.0,Nam,Đà Nẵng,Organic,Thời trang,130000,3,0.163,390000,326374,77963,92485,Chuyển khoản,Mobile,3.0,4.0,0
3746,2025-05-21,1519,36.0,Nữ,Hà Nội,Facebook Ads,Sách,110000,5,0.07,550000,511326,68242,170116,COD,Mobile,2.0,3.0,0
3747,2025-05-21,1149,19.0,Nam,Hà Nội,Google Ads,Thời trang,147000,2,0.032,294000,284470,81698,121074,Thẻ tín dụng,Desktop,2.0,5.0,0
3748,2025-05-21,3275,42.0,Nữ,Cần Thơ,Facebook Ads,Thực phẩm,116000,4,0.076,464000,428931,83365,95471,COD,Mobile,3.0,5.0,0
3749,2025-05-21,762,56.0,Nữ,Đà Nẵng,Google Ads,Mỹ phẩm,340000,3,0.234,1020000,781004,148349,335957,Chuyển khoản,Desktop,4.0,4.0,0
3750,2025-05-22,743,18.0,Nữ,Cần Thơ,Google Ads,Thời trang,121000,3,0.038,363000,349032,67218,147378,COD,Mobile,4.0,4.0,0
3751,2025-05-22,21,49.0,Nam,TP.HCM,Referral,Thời trang,138000,3,0.131,414000,359757,80507,118236,Thẻ tín dụng,Mobile,3.0,4.0,0
3752,2025-05-22,82,18.0,Nữ,TP.HCM,Organic,Gia dụng,222000,3,0.054,666000,629789,134415,226544,Ví điện tử,Desktop,2.0,5.0,0
3753,2025-05-22,1806,35.0,Nữ,Hà Nội,Organic,Thực phẩm,101000,4,0.047,404000,385087,68334,111751,Thẻ tín dụng,Desktop,5.0,3.0,0
3754,2025-05-22,1683,35.0,Nam,TP.HCM,Google Ads,Mỹ phẩm,172000,2,0.062,344000,322644,75346,171952,Ví điện tử,Mobile,2.0,3.0,0
3755,2025-05-22,986,22.0,Nữ,Cần Thơ,Referral,Thời trang,251000,2,0.168,502000,417625,143967,129691,COD,Desktop,3.0,4.0,0
3756,2025-05-23,527,27.0,Nam,Hà Nội,Facebook Ads,Gia dụng,245000,4,0.106,980000,876385,148263,283333,COD,Mobile,3.0,5.0,0
3757,2025-05-23,2619,33.0,Nữ,Hải Phòng,Organic,Thời trang,103000,2,0.112,206000,182961,60180,62601,Ví điện tử,Desktop,2.0,4.0,0
3758,2025-05-23,2362,27.0,Nữ,Hà Nội,Google Ads,Thời trang,140000,3,0.09,420000,382380,79033,145281,COD,Mobile,4.0,4.0,0
3759,2025-05-23,2498,45.0,Nữ,TP.HCM,Email,Điện tử,392000,4,0.167,1568000,1306553,270349,225157,Ví điện tử,Desktop,4.0,3.0,0
3760,2025-05-23,529,18.0,Nữ,TP.HCM,Referral,Điện tử,379000,2,0.135,758000,655594,289093,77408,Thẻ tín dụng,Desktop,11.0,3.0,0
3761,2025-05-23,1511,43.0,Nam,TP.HCM,Facebook Ads,Thời trang,131000,3,0.062,393000,368672,70801,156269,Ví điện tử,Mobile,4.0,4.0,0
3762,2025-05-23,1338,43.0,Nữ,Hải Phòng,Facebook Ads,Điện tử,253000,4,0.081,1012000,929863,176742,222895,Ví điện tử,Mobile,6.0,4.0,0
3763,2025-05-24,3007,32.0,Nữ,TP.HCM,Referral,Mỹ phẩm,231000,3,0.115,693000,612966,106467,293565,Thẻ tín dụng,Desktop,2.0,4.0,0
3764,2025-05-24,536,38.0,Nam,TP.HCM,Organic,Điện tử,167000,5,0.038,835000,802904,116222,221794,COD,Tablet,7.0,3.0,0
3765,2025-05-24,3036,43.0,Nữ,Hải Phòng,Organic,Mỹ phẩm,170000,7,0.141,1190000,1022195,70076,531663,Thẻ tín dụng,Mobile,4.0,5.0,0
3766,2025-05-24,429,27.0,Nam,Hải Phòng,Google Ads,Mỹ phẩm,212000,3,0.103,636000,570319,96792,279943,COD,Mobile,2.0,5.0,0
3767,2025-05-24,2519,41.0,Nữ,Hà Nội,Organic,Mỹ phẩm,212000,4,0.322,848000,574880,98662,180232,COD,Mobile,5.0,4.0,0
3768,2025-05-24,469,26.0,Nữ,Hà Nội,Organic,Gia dụng,255000,1,0.051,255000,241948,141709,100239,Chuyển khoản,Desktop,2.0,4.0,0
3769,2025-05-24,1879,42.0,Nữ,Hà Nội,Organic,Thời trang,90000,3,0.026,270000,262919,46727,122738,COD,Desktop,2.0,5.0,0
3770,2025-05-24,1286,48.0,Nữ,Hà Nội,Google Ads,Gia dụng,313000,4,0.217,1252000,980132,175857,276704,Ví điện tử,Desktop,2.0,4.0,0
3771,2025-05-25,508,24.0,Nữ,Hà Nội,Facebook Ads,Gia dụng,142000,6,0.161,852000,714976,85135,204166,COD,Mobile,3.0,5.0,0
3772,2025-05-25,1895,38.0,Nữ,TP.HCM,Google Ads,Điện tử,220000,3,0.143,660000,565804,156702,95698,COD,Mobile,3.0,4.0,0
3773,2025-05-25,1223,39.0,Nữ,Hà Nội,Google Ads,Gia dụng,176000,4,0.247,704000,530190,106273,105098,Thẻ tín dụng,Desktop,,4.0,0
3774,2025-05-25,709,22.0,Nam,Hải Phòng,Organic,Gia dụng,286000,2,0.138,572000,492825,162759,167307,Thẻ tín dụng,Tablet,4.0,5.0,0
3775,2025-05-25,1442,39.0,Nam,TP.HCM,Organic,Gia dụng,334000,2,0.105,668000,598051,200771,196509,Chuyển khoản,Tablet,2.0,3.0,0
3776,2025-05-25,1366,43.0,Nam,Hà Nội,Organic,Sách,94000,5,0.094,470000,425630,62680,112230,Chuyển khoản,Mobile,2.0,4.0,0
3777,2025-05-25,852,27.0,Nữ,TP.HCM,Organic,Điện tử,286000,5,0.013,1430000,1412003,212147,351268,Thẻ tín dụng,Desktop,4.0,,0
3778,2025-05-25,1645,26.0,Nữ,TP.HCM,Email,Mỹ phẩm,143000,4,0.121,572000,502776,59936,263032,Ví điện tử,Mobile,1.0,4.0,0
3779,2025-05-25,3185,25.0,Nữ,Hà Nội,Email,Thực phẩm,119000,6,0.162,714000,598007,87587,72485,Ví điện tử,Desktop,2.0,4.0,0
3780,2025-05-25,572,59.0,Nữ,Hà Nội,Google Ads,Gia dụng,329000,4,0.054,1316000,1245311,195091,464947,COD,Desktop,5.0,5.0,0
3781,2025-05-25,3236,29.0,Nam,TP.HCM,Facebook Ads,Thời trang,157000,8,0.041,1256000,1204933,90291,482605,COD,Mobile,0.0,5.0,0
3782,2025-05-25,2118,31.0,Nữ,TP.HCM,Facebook Ads,Gia dụng,303000,4,0.182,1212000,991315,191933,223583,Ví điện tử,Desktop,3.0,4.0,0
3783,2025-05-25,386,31.0,Nữ,TP.HCM,Facebook Ads,Thực phẩm,162000,6,0.136,972000,839708,114048,155420,COD,Desktop,4.0,4.0,0
3784,2025-05-25,2047,39.0,Nữ,Đà Nẵng,Organic,Mỹ phẩm,183000,5,0.072,915000,849015,87136,413335,Chuyển khoản,Mobile,2.0,4.0,0
3785,2025-05-26,2610,23.0,Nam,Đà Nẵng,Google Ads,Điện tử,323000,1,0.124,323000,282812,230500,52312,Ví điện tử,Mobile,10.0,3.0,0
3786,2025-05-26,2484,31.0,Nữ,Hà Nội,Organic,Sách,84000,4,0.073,336000,311457,56845,84077,COD,Desktop,1.0,5.0,0
3787,2025-05-26,2432,20.0,Nữ,Hà Nội,Google Ads,Gia dụng,325000,3,0.045,975000,931235,182781,382892,Thẻ tín dụng,Desktop,2.0,4.0,1
3788,2025-05-26,430,28.0,Nữ,Cần Thơ,Google Ads,Điện tử,239000,2,0.114,478000,423635,175858,71919,COD,Desktop,1.0,4.0,0
3789,2025-05-26,3127,31.0,Nam,TP.HCM,Referral,Mỹ phẩm,147000,5,0.078,735000,677855,63789,358910,COD,Mobile,2.0,4.0,0
3790,2025-05-26,2554,35.0,Nữ,Hà Nội,Organic,Thời trang,102000,6,0.075,612000,565995,54740,237555,Chuyển khoản,Mobile,5.0,3.0,0
3791,2025-05-26,1157,29.0,Nam,TP.HCM,Organic,Gia dụng,359000,6,0.028,2154000,2092693,220131,771907,Ví điện tử,Mobile,2.0,3.0,0
3792,2025-05-26,1814,,Nam,Hà Nội,Organic,Mỹ phẩm,177000,6,0.035,1062000,1024627,75772,569995,COD,Desktop,2.0,4.0,0
3793,2025-05-26,1406,40.0,Nam,Đà Nẵng,Organic,Thời trang,83000,2,0.055,166000,156908,45933,65042,Thẻ tín dụng,Mobile,3.0,4.0,0
3794,2025-05-27,3201,22.0,Nữ,Hà Nội,Facebook Ads,Gia dụng,329000,3,0.058,987000,930247,195623,343378,Ví điện tử,Mobile,2.0,4.0,0
3795,2025-05-27,295,35.0,Nữ,Cần Thơ,Facebook Ads,Điện tử,127000,7,0.059,889000,836595,91472,196291,Thẻ tín dụng,Mobile,1.0,5.0,0
3796,2025-05-27,103,38.0,Nữ,TP.HCM,Facebook Ads,Gia dụng,353000,5,0.032,1765000,1708650,220138,607960,Thẻ tín dụng,Tablet,3.0,4.0,0
3797,2025-05-27,1738,33.0,Nữ,TP.HCM,Facebook Ads,Gia dụng,210000,5,0.028,1050000,1020800,122300,409300,Ví điện tử,Desktop,3.0,4.0,0
3798,2025-05-27,3213,20.0,Nữ,Hà Nội,Facebook Ads,Thời trang,107000,8,0.147,856000,730453,58359,263581,COD,Mobile,4.0,4.0,0
3799,2025-05-27,2960,32.0,Nữ,Hà Nội,Referral,Mỹ phẩm,235000,4,0.101,940000,844769,104597,426381,Ví điện tử,Mobile,1.0,4.0,1
3800,2025-05-27,1189,23.0,Nữ,Hà Nội,Referral,Thực phẩm,110000,6,0.13,660000,574453,72557,139111,Chuyển khoản,Mobile,2.0,5.0,0
3801,2025-05-27,3280,26.0,Nam,Hà Nội,Referral,Gia dụng,229000,3,0.06,687000,645592,142689,217525,Ví điện tử,Mobile,5.0,,0
3802,2025-05-27,1124,36.0,Nữ,Cần Thơ,Facebook Ads,Thời trang,148000,2,0.113,296000,262472,79285,103902,COD,Mobile,4.0,4.0,0
3803,2025-05-27,2505,34.0,Nam,TP.HCM,Email,Thời trang,115000,2,0.102,230000,206518,58855,88808,Thẻ tín dụng,Desktop,1.0,4.0,0
3804,2025-05-28,2972,27.0,Nữ,Đà Nẵng,Facebook Ads,Thời trang,84000,4,0.058,336000,316573,47216,127709,Thẻ tín dụng,Mobile,1.0,3.0,0
3805,2025-05-28,782,30.0,Nữ,Cần Thơ,Referral,Gia dụng,344000,2,0.112,688000,610921,215185,180551,Thẻ tín dụng,Mobile,1.0,4.0,0
3806,2025-05-29,1070,33.0,Nữ,TP.HCM,Organic,Sách,84000,3,0.162,252000,211160,54076,48932,COD,Mobile,1.0,5.0,0
3807,2025-05-29,3275,42.0,Nữ,TP.HCM,Google Ads,Thời trang,83000,6,0.15,498000,423394,42959,165640,Thẻ tín dụng,Mobile,2.0,,0
3808,2025-05-29,2729,44.0,Nữ,Hà Nội,Organic,Điện tử,167000,5,0.259,835000,618844,101235,112669,COD,Desktop,0.0,4.0,0
3809,2025-05-29,2034,37.0,Nam,Đà Nẵng,Organic,Mỹ phẩm,254000,1,0.104,254000,227652,117266,110386,COD,Mobile,3.0,4.0,0
3810,2025-05-29,1366,43.0,Nam,Hà Nội,Referral,Gia dụng,140000,6,0.194,840000,677080,88325,147130,Thẻ tín dụng,Mobile,2.0,5.0,0
3811,2025-05-29,1195,40.0,Nữ,Hải Phòng,Organic,Mỹ phẩm,182000,3,0.042,546000,523163,80441,281840,COD,Tablet,2.0,4.0,0
3812,2025-05-29,1000,36.0,Nam,Hà Nội,Google Ads,Thời trang,362000,3,0.087,1086000,991835,198212,397199,Thẻ tín dụng,Mobile,5.0,4.0,0
3813,2025-05-30,2264,44.0,Nam,TP.HCM,Facebook Ads,Gia dụng,190000,2,0.009,380000,376637,103249,170139,Thẻ tín dụng,Mobile,1.0,4.0,0
3814,2025-05-30,2059,44.0,Nữ,TP.HCM,Facebook Ads,Thời trang,282000,6,0.084,1692000,1549948,151180,642868,Ví điện tử,Mobile,1.0,4.0,1
3815,2025-05-30,1194,41.0,Nam,Hà Nội,Facebook Ads,Mỹ phẩm,124000,1,0.102,124000,111344,52383,58961,COD,Mobile,1.0,5.0,0
3816,2025-05-30,2866,32.0,Nam,Cần Thơ,Referral,Mỹ phẩm,189000,6,0.01,1134000,1122249,87618,596541,Ví điện tử,Desktop,6.0,5.0,0
3817,2025-05-30,84,31.0,Nữ,TP.HCM,Facebook Ads,Mỹ phẩm,244000,6,0.182,1464000,1197413,117348,493325,Thẻ tín dụng,Mobile,4.0,4.0,1
3818,2025-05-30,1387,28.0,Nam,TP.HCM,Facebook Ads,Gia dụng,205000,4,0.044,820000,784009,125842,280641,COD,Mobile,1.0,4.0,0
3819,2025-05-30,517,31.0,Nữ,Cần Thơ,Organic,Mỹ phẩm,184000,2,0.059,368000,346191,85693,174805,Thẻ tín dụng,Mobile,5.0,3.0,0
3820,2025-05-30,2293,21.0,Nữ,Hà Nội,Facebook Ads,Gia dụng,269000,3,0.064,807000,755352,157172,283836,COD,Desktop,8.0,3.0,0
3821,2025-05-30,2927,49.0,Nữ,Cần Thơ,Facebook Ads,Mỹ phẩm,196000,5,0.062,980000,918994,87412,481934,Ví điện tử,Mobile,10.0,4.0,0
3822,2025-05-30,1993,18.0,Nam,Cần Thơ,Facebook Ads,Thời trang,95000,2,0.146,190000,162187,54351,53485,Ví điện tử,Mobile,1.0,3.0,0
3823,2025-05-31,1527,33.0,Nữ,Cần Thơ,Organic,Gia dụng,168000,2,0.161,336000,281933,113278,55377,COD,Desktop,4.0,2.0,0
3824,2025-05-31,3250,27.0,Nữ,Hà Nội,Referral,Sách,87000,8,0.166,696000,580420,59389,105308,Ví điện tử,Tablet,0.0,4.0,0
3825,2025-05-31,2008,23.0,Nữ,Đà Nẵng,Organic,Thời trang,129000,2,0.2,258000,206467,73304,59859,Ví điện tử,Mobile,1.0,4.0,0
3826,2025-06-01,2187,32.0,Nam,Đà Nẵng,Organic,Thời trang,151000,6,0.04,906000,869981,77474,405137,Chuyển khoản,Mobile,2.0,,0
3827,2025-06-01,2869,31.0,Nam,Hà Nội,Facebook Ads,Gia dụng,200000,3,0.073,600000,556197,116122,207831,Ví điện tử,Desktop,3.0,,0
3828,2025-06-01,1746,24.0,Nam,TP.HCM,Facebook Ads,Mỹ phẩm,228000,2,0.118,456000,402130,109577,182976,Chuyển khoản,Desktop,5.0,4.0,0
3829,2025-06-01,2996,18.0,Nữ,Hà Nội,Referral,Gia dụng,371000,4,0.105,1484000,1328912,221279,443796,Ví điện tử,Mobile,4.0,4.0,0
3830,2025-06-01,3182,36.0,Nam,TP.HCM,Google Ads,Mỹ phẩm,284000,6,0.092,1704000,1547354,133431,746768,Ví điện tử,Mobile,1.0,4.0,0
3831,2025-06-01,318,34.0,Nam,Hải Phòng,Organic,Sách,83000,6,0.044,498000,475886,52961,158120,COD,Mobile,14.0,2.0,0
3832,2025-06-01,198,23.0,Nam,Cần Thơ,Facebook Ads,Mỹ phẩm,232000,5,0.065,1160000,1084765,101453,577500,Ví điện tử,Mobile,2.0,3.0,0
3833,2025-06-01,1440,44.0,Nam,Hải Phòng,Facebook Ads,Gia dụng,155000,4,0.069,620000,577213,88651,222609,Thẻ tín dụng,Mobile,2.0,4.0,0
3834,2025-06-01,1663,30.0,Nam,Hải Phòng,Google Ads,Mỹ phẩm,153000,1,0.153,153000,129516,76997,52519,Ví điện tử,Tablet,1.0,4.0,0
3835,2025-06-02,1504,34.0,Nữ,Đà Nẵng,Facebook Ads,Gia dụng,141000,4,0.194,564000,454724,81094,130348,Ví điện tử,Mobile,1.0,4.0,0
3836,2025-06-02,3057,19.0,Nữ,TP.HCM,Facebook Ads,Gia dụng,156000,3,0.085,468000,428082,87339,166065,COD,Mobile,1.0,4.0,0
3837,2025-06-02,1857,26.0,Nam,Hà Nội,Organic,Mỹ phẩm,147000,3,0.2,441000,352916,65259,157139,Ví điện tử,Desktop,1.0,5.0,0
3838,2025-06-02,157,29.0,Nữ,TP.HCM,Facebook Ads,Thời trang,119000,2,0.047,238000,226718,69096,88526,Chuyển khoản,Desktop,,4.0,0
3839,2025-06-02,1788,31.0,Nam,TP.HCM,Google Ads,Mỹ phẩm,185000,4,0.045,740000,706464,84846,367080,Thẻ tín dụng,Desktop,2.0,5.0,0
3840,2025-06-02,2499,18.0,Nữ,Hải Phòng,Google Ads,Mỹ phẩm,139000,1,0.157,139000,117208,58296,58912,COD,Mobile,4.0,4.0,0
3841,2025-06-02,873,,Nữ,TP.HCM,Facebook Ads,Mỹ phẩm,285000,12,0.089,3420000,3114910,123089,1637842,Ví điện tử,Mobile,7.0,3.0,0
3842,2025-06-02,3233,42.0,Nữ,TP.HCM,Organic,Thời trang,193000,2,0.084,386000,353756,107747,138262,Thẻ tín dụng,Mobile,3.0,4.0,0
3843,2025-06-02,2927,49.0,Nữ,Cần Thơ,Organic,Gia dụng,212000,3,0.066,636000,594053,135566,187355,Thẻ tín dụng,Desktop,1.0,5.0,0
3844,2025-06-02,2829,33.0,Nữ,Hà Nội,Facebook Ads,Sách,84000,4,0.093,336000,304717,54836,85373,Ví điện tử,Mobile,1.0,5.0,0
3845,2025-06-03,2701,35.0,Nữ,Hải Phòng,Organic,Mỹ phẩm,228000,10,0.141,2280000,1958590,107829,880300,COD,Desktop,3.0,4.0,0
3846,2025-06-03,1676,38.0,Nữ,Đà Nẵng,Facebook Ads,Điện tử,210000,5,0.06,1050000,986475,155689,208030,COD,Mobile,4.0,3.0,0
3847,2025-06-03,921,40.0,Nam,TP.HCM,Facebook Ads,Mỹ phẩm,217000,5,0.079,1085000,999338,100490,496888,COD,Mobile,2.0,5.0,0
3848,2025-06-03,1981,38.0,Nữ,Hải Phòng,Organic,Mỹ phẩm,234000,5,0.185,1170000,953324,113306,386794,Thẻ tín dụng,Mobile,1.0,4.0,0
3849,2025-06-03,249,27.0,Nữ,TP.HCM,Facebook Ads,Thời trang,151000,9,0.067,1359000,1267859,83625,515234,Ví điện tử,Mobile,4.0,3.0,0
3850,2025-06-03,13,29.0,Nam,Cần Thơ,Organic,Mỹ phẩm,387000,2,0.053,774000,732859,178418,376023,Ví điện tử,Desktop,6.0,3.0,0
3851,2025-06-03,1062,27.0,Nữ,Cần Thơ,Google Ads,Gia dụng,363000,4,0.153,1452000,1230436,209267,393368,Chuyển khoản,Desktop,2.0,5.0,0
3852,2025-06-04,307,42.0,Nam,TP.HCM,Google Ads,Sách,110000,7,0.213,770000,605976,69935,116431,Thẻ tín dụng,Mobile,2.0,4.0,0
3853,2025-06-04,1638,38.0,Nữ,Cần Thơ,Organic,Thời trang,214000,3,0.036,642000,618657,111257,284886,Thẻ tín dụng,Mobile,1.0,4.0,0
3854,2025-06-04,921,40.0,Nam,Cần Thơ,Referral,Sách,89000,3,0.091,267000,242785,60032,62689,Thẻ tín dụng,Desktop,1.0,3.0,0
3855,2025-06-04,1513,27.0,Nam,TP.HCM,Organic,Điện tử,291000,2,0.069,582000,542010,208134,125742,Thẻ tín dụng,Mobile,3.0,3.0,0
3856,2025-06-04,900,37.0,Nữ,Đà Nẵng,Facebook Ads,Thời trang,225000,3,0.047,675000,643273,138016,229225,Ví điện tử,Desktop,2.0,3.0,0
3857,2025-06-04,2571,37.0,Nam,Đà Nẵng,Google Ads,Gia dụng,268000,2,0.143,536000,459135,154359,150417,Chuyển khoản,Desktop,12.0,3.0,0
3858,2025-06-04,857,41.0,Nữ,Hà Nội,Facebook Ads,Sách,91000,3,0.078,273000,251803,59696,72715,Thẻ tín dụng,Mobile,2.0,,0
3859,2025-06-04,1843,60.0,Nam,TP.HCM,Google Ads,Thời trang,175000,6,0.145,1050000,897633,99322,301701,Thẻ tín dụng,Mobile,2.0,5.0,0
3860,2025-06-05,583,34.0,Nam,TP.HCM,Organic,Sách,77000,1,0.138,77000,66360,49086,17274,Ví điện tử,Mobile,2.0,4.0,0
3861,2025-06-05,1446,34.0,Nam,Cần Thơ,Organic,Điện tử,374000,3,0.01,1122000,1110463,258445,335128,Ví điện tử,Tablet,1.0,3.0,0
3862,2025-06-05,2519,41.0,Nữ,Cần Thơ,Referral,Thực phẩm,107000,5,0.075,535000,494933,75061,119628,COD,Desktop,1.0,4.0,0
3863,2025-06-05,65,19.0,Nữ,Hà Nội,Organic,Mỹ phẩm,217000,2,0.089,434000,395294,99174,196946,COD,Mobile,3.0,4.0,0
3864,2025-06-05,196,26.0,Nữ,Hà Nội,Facebook Ads,Thời trang,162000,2,0.077,324000,298910,95614,107682,Chuyển khoản,Desktop,2.0,4.0,0
3865,2025-06-05,1432,24.0,Nam,Cần Thơ,Facebook Ads,Mỹ phẩm,239000,3,0.1,717000,645523,111818,310069,COD,Desktop,3.0,5.0,0
3866,2025-06-06,353,35.0,Nữ,Hà Nội,Facebook Ads,Thực phẩm,131000,3,0.041,393000,376903,92495,99418,Thẻ tín dụng,Desktop,4.0,3.0,0
3867,2025-06-06,661,29.0,Nam,TP.HCM,Facebook Ads,Điện tử,328000,2,0.032,656000,635026,225078,184870,COD,Mobile,3.0,5.0,0
3868,2025-06-06,1007,32.0,Nữ,Đà Nẵng,Facebook Ads,Điện tử,233000,3,0.029,699000,678906,178439,143589,Ví điện tử,Mobile,1.0,5.0,0
3869,2025-06-06,1549,20.0,Nam,Hà Nội,Organic,Mỹ phẩm,231000,5,0.111,1155000,1026256,102211,515201,Ví điện tử,Desktop,5.0,4.0,0
3870,2025-06-06,886,36.0,Nữ,Hà Nội,Organic,Gia dụng,213000,5,0.125,1065000,931638,139480,234238,Ví điện tử,Mobile,4.0,5.0,0
3871,2025-06-06,2338,36.0,Nam,Hải Phòng,Referral,Gia dụng,364000,2,0.052,728000,690108,227901,234306,Thẻ tín dụng,Mobile,4.0,3.0,0
3872,2025-06-06,1736,27.0,Nữ,TP.HCM,Referral,Thời trang,171000,8,0.191,1368000,1106093,89491,390165,Thẻ tín dụng,Mobile,2.0,3.0,0
3873,2025-06-07,250,37.0,Nam,TP.HCM,Facebook Ads,Mỹ phẩm,135000,6,0.104,810000,725916,55670,391896,Chuyển khoản,Mobile,1.0,4.0,0
3874,2025-06-07,3161,37.0,Nữ,TP.HCM,Referral,Thực phẩm,89000,3,0.126,267000,233292,62082,47046,Ví điện tử,Mobile,1.0,4.0,0
3875,2025-06-07,181,20.0,Nữ,Đà Nẵng,Referral,Thời trang,117000,8,0.017,936000,920297,62341,421569,Chuyển khoản,Mobile,3.0,4.0,0
3876,2025-06-07,2323,24.0,Nam,Hà Nội,Organic,Thời trang,169000,3,0.1,507000,456498,98387,161337,COD,Desktop,0.0,5.0,0
3877,2025-06-07,990,31.0,Nam,TP.HCM,Organic,Điện tử,231000,4,0.276,924000,668557,172571,-21727,COD,Tablet,3.0,3.0,1
3878,2025-06-07,935,18.0,Nữ,TP.HCM,Organic,Mỹ phẩm,212000,2,0.266,424000,311191,105750,99691,COD,Mobile,2.0,5.0,0
3879,2025-06-07,1630,37.0,Nam,TP.HCM,Organic,Sách,140000,5,0.097,700000,632117,99263,135802,COD,Mobile,2.0,4.0,0
3880,2025-06-07,387,43.0,Nữ,Cần Thơ,Organic,Sách,124000,3,0.073,372000,344672,78381,109529,COD,Mobile,2.0,4.0,0
3881,2025-06-07,606,55.0,Nam,Hải Phòng,Facebook Ads,Thực phẩm,135000,5,0.139,675000,581026,89064,135706,Chuyển khoản,Mobile,2.0,,0
3882,2025-06-07,1225,26.0,Nữ,Hải Phòng,Organic,Thời trang,109000,5,0.134,545000,471829,59329,175184,Chuyển khoản,Desktop,4.0,,0
3883,2025-06-07,617,18.0,Nam,Hải Phòng,Referral,Sách,101000,6,0.114,606000,536777,69612,119105,Thẻ tín dụng,Mobile,4.0,4.0,0
3884,2025-06-07,2484,31.0,Nữ,Đà Nẵng,Facebook Ads,Sách,61000,3,0.123,183000,160536,39503,42027,COD,Mobile,1.0,5.0,0
3885,2025-06-07,1080,25.0,Nữ,Cần Thơ,Google Ads,Mỹ phẩm,194000,4,0.154,776000,656281,90445,294501,COD,Mobile,3.0,5.0,0
3886,2025-06-07,1026,37.0,Nữ,Cần Thơ,Referral,Thời trang,214000,8,0.115,1712000,1515860,121167,546524,COD,Mobile,3.0,4.0,0
3887,2025-06-08,1385,18.0,Nam,Hà Nội,Google Ads,Điện tử,245000,6,0.245,1470000,1110286,186055,-6044,COD,Mobile,5.0,4.0,0
3888,2025-06-08,1692,31.0,Nam,TP.HCM,Facebook Ads,Mỹ phẩm,185000,4,0.072,740000,686920,80696,364136,COD,Mobile,7.0,4.0,0
3889,2025-06-08,1814,31.0,Nam,TP.HCM,Facebook Ads,Thời trang,104000,6,0.162,624000,523004,57678,176936,COD,Mobile,4.0,5.0,0
3890,2025-06-08,2207,50.0,Nam,Hà Nội,Google Ads,Thời trang,162000,6,0.048,972000,924963,85260,413403,Ví điện tử,Desktop,5.0,3.0,0
3891,2025-06-08,3033,44.0,Nam,Hà Nội,Email,Mỹ phẩm,165000,3,0.044,495000,473204,71961,257321,COD,Tablet,2.0,3.0,0
3892,2025-06-08,247,44.0,Nữ,Hà Nội,Google Ads,Thời trang,88000,5,0.063,440000,412201,49027,167066,Thẻ tín dụng,Tablet,4.0,4.0,0
3893,2025-06-08,2422,52.0,Nam,Hà Nội,Referral,Thời trang,193000,3,0.065,579000,541586,109485,213131,Ví điện tử,Desktop,4.0,4.0,0
3894,2025-06-08,1679,30.0,Nữ,Hải Phòng,Facebook Ads,Thời trang,226000,3,0.041,678000,650517,117952,296661,COD,Mobile,3.0,4.0,0
3895,2025-06-09,2151,52.0,Nữ,Cần Thơ,Google Ads,Thời trang,150000,4,0.208,600000,475208,79893,155636,Ví điện tử,Mobile,9.0,3.0,0
3896,2025-06-09,2304,27.0,Nam,Cần Thơ,Facebook Ads,Sách,89000,2,0.087,178000,162455,62151,38153,Thẻ tín dụng,Mobile,5.0,3.0,0
3897,2025-06-09,551,33.0,Nữ,Hà Nội,Referral,Thời trang,125000,3,0.079,375000,345292,69352,137236,Ví điện tử,Mobile,1.0,5.0,0
3898,2025-06-09,2664,43.0,Nữ,TP.HCM,Google Ads,Điện tử,388000,3,0.037,1164000,1121443,242782,393097,Ví điện tử,Mobile,3.0,4.0,0
3899,2025-06-09,2545,18.0,Nữ,Hà Nội,Organic,Thời trang,149000,8,0.193,1192000,962182,83264,296070,COD,Desktop,2.0,5.0,0
3900,2025-06-09,1614,28.0,Nữ,Hải Phòng,Organic,Điện tử,223000,3,0.034,669000,646387,154387,183226,COD,Desktop,4.0,3.0,0
3901,2025-06-09,1266,25.0,Nam,TP.HCM,Google Ads,Mỹ phẩm,184000,4,0.219,736000,574481,82471,244597,Ví điện tử,Mobile,2.0,4.0,0
3902,2025-06-09,2420,,Nam,Cần Thơ,Organic,Thực phẩm,125000,6,0.257,750000,557218,90280,15538,Ví điện tử,Desktop,2.0,3.0,0
3903,2025-06-09,1657,25.0,Nam,TP.HCM,Referral,Thời trang,116000,5,0.097,580000,523748,64845,199523,Chuyển khoản,Mobile,2.0,4.0,1
3904,2025-06-09,1775,27.0,Nữ,Hải Phòng,Organic,Thực phẩm,108000,5,0.091,540000,490903,74043,120688,Ví điện tử,Mobile,1.0,5.0,0
3905,2025-06-10,1492,27.0,Nữ,Hà Nội,Referral,Điện tử,276000,2,0.186,552000,449299,192042,65215,Thẻ tín dụng,Desktop,8.0,3.0,0
3906,2025-06-10,2036,42.0,Nam,TP.HCM,Referral,Điện tử,138000,5,0.096,690000,624074,104223,102959,Ví điện tử,Mobile,2.0,4.0,0
3907,2025-06-10,2897,35.0,Nữ,Đà Nẵng,Facebook Ads,Gia dụng,221000,5,0.129,1105000,962052,127999,322057,Ví điện tử,Mobile,2.0,4.0,0
3908,2025-06-10,2454,28.0,Nữ,Đà Nẵng,Organic,Gia dụng,200000,2,0.169,400000,332418,121908,88602,Chuyển khoản,Desktop,4.0,4.0,0
3909,2025-06-10,1120,29.0,Nam,Hải Phòng,Facebook Ads,Thời trang,157000,4,0.048,628000,597707,83030,265587,COD,Desktop,3.0,5.0,0
3910,2025-06-10,3075,30.0,Nữ,Hà Nội,Email,Thời trang,194000,3,0.035,582000,561455,112580,223715,COD,Mobile,4.0,,1
3911,2025-06-10,270,40.0,Nữ,Hải Phòng,Facebook Ads,Điện tử,268000,7,0.14,1876000,1613347,207108,163591,Chuyển khoản,Mobile,2.0,4.0,0
3912,2025-06-11,882,32.0,Nữ,TP.HCM,Facebook Ads,Thực phẩm,99000,6,0.091,594000,539732,70632,115940,COD,Mobile,,4.0,0
3913,2025-06-11,620,23.0,Nữ,TP.HCM,Email,Thời trang,187000,6,0.097,1122000,1013342,105418,380834,Thẻ tín dụng,Desktop,1.0,5.0,0
3914,2025-06-11,2792,18.0,Nam,Cần Thơ,Organic,Sách,72000,3,0.006,216000,214716,44893,80037,Thẻ tín dụng,Mobile,3.0,5.0,0
3915,2025-06-12,2859,29.0,Nam,Đà Nẵng,Organic,Thời trang,138000,3,0.079,414000,381413,71162,167927,Ví điện tử,Mobile,3.0,3.0,0
3916,2025-06-12,847,27.0,Nam,Hải Phòng,Referral,Thời trang,239000,4,0.047,956000,911480,137643,360908,Thẻ tín dụng,Mobile,4.0,5.0,0
3917,2025-06-12,2150,18.0,Nữ,Hà Nội,Facebook Ads,Thời trang,161000,3,0.196,483000,388111,78241,153388,Thẻ tín dụng,Mobile,5.0,3.0,0
3918,2025-06-12,730,,Nữ,Hà Nội,Organic,Sách,66000,1,0.061,66000,61975,39267,22708,Ví điện tử,Mobile,5.0,4.0,0
3919,2025-06-12,2598,41.0,Nữ,Hà Nội,Facebook Ads,Mỹ phẩm,256000,2,0.071,512000,475819,124008,227803,COD,Mobile,7.0,4.0,0
3920,2025-06-12,2755,35.0,Nữ,Hà Nội,Google Ads,Điện tử,419000,4,0.135,1676000,1449427,298466,255563,Ví điện tử,Mobile,4.0,5.0,0
3921,2025-06-12,416,24.0,Nam,Cần Thơ,Organic,Gia dụng,280000,6,0.084,1680000,1538121,166105,541491,COD,Mobile,1.0,4.0,0
3922,2025-06-13,3255,31.0,Nam,Hải Phòng,Facebook Ads,Gia dụng,234000,2,0.044,468000,447270,142020,163230,Ví điện tử,Mobile,7.0,3.0,0
3923,2025-06-13,1888,41.0,Nam,Hải Phòng,Organic,Điện tử,282000,3,0.042,846000,810159,218013,156120,COD,Mobile,1.0,5.0,0
3924,2025-06-13,301,34.0,Nam,Hà Nội,Google Ads,Thời trang,173000,4,0.306,692000,480117,100515,78057,Ví điện tử,Mobile,5.0,3.0,0
3925,2025-06-13,308,28.0,Nữ,Cần Thơ,Facebook Ads,Gia dụng,295000,8,0.105,2360000,2113269,170431,749821,Ví điện tử,Desktop,1.0,4.0,0
3926,2025-06-13,1719,39.0,Nam,Hà Nội,Email,Mỹ phẩm,154000,1,0.148,154000,131239,69545,61694,COD,Mobile,2.0,,0
3927,2025-06-13,1211,40.0,Nữ,TP.HCM,Google Ads,Thời trang,204000,3,0.122,612000,537302,115333,191303,Chuyển khoản,Desktop,1.0,5.0,0
3928,2025-06-13,1580,36.0,Nữ,Đà Nẵng,Referral,Sách,98000,4,0.015,392000,386071,58886,150527,Thẻ tín dụng,Mobile,3.0,3.0,0
3929,2025-06-13,516,31.0,Nam,TP.HCM,Organic,Sách,73000,4,0.02,292000,286080,47896,94496,Ví điện tử,Mobile,4.0,4.0,0
3930,2025-06-13,2808,41.0,Nam,Hà Nội,Facebook Ads,Thời trang,103000,3,0.234,309000,236556,54194,73974,COD,Desktop,3.0,5.0,0
3931,2025-06-13,1907,33.0,Nữ,TP.HCM,Facebook Ads,Thời trang,263000,4,0.05,1052000,999825,145888,416273,COD,Desktop,4.0,,0
3932,2025-06-13,912,37.0,Nữ,Hà Nội,Organic,Thời trang,266000,2,0.156,532000,448753,142023,164707,COD,Mobile,,5.0,1
3933,2025-06-14,2498,45.0,Nữ,Hà Nội,Referral,Thời trang,172000,3,0.109,516000,459528,97552,166872,Ví điện tử,Mobile,2.0,4.0,0
3934,2025-06-14,2706,31.0,Nam,Hà Nội,Referral,Gia dụng,241000,3,0.04,723000,694265,147967,250364,Ví điện tử,Mobile,2.0,5.0,0
3935,2025-06-14,1381,31.0,Nữ,Hà Nội,Email,Điện tử,230000,7,0.019,1610000,1579694,160513,456103,Thẻ tín dụng,Tablet,0.0,5.0,0
3936,2025-06-14,2096,27.0,Nam,TP.HCM,Google Ads,Gia dụng,217000,3,0.001,651000,650086,134879,245449,COD,Desktop,2.0,4.0,1
3937,2025-06-14,3249,34.0,Nam,TP.HCM,Referral,Thời trang,147000,2,0.034,294000,284005,83773,116459,COD,Mobile,2.0,4.0,0
3938,2025-06-14,2545,18.0,Nữ,Hà Nội,Facebook Ads,Mỹ phẩm,137000,3,0.063,411000,384980,62336,197972,Ví điện tử,Desktop,2.0,5.0,0
3939,2025-06-14,2236,45.0,Nữ,Cần Thơ,Email,Gia dụng,206000,9,0.118,1854000,1634489,119903,555362,Ví điện tử,Mobile,1.0,4.0,0
3940,2025-06-14,2334,32.0,Nữ,Đà Nẵng,Email,Mỹ phẩm,212000,5,0.071,1060000,984865,95960,505065,Thẻ tín dụng,Mobile,4.0,4.0,0
3941,2025-06-14,1015,19.0,Nữ,TP.HCM,Facebook Ads,Điện tử,186000,11,0.089,2046000,1863518,132956,401002,Chuyển khoản,Desktop,5.0,3.0,0
3942,2025-06-14,3104,,Nữ,Hà Nội,Organic,Thời trang,145000,3,0.108,435000,387920,74529,164333,COD,Mobile,5.0,3.0,0
3943,2025-06-14,1325,26.0,Nữ,TP.HCM,Facebook Ads,Sách,86000,5,0.102,430000,386089,58142,95379,COD,Mobile,3.0,3.0,0
3944,2025-06-14,289,26.0,Nữ,TP.HCM,Email,Gia dụng,249000,5,0.038,1245000,1197427,152714,433857,Ví điện tử,Mobile,3.0,4.0,0
3945,2025-06-14,2529,53.0,Nữ,Đà Nẵng,Facebook Ads,Thời trang,117000,5,0.125,585000,512160,63319,195565,Chuyển khoản,Mobile,2.0,4.0,1
3946,2025-06-15,2830,33.0,Nam,Hà Nội,Google Ads,Điện tử,242000,3,0.14,726000,624559,168077,120328,Thẻ tín dụng,Mobile,1.0,4.0,0
3947,2025-06-15,1168,25.0,Nữ,Hải Phòng,Facebook Ads,Sách,76000,4,0.054,304000,287508,47064,99252,Ví điện tử,Desktop,4.0,3.0,0
3948,2025-06-15,1298,18.0,Nữ,Hà Nội,Google Ads,Thời trang,201000,3,0.08,603000,554521,116478,205087,COD,Desktop,6.0,3.0,0
3949,2025-06-15,984,30.0,Nam,Hà Nội,Facebook Ads,Điện tử,285000,3,0.047,855000,814656,199350,216606,Ví điện tử,Mobile,2.0,4.0,0
3950,2025-06-15,1976,35.0,Nam,TP.HCM,Email,Sách,70000,2,0.013,140000,138234,47087,44060,Thẻ tín dụng,Mobile,2.0,4.0,0
3951,2025-06-15,334,23.0,Nữ,Đà Nẵng,Organic,Gia dụng,143000,2,0.1,286000,257345,79909,97527,Thẻ tín dụng,Mobile,5.0,3.0,0
3952,2025-06-15,2976,31.0,Nữ,Hải Phòng,Facebook Ads,Thời trang,133000,5,0.257,665000,493999,82304,82479,COD,Mobile,4.0,4.0,0
3953,2025-06-15,777,21.0,Nữ,Hải Phòng,Organic,Sách,85000,8,0.065,680000,635911,54679,198479,Chuyển khoản,Desktop,4.0,,0
3954,2025-06-15,2566,38.0,Nữ,Đà Nẵng,Email,Mỹ phẩm,293000,4,0.183,1172000,957121,134690,418361,Thẻ tín dụng,Mobile,3.0,4.0,0
3955,2025-06-15,1776,30.0,Nam,Đà Nẵng,Facebook Ads,Sách,82000,2,0.059,164000,154311,48363,57585,Thẻ tín dụng,Mobile,4.0,3.0,0
3956,2025-06-15,818,46.0,Nam,TP.HCM,Facebook Ads,Gia dụng,185000,3,0.116,555000,490466,116371,141353,Ví điện tử,Mobile,3.0,4.0,1
3957,2025-06-15,2709,32.0,Nữ,TP.HCM,Referral,Gia dụng,267000,2,0.048,534000,508369,166606,175157,Ví điện tử,Desktop,6.0,4.0,0
3958,2025-06-15,2609,34.0,Nữ,Hải Phòng,Google Ads,Mỹ phẩm,218000,6,0.134,1308000,1132475,96031,556289,Chuyển khoản,Tablet,1.0,4.0,0
3959,2025-06-15,79,27.0,Nam,Hà Nội,Facebook Ads,Thời trang,142000,3,0.049,426000,405034,79686,165976,COD,Mobile,3.0,4.0,0
3960,2025-06-16,2441,33.0,Nữ,Hà Nội,Facebook Ads,Thời trang,140000,3,0.244,420000,317722,76599,87925,COD,Mobile,0.0,5.0,0
3961,2025-06-16,1795,38.0,Nữ,Cần Thơ,Facebook Ads,Gia dụng,263000,5,0.051,1315000,1248411,160316,446831,Ví điện tử,Mobile,9.0,2.0,0
3962,2025-06-16,2227,30.0,Nữ,Hà Nội,Facebook Ads,Sách,95000,3,0.065,285000,266486,63366,76388,COD,Mobile,7.0,4.0,0
3963,2025-06-16,2756,37.0,Nữ,TP.HCM,Facebook Ads,Mỹ phẩm,371000,4,0.074,1484000,1373817,159448,736025,Ví điện tử,Tablet,1.0,4.0,0
3964,2025-06-16,2117,33.0,Nam,Hà Nội,Organic,Thời trang,148000,1,0.086,148000,135315,83257,52058,Chuyển khoản,Mobile,1.0,5.0,0
3965,2025-06-16,2062,31.0,Nam,TP.HCM,Facebook Ads,Điện tử,263000,3,0.114,789000,699235,191106,125917,Chuyển khoản,Mobile,1.0,4.0,0
3966,2025-06-16,2511,44.0,Nam,Đà Nẵng,Referral,Gia dụng,285000,2,0.05,570000,541544,177697,186150,Thẻ tín dụng,Mobile,2.0,4.0,0
3967,2025-06-16,3299,18.0,Nam,TP.HCM,Google Ads,Điện tử,188000,4,0.072,752000,698202,130135,177662,COD,Desktop,3.0,4.0,0
3968,2025-06-16,648,41.0,Nữ,Cần Thơ,Google Ads,Mỹ phẩm,330000,2,0.023,660000,644811,159876,325059,Ví điện tử,Tablet,3.0,3.0,0
3969,2025-06-16,2660,51.0,Nam,Hải Phòng,Referral,Điện tử,267000,2,0.128,534000,465496,187182,91132,Ví điện tử,Mobile,4.0,3.0,0
3970,2025-06-16,2662,,Nam,Cần Thơ,Referral,Mỹ phẩm,195000,7,0.114,1365000,1208860,92248,563124,Ví điện tử,Mobile,2.0,3.0,0
3971,2025-06-16,245,48.0,Nam,Hải Phòng,Organic,Điện tử,177000,3,0.248,531000,399485,129004,12473,COD,Mobile,4.0,5.0,0
3972,2025-06-16,1620,27.0,Nữ,Hà Nội,Facebook Ads,Thời trang,220000,4,0.006,880000,874541,121933,386809,Ví điện tử,Desktop,2.0,4.0,0
3973,2025-06-16,844,37.0,Nữ,TP.HCM,Referral,Mỹ phẩm,149000,6,0.089,894000,814211,66593,414653,COD,Mobile,1.0,4.0,0
3974,2025-06-16,1767,27.0,Nữ,Hà Nội,Google Ads,Thời trang,121000,3,0.159,363000,305140,71512,90604,Thẻ tín dụng,Mobile,7.0,4.0,0
3975,2025-06-16,1126,18.0,Nam,Cần Thơ,Google Ads,Sách,103000,4,0.12,412000,362463,61572,116175,Ví điện tử,Desktop,1.0,4.0,0
3976,2025-06-16,1974,37.0,Nữ,Đà Nẵng,Facebook Ads,Thời trang,185000,3,0.186,555000,451777,107472,129361,Thẻ tín dụng,Desktop,4.0,4.0,0
3977,2025-06-17,485,42.0,Nam,Cần Thơ,Facebook Ads,Thời trang,82000,1,0.103,82000,73556,41643,31913,Chuyển khoản,Desktop,1.0,4.0,0
3978,2025-06-17,1791,39.0,Nam,TP.HCM,Organic,Mỹ phẩm,198000,2,0.142,396000,339893,88185,163523,COD,Desktop,5.0,4.0,0
3979,2025-06-17,294,28.0,Nam,Hà Nội,Google Ads,Điện tử,305000,1,0.05,305000,289757,224842,64915,COD,Mobile,3.0,3.0,0
3980,2025-06-17,2013,27.0,Nữ,Hà Nội,Google Ads,Gia dụng,248000,4,0.079,992000,913991,145595,331611,COD,Desktop,4.0,4.0,0
3981,2025-06-17,1717,42.0,Nam,Hải Phòng,Facebook Ads,Gia dụng,292000,3,0.114,876000,775993,170641,264070,COD,Mobile,3.0,5.0,1
3982,2025-06-17,774,21.0,Nam,Cần Thơ,Facebook Ads,Mỹ phẩm,177000,5,0.097,885000,799228,75026,424098,Chuyển khoản,Mobile,4.0,5.0,0
3983,2025-06-17,1548,31.0,Nữ,Hải Phòng,Referral,Sách,116000,4,0.244,464000,350757,75817,47489,Thẻ tín dụng,Mobile,6.0,3.0,0
3984,2025-06-18,797,31.0,Nữ,TP.HCM,Organic,Thời trang,102000,6,0.138,612000,527633,53903,204215,COD,Mobile,3.0,4.0,0
3985,2025-06-18,1868,37.0,Nữ,Hải Phòng,Google Ads,Gia dụng,335000,5,0.176,1675000,1380444,212345,318719,COD,Mobile,2.0,5.0,0
3986,2025-06-18,988,18.0,Nữ,Cần Thơ,Referral,Điện tử,144000,3,0.182,432000,353501,101023,50432,Ví điện tử,Mobile,5.0,4.0,0
3987,2025-06-18,2469,43.0,Nữ,Hà Nội,Google Ads,Gia dụng,179000,2,0.026,358000,348624,108181,132262,Chuyển khoản,Mobile,1.0,4.0,0
3988,2025-06-18,2538,33.0,Nữ,TP.HCM,Organic,Gia dụng,196000,3,0.042,588000,563027,115059,217850,COD,Desktop,7.0,4.0,0
3989,2025-06-18,511,24.0,Nam,Đà Nẵng,Organic,Mỹ phẩm,218000,3,0.062,654000,613702,96011,325669,COD,Mobile,9.0,3.0,0
3990,2025-06-18,309,32.0,Nữ,Hà Nội,Organic,Thời trang,126000,3,0.018,378000,371245,70884,158593,Ví điện tử,Mobile,6.0,3.0,0
3991,2025-06-18,2959,22.0,Nam,Đà Nẵng,Email,Gia dụng,193000,3,0.081,579000,532248,118737,176037,Chuyển khoản,Mobile,3.0,4.0,1
3992,2025-06-18,1303,27.0,Nữ,Đà Nẵng,Organic,Điện tử,167000,2,0.214,334000,262537,122175,18187,Chuyển khoản,Mobile,2.0,3.0,0
3993,2025-06-18,3222,30.0,Nữ,Hải Phòng,Facebook Ads,Thực phẩm,145000,5,0.265,725000,532541,97473,45176,COD,Mobile,1.0,3.0,0
3994,2025-06-18,1718,43.0,Nữ,Đà Nẵng,Referral,Gia dụng,302000,3,0.071,906000,841957,184885,287302,COD,Desktop,2.0,3.0,0
3995,2025-06-18,3191,46.0,Nữ,Hà Nội,Google Ads,Thời trang,121000,4,0.042,484000,463571,68400,189971,COD,Tablet,2.0,4.0,0
3996,2025-06-18,2262,33.0,Nam,Đà Nẵng,Google Ads,Thời trang,236000,1,0.203,236000,187989,127128,60861,Ví điện tử,Tablet,2.0,4.0,0
3997,2025-06-18,2394,30.0,Nữ,Cần Thơ,Organic,Sách,85000,3,0.201,255000,203799,50941,50976,COD,Mobile,2.0,5.0,0
3998,2025-06-19,2329,34.0,Nữ,TP.HCM,Referral,Gia dụng,285000,4,0.123,1140000,999735,178162,287087,COD,Mobile,1.0,5.0,0
3999,2025-06-19,76,45.0,Nam,TP.HCM,Referral,Sách,112000,3,0.052,336000,318520,77737,85309,Chuyển khoản,Desktop,2.0,4.0,0
4000,2025-06-19,118,28.0,Nữ,Hà Nội,Facebook Ads,Mỹ phẩm,278000,6,0.088,1668000,1522047,124595,774477,COD,Desktop,1.0,4.0,0
4001,2025-06-19,1280,39.0,Nữ,Hải Phòng,Referral,Thời trang,143000,3,0.092,429000,389549,78011,155516,Ví điện tử,Mobile,2.0,3.0,1
4002,2025-06-19,1220,40.0,Nam,TP.HCM,Facebook Ads,Gia dụng,230000,5,0.088,1150000,1048649,136610,365599,Ví điện tử,Mobile,1.0,5.0,0
4003,2025-06-19,2803,24.0,Nam,TP.HCM,Referral,Thời trang,133000,4,0.18,532000,436046,69138,159494,Ví điện tử,Mobile,4.0,4.0,0
4004,2025-06-20,3173,29.0,Nam,Cần Thơ,Referral,Sách,79000,4,0.113,316000,280150,50489,78194,COD,Tablet,2.0,4.0,0
4005,2025-06-20,2542,40.0,Nam,Hải Phòng,Facebook Ads,Gia dụng,201000,4,0.182,804000,657589,119108,181157,COD,Mobile,2.0,5.0,0
4006,2025-06-20,330,36.0,Nữ,Cần Thơ,Facebook Ads,Thực phẩm,95000,8,0.067,760000,709109,68110,164229,Chuyển khoản,Mobile,5.0,4.0,0
4007,2025-06-20,728,33.0,Nữ,Hải Phòng,Facebook Ads,Sách,89000,4,0.11,356000,316785,54945,97005,COD,Mobile,1.0,,0
4008,2025-06-20,1224,25.0,Nữ,TP.HCM,Organic,Thời trang,144000,5,0.086,720000,657777,77039,272582,Ví điện tử,Mobile,1.0,5.0,0
4009,2025-06-20,2006,29.0,Nam,TP.HCM,Organic,Thời trang,181000,7,0.152,1267000,1074200,96824,396432,Ví điện tử,Mobile,3.0,5.0,0
4010,2025-06-20,1298,18.0,Nữ,Đà Nẵng,Organic,Mỹ phẩm,182000,2,0.033,364000,352006,85612,180782,COD,Mobile,3.0,4.0,0
4011,2025-06-20,2147,27.0,Nam,Đà Nẵng,Organic,Thời trang,151000,1,0.137,151000,130340,83258,47082,COD,Mobile,7.0,3.0,0
4012,2025-06-20,2772,30.0,Nam,Hà Nội,Email,Điện tử,186000,8,0.129,1488000,1295538,118413,348234,Thẻ tín dụng,Mobile,,4.0,0
4013,2025-06-20,227,33.0,Nam,Hải Phòng,Referral,Mỹ phẩm,246000,3,0.169,738000,613549,103644,302617,COD,Mobile,2.0,3.0,0
4014,2025-06-20,677,19.0,Nữ,TP.HCM,Google Ads,Gia dụng,303000,3,0.107,909000,811703,179713,272564,Chuyển khoản,Mobile,3.0,4.0,0
4015,2025-06-21,464,24.0,Nữ,Hà Nội,Facebook Ads,Sách,74000,2,0.183,148000,120985,48207,24571,Ví điện tử,Desktop,2.0,4.0,0
4016,2025-06-21,1299,24.0,Nữ,Hà Nội,Facebook Ads,Thực phẩm,100000,3,0.086,300000,274280,75091,49007,COD,Mobile,,5.0,0
4017,2025-06-21,1221,30.0,Nam,Hà Nội,Facebook Ads,Điện tử,288000,7,0.017,2016000,1982364,201437,572305,Ví điện tử,Mobile,2.0,3.0,0
4018,2025-06-21,657,27.0,Nam,Hà Nội,Google Ads,Mỹ phẩm,143000,2,0.019,286000,280546,62840,154866,Ví điện tử,Mobile,3.0,4.0,0
4019,2025-06-21,2575,30.0,Nam,TP.HCM,Google Ads,Thời trang,196000,2,0.061,392000,368213,103533,161147,Ví điện tử,Desktop,3.0,4.0,0
4020,2025-06-21,2876,33.0,Nữ,Cần Thơ,Organic,Thời trang,145000,3,0.187,435000,353859,80304,112947,Thẻ tín dụng,Desktop,1.0,5.0,0
4021,2025-06-21,2304,27.0,Nam,Hà Nội,Google Ads,Điện tử,327000,3,0.038,981000,944073,218148,289629,Ví điện tử,Desktop,1.0,5.0,0
4022,2025-06-21,1056,44.0,Nữ,TP.HCM,Google Ads,Điện tử,182000,8,0.038,1456000,1401059,135405,317819,Thẻ tín dụng,Mobile,2.0,3.0,0
4023,2025-06-21,1022,18.0,Nữ,TP.HCM,Facebook Ads,Thời trang,148000,2,0.057,296000,279114,80823,117468,Ví điện tử,Desktop,3.0,4.0,0
4024,2025-06-22,287,27.0,Nữ,Cần Thơ,Organic,Thời trang,230000,2,0.128,460000,401229,124564,152101,Chuyển khoản,Mobile,1.0,4.0,0
4025,2025-06-22,1493,28.0,Nam,Hà Nội,Facebook Ads,Gia dụng,138000,4,0.074,552000,511197,87719,160321,Thẻ tín dụng,Mobile,3.0,3.0,0
4026,2025-06-22,504,22.0,Nam,TP.HCM,Facebook Ads,Thời trang,150000,6,0.172,900000,744756,79122,270024,COD,Tablet,3.0,4.0,0
4027,2025-06-22,442,50.0,Nữ,Cần Thơ,Organic,Gia dụng,324000,2,0.046,648000,618144,199909,218326,COD,Mobile,2.0,4.0,0
4028,2025-06-22,1704,37.0,Nữ,Hải Phòng,Google Ads,Gia dụng,340000,6,0.097,2040000,1842885,208590,591345,Thẻ tín dụng,Mobile,1.0,4.0,0
4029,2025-06-22,2034,37.0,Nam,Hà Nội,Organic,Thời trang,173000,4,0.116,692000,611844,100689,209088,COD,Desktop,4.0,4.0,0
4030,2025-06-22,61,36.0,Nam,Đà Nẵng,Facebook Ads,Thực phẩm,113000,2,0.2,226000,180726,66813,47100,Ví điện tử,Mobile,3.0,4.0,0
4031,2025-06-22,1193,32.0,Nam,Hải Phòng,Organic,Thời trang,98000,6,0.036,588000,566686,54060,242326,COD,Mobile,2.0,5.0,0
4032,2025-06-22,1481,28.0,Nữ,Hà Nội,Facebook Ads,Thực phẩm,89000,2,0.077,178000,164373,60831,42711,COD,Mobile,2.0,5.0,0
4033,2025-06-22,727,33.0,Nam,Hà Nội,Facebook Ads,Thực phẩm,126000,5,0.131,630000,547400,93360,80600,Ví điện tử,Mobile,1.0,4.0,0
4034,2025-06-22,34,39.0,Nam,TP.HCM,Email,Điện tử,222000,5,0.03,1110000,1076837,172734,213167,Ví điện tử,Desktop,2.0,4.0,0
4035,2025-06-22,2284,35.0,Nữ,Hà Nội,Referral,Gia dụng,148000,7,0.106,1036000,926609,87999,310616,COD,Mobile,10.0,3.0,0
4036,2025-06-23,828,20.0,Nam,Đà Nẵng,Organic,Điện tử,198000,2,0.108,396000,353213,149471,54271,Thẻ tín dụng,Mobile,1.0,,0
4037,2025-06-23,426,19.0,Nữ,TP.HCM,Organic,Thời trang,164000,6,0.333,984000,655908,95499,82914,Ví điện tử,Mobile,3.0,5.0,0
4038,2025-06-23,1333,39.0,Nam,Hà Nội,Facebook Ads,Điện tử,323000,5,0.177,1615000,1328539,203702,310029,COD,Desktop,1.0,5.0,0
4039,2025-06-23,2698,41.0,Nam,Hà Nội,Facebook Ads,Thời trang,123000,4,0.051,492000,467134,63468,213262,Ví điện tử,Desktop,8.0,3.0,0
4040,2025-06-23,1325,26.0,Nữ,Hải Phòng,Organic,Điện tử,346000,4,0.108,1384000,1234133,244913,254481,Ví điện tử,Mobile,4.0,3.0,0
4041,2025-06-23,909,47.0,Nữ,Hà Nội,Google Ads,Điện tử,217000,8,0.08,1736000,1597923,153573,369339,COD,Desktop,1.0,5.0,0
4042,2025-06-23,2504,44.0,Nữ,Đà Nẵng,Google Ads,Mỹ phẩm,224000,2,0.052,448000,424525,104831,214863,COD,Mobile,2.0,4.0,0
4043,2025-06-24,1271,25.0,Nam,Hải Phòng,Email,Điện tử,436000,5,0.078,2180000,2010454,323389,393509,Ví điện tử,Desktop,3.0,4.0,0
4044,2025-06-24,1970,37.0,Nam,Hải Phòng,Google Ads,Mỹ phẩm,175000,6,0.12,1050000,923891,77930,456311,COD,Desktop,4.0,4.0,0
4045,2025-06-24,1276,25.0,Nữ,Hải Phòng,Google Ads,Thời trang,124000,3,0.075,372000,344256,63441,153933,COD,Mobile,4.0,4.0,1
4046,2025-06-24,466,31.0,Nữ,Hà Nội,Facebook Ads,Sách,68000,7,0.049,476000,452659,45646,133137,COD,Desktop,2.0,5.0,0
4047,2025-06-24,2784,29.0,Nữ,Hà Nội,Google Ads,Mỹ phẩm,250000,4,0.216,1000000,784448,111118,339976,Ví điện tử,Mobile,3.0,5.0,0
4048,2025-06-24,501,34.0,Nữ,Đà Nẵng,Organic,Thời trang,112000,6,0.078,672000,619428,56441,280782,Thẻ tín dụng,Tablet,4.0,4.0,0
4049,2025-06-24,294,28.0,Nam,Hà Nội,Organic,Điện tử,197000,2,0.079,394000,363009,135022,92965,Thẻ tín dụng,Desktop,5.0,4.0,0
4050,2025-06-25,1125,23.0,Nữ,Hà Nội,Referral,Thời trang,113000,7,0.101,791000,711046,58561,301119,Thẻ tín dụng,Desktop,2.0,5.0,0
4051,2025-06-25,1295,18.0,Nữ,Đà Nẵng,Google Ads,Thời trang,133000,3,0.079,399000,367364,72092,151088,Ví điện tử,Mobile,5.0,3.0,0
4052,2025-06-25,1216,45.0,Nữ,Hải Phòng,Facebook Ads,Thực phẩm,134000,4,0.118,536000,472801,94465,94941,Chuyển khoản,Mobile,2.0,5.0,0
4053,2025-06-25,2181,18.0,Nữ,Cần Thơ,Facebook Ads,Mỹ phẩm,176000,2,0.113,352000,312300,77092,158116,Thẻ tín dụng,Mobile,,4.0,0
4054,2025-06-25,3211,33.0,Nữ,Đà Nẵng,Organic,Điện tử,226000,2,0.103,452000,405403,162044,81315,Ví điện tử,Desktop,2.0,3.0,0
4055,2025-06-25,2736,43.0,Nữ,Hà Nội,Facebook Ads,Điện tử,318000,3,0.035,954000,920351,228824,233879,COD,Mobile,6.0,3.0,0
4056,2025-06-25,187,34.0,Nữ,Hải Phòng,Google Ads,Sách,93000,5,0.241,465000,352715,61718,44125,Thẻ tín dụng,Mobile,3.0,4.0,0
4057,2025-06-25,1506,29.0,Nữ,TP.HCM,Facebook Ads,Gia dụng,285000,7,0.249,1995000,1498007,166003,335986,Ví điện tử,Desktop,1.0,4.0,0
4058,2025-06-25,32,30.0,Nam,TP.HCM,Email,Thời trang,151000,4,0.054,604000,571645,92394,202069,Chuyển khoản,Mobile,1.0,5.0,0
4059,2025-06-26,2260,19.0,Nam,TP.HCM,Google Ads,Gia dụng,222000,4,0.049,888000,844055,140151,283451,Thẻ tín dụng,Mobile,5.0,4.0,0
4060,2025-06-26,1332,25.0,Nam,Hải Phòng,Facebook Ads,Gia dụng,216000,3,0.083,648000,594387,127798,210993,Ví điện tử,Mobile,6.0,3.0,1
4061,2025-06-26,2616,18.0,Nam,Đà Nẵng,Organic,Điện tử,131000,2,0.086,262000,239461,99674,40113,Thẻ tín dụng,Desktop,5.0,4.0,0
4062,2025-06-26,465,21.0,Nữ,Hà Nội,Facebook Ads,Điện tử,420000,5,0.121,2100000,1845837,305681,317432,Ví điện tử,Mobile,2.0,4.0,0
4063,2025-06-26,2927,49.0,Nữ,TP.HCM,Referral,Điện tử,287000,5,0.076,1435000,1325703,205017,300618,Ví điện tử,Mobile,,4.0,0
4064,2025-06-26,2164,26.0,Nam,TP.HCM,Facebook Ads,Gia dụng,169000,17,0.164,2873000,2403043,100159,700340,Ví điện tử,Mobile,6.0,4.0,0
4065,2025-06-26,1938,22.0,Nam,TP.HCM,Organic,Thực phẩm,111000,5,0.081,555000,509979,72395,148004,Thẻ tín dụng,Mobile,4.0,,0
4066,2025-06-26,1396,40.0,Nữ,TP.HCM,Facebook Ads,Thời trang,168000,2,0.094,336000,304332,86013,132306,COD,Desktop,3.0,3.0,0
4067,2025-06-26,966,25.0,Nam,Hải Phòng,Facebook Ads,Điện tử,263000,3,0.165,789000,658983,202325,52008,Thẻ tín dụng,Desktop,1.0,4.0,0
4068,2025-06-26,475,18.0,Nam,Hà Nội,Organic,Điện tử,277000,5,0.12,1385000,1218379,225110,92829,COD,Mobile,5.0,3.0,0
4069,2025-06-26,3198,22.0,Nữ,Đà Nẵng,Google Ads,Điện tử,220000,4,0.15,880000,747760,155838,124408,Ví điện tử,Mobile,2.0,4.0,0
4070,2025-06-26,2270,22.0,Nam,Cần Thơ,Organic,Thực phẩm,123000,5,0.005,615000,611660,91767,152825,Thẻ tín dụng,Desktop,5.0,4.0,0
4071,2025-06-27,50,18.0,Nữ,TP.HCM,Facebook Ads,Thực phẩm,121000,4,0.032,484000,468713,84542,130545,COD,Mobile,3.0,4.0,0
4072,2025-06-27,3131,24.0,Nữ,Đà Nẵng,Facebook Ads,Gia dụng,259000,3,0.068,777000,724414,143908,292690,COD,Mobile,0.0,4.0,0
4073,2025-06-27,1733,22.0,Nữ,TP.HCM,Organic,Điện tử,286000,2,0.08,572000,526113,199360,127393,COD,Desktop,2.0,5.0,0
4074,2025-06-27,1608,,Nam,Hà Nội,Google Ads,Sách,97000,2,0.087,194000,177119,58786,59547,Ví điện tử,Tablet,6.0,4.0,0
4075,2025-06-27,1596,18.0,Nam,TP.HCM,Referral,Mỹ phẩm,211000,2,0.059,422000,396991,90777,215437,Thẻ tín dụng,Mobile,2.0,4.0,0
4076,2025-06-27,1286,48.0,Nữ,TP.HCM,Organic,Mỹ phẩm,173000,4,0.044,692000,661849,79812,342601,COD,Desktop,2.0,5.0,0
4077,2025-06-28,2805,22.0,Nam,Cần Thơ,Facebook Ads,Thực phẩm,144000,3,0.054,432000,408626,99678,109592,Ví điện tử,Desktop,4.0,,0
4078,2025-06-28,1246,23.0,Nam,TP.HCM,Facebook Ads,Thời trang,112000,4,0.16,448000,376270,61352,130862,Ví điện tử,Mobile,2.0,5.0,0
4079,2025-06-28,3202,39.0,Nữ,Cần Thơ,Referral,Mỹ phẩm,129000,4,0.08,516000,474633,54355,257213,Chuyển khoản,Mobile,3.0,4.0,0
4080,2025-06-28,616,30.0,Nữ,Đà Nẵng,Google Ads,Điện tử,254000,3,0.066,762000,711810,173232,192114,COD,Mobile,3.0,4.0,1
4081,2025-06-28,269,38.0,Nữ,Hà Nội,Organic,Mỹ phẩm,160000,1,0.027,160000,155728,70674,85054,Thẻ tín dụng,Mobile,0.0,4.0,0
4082,2025-06-28,3087,19.0,Nam,TP.HCM,Facebook Ads,Thực phẩm,113000,1,0.118,113000,99658,81222,18436,Ví điện tử,Tablet,4.0,4.0,0
4083,2025-06-28,2180,,Nữ,TP.HCM,Organic,Điện tử,326000,3,0.115,978000,865107,248421,119844,Ví điện tử,Mobile,3.0,4.0,0
4084,2025-06-28,361,30.0,Nam,Đà Nẵng,Facebook Ads,Điện tử,595000,4,0.031,2380000,2306467,397145,717887,Ví điện tử,Tablet,4.0,3.0,0
4085,2025-06-28,180,,Nữ,TP.HCM,Google Ads,Mỹ phẩm,217000,2,0.208,434000,343552,90839,161874,Ví điện tử,Mobile,1.0,4.0,0
4086,2025-06-29,2413,22.0,Nam,Hà Nội,Referral,Điện tử,229000,2,0.131,458000,398123,162181,73761,Thẻ tín dụng,Mobile,2.0,4.0,0
4087,2025-06-29,1181,42.0,Nữ,Đà Nẵng,Facebook Ads,Điện tử,419000,4,0.075,1676000,1550821,305993,326849,Thẻ tín dụng,Tablet,1.0,4.0,0
4088,2025-06-29,144,47.0,Nữ,Hà Nội,Facebook Ads,Thời trang,119000,4,0.059,476000,447791,66929,180075,COD,Mobile,,4.0,0
4089,2025-06-29,336,,Nữ,TP.HCM,Facebook Ads,Mỹ phẩm,146000,2,0.102,292000,262148,65947,130254,COD,Mobile,4.0,4.0,0
4090,2025-06-29,828,20.0,Nam,Hà Nội,Google Ads,Điện tử,186000,2,0.12,372000,327365,142717,41931,Ví điện tử,Mobile,8.0,4.0,0
4091,2025-06-29,2819,38.0,Nữ,Cần Thơ,Organic,Gia dụng,188000,2,0.124,376000,329556,103008,123540,Ví điện tử,Desktop,1.0,4.0,0
4092,2025-06-29,2965,31.0,Nữ,Đà Nẵng,Facebook Ads,Thực phẩm,145000,3,0.151,435000,369195,101256,65427,Thẻ tín dụng,Mobile,1.0,5.0,0
4093,2025-06-29,2819,38.0,Nữ,TP.HCM,Google Ads,Thực phẩm,130000,3,0.086,390000,356637,86995,95652,Chuyển khoản,Mobile,2.0,5.0,1
4094,2025-06-29,50,18.0,Nữ,Hà Nội,Organic,Gia dụng,484000,3,0.084,1452000,1330580,291640,455660,COD,Desktop,6.0,,0
4095,2025-06-30,1890,29.0,Nữ,Đà Nẵng,Facebook Ads,Điện tử,280000,3,0.096,840000,759181,190339,188164,COD,Mobile,7.0,4.0,0
4096,2025-06-30,1498,29.0,Nữ,TP.HCM,Organic,Gia dụng,221000,3,0.07,663000,616625,134626,212747,COD,Desktop,0.0,5.0,0
4097,2025-06-30,88,,Nữ,Cần Thơ,Facebook Ads,Thời trang,207000,4,0.279,828000,596754,117931,125030,Thẻ tín dụng,Desktop,4.0,3.0,0
4098,2025-06-30,2767,28.0,Nam,TP.HCM,Organic,Gia dụng,273000,2,0.103,546000,489496,164090,161316,Thẻ tín dụng,Mobile,1.0,4.0,0
4099,2025-06-30,2179,49.0,Nữ,Hà Nội,Facebook Ads,Điện tử,212000,3,0.189,636000,516023,154100,53723,Thẻ tín dụng,Mobile,3.0,3.0,0
4100,2025-06-30,2907,32.0,Nam,Đà Nẵng,Referral,Gia dụng,256000,3,0.027,768000,747260,146925,306485,Chuyển khoản,Mobile,2.0,4.0,0
4101,2025-06-30,1336,27.0,Nữ,Hà Nội,Organic,Gia dụng,425000,11,0.105,4675000,4183484,250917,1423397,COD,Tablet,2.0,3.0,0
4102,2025-06-30,2366,21.0,Nam,Cần Thơ,Facebook Ads,Sách,79000,3,0.101,237000,213071,46594,73289,Ví điện tử,Mobile,5.0,4.0,0
4103,2025-06-30,207,18.0,Nữ,Hà Nội,Referral,Thực phẩm,100000,6,0.106,600000,536354,74129,91580,Ví điện tử,Desktop,1.0,5.0,0
4104,2025-06-30,1650,38.0,Nam,Cần Thơ,Referral,Thời trang,158000,3,0.159,474000,398771,88062,134585,COD,Mobile,5.0,5.0,0
4105,2025-06-30,1343,22.0,Nam,Hà Nội,Google Ads,Mỹ phẩm,174000,5,0.127,870000,759592,75153,383827,COD,Desktop,1.0,5.0,0
4106,2025-07-01,2170,18.0,Nữ,Hải Phòng,Google Ads,Thời trang,186000,5,0.172,930000,769841,97501,282336,Thẻ tín dụng,Mobile,,4.0,0
4107,2025-07-01,1006,37.0,Nữ,Cần Thơ,Organic,Thời trang,93000,3,0.17,279000,231484,49161,84001,Thẻ tín dụng,Mobile,3.0,4.0,0
4108,2025-07-01,1395,28.0,Nam,TP.HCM,Email,Điện tử,169000,4,0.158,676000,569263,128724,54367,Ví điện tử,Tablet,4.0,4.0,0
4109,2025-07-01,242,45.0,Nam,Đà Nẵng,Organic,Gia dụng,248000,4,0.062,992000,930716,149404,333100,COD,Tablet,2.0,4.0,1
4110,2025-07-01,1084,39.0,Nữ,Cần Thơ,Facebook Ads,Điện tử,226000,2,0.199,452000,362004,151514,58976,Chuyển khoản,Desktop,2.0,4.0,0
4111,2025-07-01,985,34.0,Nữ,Hà Nội,Google Ads,Thực phẩm,119000,3,0.1,357000,321131,83460,70751,COD,Mobile,6.0,4.0,0
4112,2025-07-02,1715,39.0,Nữ,TP.HCM,Organic,Thời trang,143000,1,0.074,143000,132462,76538,55924,Ví điện tử,Desktop,6.0,4.0,0
4113,2025-07-02,1262,21.0,Nam,Hà Nội,Organic,Điện tử,228000,4,0.074,912000,844768,165259,183732,Ví điện tử,Desktop,1.0,4.0,0
4114,2025-07-02,1485,44.0,Nữ,Đà Nẵng,Google Ads,Gia dụng,314000,3,0.178,942000,774231,207754,150969,Chuyển khoản,Mobile,2.0,4.0,0
4115,2025-07-02,2009,42.0,Nữ,Hà Nội,Google Ads,Thực phẩm,97000,4,0.187,388000,315554,70062,35306,Ví điện tử,Mobile,3.0,5.0,0
4116,2025-07-02,3240,40.0,Nữ,Hải Phòng,Facebook Ads,Gia dụng,301000,4,0.032,1204000,1166025,181796,438841,Thẻ tín dụng,Mobile,2.0,4.0,0
4117,2025-07-02,255,30.0,Nữ,TP.HCM,Facebook Ads,Thời trang,150000,4,0.026,600000,584252,86467,238384,COD,Mobile,2.0,5.0,0
4118,2025-07-02,1050,30.0,Nam,Cần Thơ,Google Ads,Thời trang,151000,6,0.089,906000,824915,85600,311315,Ví điện tử,Mobile,1.0,4.0,0
4119,2025-07-02,2372,24.0,Nữ,Hà Nội,Organic,Điện tử,541000,2,0.159,1082000,910150,394672,120806,Ví điện tử,Desktop,5.0,2.0,0
4120,2025-07-02,2757,39.0,Nữ,Hà Nội,Google Ads,Điện tử,412000,6,0.18,2472000,2026356,289529,289182,Thẻ tín dụng,Mobile,2.0,4.0,0
4121,2025-07-02,2246,32.0,Nữ,Hà Nội,Facebook Ads,Thời trang,154000,2,0.117,308000,272063,78964,114135,Ví điện tử,Mobile,0.0,4.0,0
4122,2025-07-02,1982,45.0,Nữ,Hải Phòng,Referral,Điện tử,241000,5,0.188,1205000,978771,180513,76206,COD,Tablet,2.0,4.0,1
4123,2025-07-03,1360,26.0,Nam,Đà Nẵng,Referral,Điện tử,364000,4,0.09,1456000,1324442,272818,233170,Ví điện tử,Mobile,6.0,3.0,0
4124,2025-07-03,1000,36.0,Nam,TP.HCM,Email,Thực phẩm,131000,4,0.126,524000,457715,87251,108711,Ví điện tử,Desktop,1.0,4.0,0
4125,2025-07-03,1864,39.0,Nữ,Hà Nội,Organic,Thời trang,136000,3,0.087,408000,372670,71501,158167,COD,Mobile,2.0,4.0,0
4126,2025-07-03,2525,31.0,Nữ,Hải Phòng,Facebook Ads,Thời trang,131000,1,0.248,131000,98524,67985,30539,Thẻ tín dụng,Mobile,5.0,3.0,0
4127,2025-07-03,3010,32.0,Nữ,Cần Thơ,Facebook Ads,Thời trang,270000,4,0.109,1080000,962718,148431,368994,COD,Mobile,0.0,5.0,0
4128,2025-07-03,654,44.0,Nữ,Đà Nẵng,Referral,Mỹ phẩm,186000,3,0.179,558000,458110,84123,205741,COD,Tablet,1.0,5.0,0
4129,2025-07-03,637,32.0,Nam,Đà Nẵng,Facebook Ads,Thời trang,149000,6,0.131,894000,776835,80675,292785,Chuyển khoản,Desktop,1.0,4.0,1
4130,2025-07-03,2264,44.0,Nam,Hải Phòng,Organic,Thời trang,180000,1,0.051,180000,170889,89528,81361,Thẻ tín dụng,Mobile,5.0,4.0,0
4131,2025-07-04,2724,31.0,Nữ,TP.HCM,Facebook Ads,Điện tử,327000,4,0.133,1308000,1134112,221733,247180,Ví điện tử,Desktop,4.0,4.0,0
4132,2025-07-04,2158,18.0,Nam,TP.HCM,Organic,Thời trang,117000,7,0.297,819000,575794,68351,97337,COD,Tablet,5.0,4.0,0
4133,2025-07-04,3165,19.0,Nam,Hà Nội,Facebook Ads,Gia dụng,314000,3,0.075,942000,871466,197613,278627,Ví điện tử,Desktop,1.0,4.0,0
4134,2025-07-04,3094,44.0,Nam,Đà Nẵng,Google Ads,Điện tử,263000,6,0.103,1578000,1415556,173124,376812,Ví điện tử,Mobile,1.0,4.0,0
4135,2025-07-04,1315,18.0,Nữ,Đà Nẵng,Email,Gia dụng,219000,3,0.167,657000,547058,126059,168881,COD,Mobile,4.0,3.0,0
4136,2025-07-04,940,24.0,Nữ,TP.HCM,Facebook Ads,Thời trang,149000,1,0.049,149000,141653,80986,60667,COD,Mobile,1.0,4.0,0
4137,2025-07-04,64,49.0,Nữ,Cần Thơ,Google Ads,Gia dụng,328000,1,0.03,328000,318017,190075,127942,COD,Desktop,1.0,4.0,0
4138,2025-07-04,2615,31.0,Nam,Đà Nẵng,Facebook Ads,Gia dụng,228000,5,0.106,1140000,1018787,133647,350552,Thẻ tín dụng,Mobile,3.0,5.0,0
4139,2025-07-05,3294,28.0,Nữ,Đà Nẵng,Organic,Gia dụng,318000,4,0.09,1272000,1157117,193188,384365,Thẻ tín dụng,Mobile,2.0,4.0,0
4140,2025-07-05,1663,30.0,Nam,Hà Nội,Organic,Điện tử,415000,5,0.172,2075000,1717901,299861,218596,Thẻ tín dụng,Tablet,2.0,5.0,0
4141,2025-07-05,1801,36.0,Nữ,Hải Phòng,Facebook Ads,Thời trang,167000,4,0.119,668000,588722,98176,196018,COD,Desktop,3.0,5.0,0
4142,2025-07-05,847,27.0,Nam,TP.HCM,Organic,Điện tử,251000,4,0.076,1004000,927484,170419,245808,Ví điện tử,Mobile,2.0,5.0,0
4143,2025-07-05,2297,25.0,Nữ,Hà Nội,Facebook Ads,Mỹ phẩm,225000,2,0.13,450000,391638,100097,191444,COD,Desktop,1.0,5.0,0
4144,2025-07-05,2486,47.0,Nữ,TP.HCM,Facebook Ads,Điện tử,269000,2,0.136,538000,464962,181890,101182,COD,Desktop,3.0,4.0,0
4145,2025-07-05,3101,28.0,Nữ,TP.HCM,Google Ads,Thời trang,119000,6,0.269,714000,522100,64339,136066,COD,Mobile,2.0,4.0,0
4146,2025-07-05,2162,43.0,Nam,TP.HCM,Facebook Ads,Thời trang,141000,3,0.154,423000,357994,79504,119482,Thẻ tín dụng,Mobile,2.0,5.0,0
4147,2025-07-05,1888,41.0,Nam,Hà Nội,Organic,Gia dụng,265000,5,0.065,1325000,1238993,153446,471763,Thẻ tín dụng,Tablet,3.0,5.0,0
4148,2025-07-05,2551,32.0,Nữ,Hà Nội,Facebook Ads,Gia dụng,476000,3,0.159,1428000,1201409,285349,345362,Thẻ tín dụng,Tablet,3.0,4.0,0
4149,2025-07-05,398,30.0,Nữ,Hà Nội,Referral,Mỹ phẩm,302000,6,0.056,1812000,1711405,134716,903109,Thẻ tín dụng,Tablet,,3.0,0
4150,2025-07-05,1401,56.0,Nữ,TP.HCM,Facebook Ads,Mỹ phẩm,216000,3,0.056,648000,611420,92404,334208,COD,Mobile,2.0,4.0,0
4151,2025-07-05,628,38.0,Nữ,TP.HCM,Organic,Thời trang,191000,3,0.089,573000,522267,98338,227253,Thẻ tín dụng,Mobile,2.0,4.0,0
4152,2025-07-05,424,19.0,Nữ,Cần Thơ,Google Ads,Mỹ phẩm,172000,4,0.1,688000,619136,76384,313600,Ví điện tử,Tablet,6.0,3.0,0
4153,2025-07-05,1765,24.0,Nữ,TP.HCM,Facebook Ads,Thời trang,179000,7,0.104,1253000,1123126,104395,392361,Chuyển khoản,Mobile,2.0,4.0,0
4154,2025-07-05,3044,29.0,Nữ,TP.HCM,Email,Gia dụng,229000,3,0.082,687000,630574,135536,223966,Ví điện tử,Mobile,1.0,4.0,0
4155,2025-07-05,2584,29.0,Nam,Hà Nội,Google Ads,Gia dụng,159000,2,0.044,318000,303878,87525,128828,Chuyển khoản,Mobile,1.0,5.0,0
4156,2025-07-06,1988,36.0,Nam,Hà Nội,Facebook Ads,Gia dụng,293000,2,0.215,586000,460058,180401,99256,COD,Tablet,2.0,4.0,0
4157,2025-07-06,1226,34.0,Nam,Hải Phòng,Organic,Điện tử,127000,5,0.058,635000,598037,90337,146352,Ví điện tử,Desktop,3.0,3.0,0
4158,2025-07-06,1953,38.0,Nữ,Hải Phòng,Google Ads,Gia dụng,170000,4,0.01,680000,673508,101986,265564,COD,Desktop,4.0,4.0,0
4159,2025-07-06,2772,30.0,Nam,Đà Nẵng,Organic,Mỹ phẩm,272000,4,0.015,1088000,1072123,118129,599607,Ví điện tử,Mobile,2.0,4.0,0
4160,2025-07-06,380,22.0,Nữ,TP.HCM,Referral,Gia dụng,411000,5,0.164,2055000,1718776,216097,638291,Thẻ tín dụng,Tablet,2.0,5.0,0
4161,2025-07-06,201,18.0,Nữ,Hà Nội,Google Ads,Gia dụng,255000,7,0.224,1785000,1385478,153536,310726,Ví điện tử,Mobile,4.0,3.0,0
4162,2025-07-06,2219,35.0,Nữ,Hà Nội,Facebook Ads,Điện tử,638000,4,0.096,2552000,2305746,466567,439478,Ví điện tử,Mobile,2.0,5.0,0
4163,2025-07-06,745,,Nam,Hà Nội,Facebook Ads,Sách,97000,5,0.032,485000,469546,59019,174451,COD,Mobile,3.0,4.0,0
4164,2025-07-07,365,34.0,Nam,TP.HCM,Referral,Gia dụng,145000,4,0.147,580000,494498,79633,175966,Ví điện tử,Mobile,2.0,4.0,0
4165,2025-07-07,526,27.0,Nam,Hà Nội,Facebook Ads,Thời trang,119000,8,0.074,952000,881284,68989,329372,COD,Mobile,0.0,5.0,0
4166,2025-07-07,168,30.0,Nữ,Cần Thơ,Facebook Ads,Thời trang,151000,2,0.011,302000,298659,83980,130699,Thẻ tín dụng,Mobile,5.0,4.0,0
4167,2025-07-07,2695,20.0,Nữ,Hà Nội,Referral,Thời trang,137000,6,0.215,822000,645491,77454,180767,Chuyển khoản,Mobile,2.0,4.0,0
4168,2025-07-07,1348,33.0,Nam,Đà Nẵng,Facebook Ads,Thời trang,111000,3,0.062,333000,312294,64145,119859,Chuyển khoản,Mobile,4.0,4.0,0
4169,2025-07-07,56,31.0,Nữ,Hà Nội,Google Ads,Thời trang,150000,2,0.177,300000,246869,80953,84963,Chuyển khoản,Desktop,2.0,4.0,0
4170,2025-07-07,987,38.0,Nữ,TP.HCM,Referral,Gia dụng,135000,2,0.099,270000,243233,78796,85641,Thẻ tín dụng,Desktop,2.0,5.0,0
4171,2025-07-07,14,42.0,Nữ,TP.HCM,Facebook Ads,Thời trang,183000,4,0.006,732000,727546,95310,346306,Chuyển khoản,Desktop,4.0,3.0,0
4172,2025-07-07,2277,23.0,Nam,Hà Nội,Organic,Thực phẩm,112000,2,0.179,224000,183975,73727,36521,Chuyển khoản,Mobile,0.0,5.0,0
4173,2025-07-07,694,28.0,Nữ,TP.HCM,Referral,Mỹ phẩm,187000,2,0.091,374000,339797,83896,172005,COD,Desktop,2.0,4.0,0
4174,2025-07-07,3117,18.0,Nam,Hà Nội,Referral,Mỹ phẩm,391000,4,0.065,1564000,1462529,170567,780261,Thẻ tín dụng,Mobile,8.0,3.0,0
4175,2025-07-07,2911,47.0,Nam,Hà Nội,Email,Thời trang,112000,5,0.161,560000,470063,59905,170538,Thẻ tín dụng,Mobile,2.0,3.0,0
4176,2025-07-07,2602,27.0,Nam,TP.HCM,Google Ads,Điện tử,280000,4,0.132,1120000,971898,220739,88942,Ví điện tử,Mobile,1.0,,0
4177,2025-07-08,753,26.0,Nữ,Hà Nội,Organic,Gia dụng,293000,2,0.167,586000,488325,166477,155371,Thẻ tín dụng,Mobile,3.0,5.0,0
4178,2025-07-08,2938,20.0,Nữ,Hà Nội,Google Ads,Mỹ phẩm,171000,3,0.155,513000,433419,83649,182472,Chuyển khoản,Mobile,3.0,4.0,0
4179,2025-07-08,2468,30.0,Nữ,TP.HCM,Google Ads,Mỹ phẩm,201000,4,0.214,804000,631610,91003,267598,Ví điện tử,Desktop,3.0,2.0,0
4180,2025-07-08,1630,37.0,Nam,Hà Nội,Referral,Mỹ phẩm,180000,3,0.072,540000,501126,88788,234762,Chuyển khoản,Mobile,5.0,4.0,0
4181,2025-07-08,1221,30.0,Nam,Đà Nẵng,Organic,Thời trang,137000,1,0.072,137000,127103,74539,52564,COD,Mobile,1.0,5.0,0
4182,2025-07-09,288,28.0,Nam,Hải Phòng,Organic,Thực phẩm,129000,3,0.143,387000,331666,95312,45730,Thẻ tín dụng,Mobile,0.0,5.0,0
4183,2025-07-09,3081,29.0,Nam,TP.HCM,Referral,Sách,86000,8,0.184,688000,561129,55590,116409,Chuyển khoản,Mobile,1.0,5.0,0
4184,2025-07-09,306,30.0,Nữ,TP.HCM,Referral,Thời trang,140000,6,0.004,840000,836332,81141,349486,COD,Desktop,2.0,5.0,0
4185,2025-07-09,270,40.0,Nữ,Hà Nội,Facebook Ads,Thời trang,157000,3,0.012,471000,465146,85554,208484,Thẻ tín dụng,Mobile,2.0,5.0,0
4186,2025-07-09,3057,19.0,Nữ,TP.HCM,Email,Mỹ phẩm,194000,3,0.137,582000,502355,90846,229817,Thẻ tín dụng,Desktop,4.0,5.0,0
4187,2025-07-09,764,28.0,Nam,Đà Nẵng,Google Ads,Gia dụng,164000,1,0.081,164000,150715,102370,48345,Ví điện tử,Desktop,1.0,4.0,0
4188,2025-07-10,650,,Nữ,TP.HCM,Email,Gia dụng,207000,5,0.029,1035000,1005254,124566,382424,Thẻ tín dụng,Desktop,6.0,3.0,0
4189,2025-07-10,3200,31.0,Nữ,Hà Nội,Facebook Ads,Gia dụng,260000,3,0.081,780000,716727,158281,241884,COD,Desktop,6.0,3.0,0
4190,2025-07-10,1010,32.0,Nam,TP.HCM,Organic,Điện tử,306000,1,0.154,306000,258734,241134,17600,COD,Mobile,4.0,5.0,0
4191,2025-07-10,3034,29.0,Nam,TP.HCM,Facebook Ads,Mỹ phẩm,178000,4,0.196,712000,572718,81065,248458,COD,Mobile,3.0,4.0,0
4192,2025-07-10,530,39.0,Nữ,TP.HCM,Facebook Ads,Điện tử,242000,1,0.04,242000,232423,171986,60437,COD,Mobile,4.0,3.0,0
4193,2025-07-10,333,36.0,Nam,Hà Nội,Organic,Điện tử,310000,2,0.068,620000,577566,215214,147138,COD,Mobile,2.0,4.0,1
4194,2025-07-10,2093,24.0,Nữ,Cần Thơ,Google Ads,Thời trang,247000,3,0.134,741000,641471,139654,222509,COD,Tablet,4.0,4.0,0
4195,2025-07-10,1483,42.0,Nữ,Hà Nội,Google Ads,Điện tử,595000,5,0.131,2975000,2584738,448227,343603,COD,Desktop,3.0,3.0,0
4196,2025-07-10,396,37.0,Nữ,TP.HCM,Organic,Gia dụng,110000,7,0.07,770000,715769,70674,221051,COD,Mobile,2.0,4.0,0
4197,2025-07-11,1887,36.0,Nam,TP.HCM,Organic,Thời trang,345000,7,0.104,2415000,2163366,193329,810063,Ví điện tử,Mobile,2.0,4.0,0
4198,2025-07-11,714,32.0,Nam,TP.HCM,Facebook Ads,Gia dụng,205000,4,0.187,820000,666592,119257,189564,COD,Desktop,3.0,5.0,0
4199,2025-07-11,791,22.0,Nam,Hà Nội,Referral,Mỹ phẩm,273000,3,0.011,819000,810064,130151,419611,Ví điện tử,Mobile,1.0,3.0,0
4200,2025-07-11,3138,28.0,Nữ,TP.HCM,Organic,Điện tử,329000,4,0.033,1316000,1272210,218993,396238,Ví điện tử,Tablet,1.0,5.0,0
4201,2025-07-11,934,27.0,Nam,Cần Thơ,Referral,Sách,76000,4,0.063,304000,284961,46838,97609,Thẻ tín dụng,Mobile,3.0,4.0,0
4202,2025-07-11,1985,40.0,Nữ,TP.HCM,Facebook Ads,Thực phẩm,121000,4,0.067,484000,451665,84814,112409,Thẻ tín dụng,Desktop,1.0,4.0,0
4203,2025-07-11,2052,45.0,Nam,TP.HCM,Facebook Ads,Điện tử,256000,5,0.189,1280000,1037473,184669,114128,Chuyển khoản,Desktop,5.0,5.0,0
4204,2025-07-12,2175,40.0,Nam,Hải Phòng,Referral,Thời trang,88000,4,0.023,352000,343925,48653,149313,COD,Mobile,2.0,4.0,1
4205,2025-07-12,68,28.0,Nam,Hà Nội,Facebook Ads,Sách,81000,5,0.013,405000,399713,53450,132463,Thẻ tín dụng,Mobile,2.0,4.0,0
4206,2025-07-12,1712,26.0,Nữ,TP.HCM,Google Ads,Mỹ phẩm,128000,5,0.137,640000,552407,53378,285517,Ví điện tử,Mobile,3.0,5.0,0
4207,2025-07-12,1740,42.0,Nữ,TP.HCM,Facebook Ads,Sách,86000,4,0.071,344000,319545,51635,113005,Ví điện tử,Mobile,9.0,3.0,0
4208,2025-07-12,272,36.0,Nam,TP.HCM,Organic,Thời trang,156000,8,0.02,1248000,1223434,91162,494138,Thẻ tín dụng,Desktop,3.0,5.0,0
4209,2025-07-12,1570,,Nữ,Đà Nẵng,Facebook Ads,Điện tử,208000,3,0.024,624000,608749,151489,154282,Ví điện tử,Desktop,1.0,,0
4210,2025-07-12,2168,33.0,Nữ,Đà Nẵng,Facebook Ads,Điện tử,130000,4,0.109,520000,463572,89871,104088,COD,Mobile,2.0,5.0,0
4211,2025-07-13,1054,26.0,Nam,TP.HCM,Email,Mỹ phẩm,284000,4,0.078,1136000,1047502,124147,550914,Ví điện tử,Tablet,5.0,2.0,0
4212,2025-07-13,970,41.0,Nam,TP.HCM,Email,Sách,89000,4,0.087,356000,324893,56297,99705,Thẻ tín dụng,Mobile,2.0,,0
4213,2025-07-13,1733,22.0,Nữ,TP.HCM,Organic,Điện tử,228000,4,0.088,912000,831469,174160,134829,Ví điện tử,Mobile,4.0,5.0,0
4214,2025-07-13,1363,39.0,Nam,TP.HCM,Email,Mỹ phẩm,219000,2,0.026,438000,426544,101343,223858,Thẻ tín dụng,Tablet,5.0,4.0,0
4215,2025-07-13,1072,33.0,Nam,Hà Nội,Referral,Thời trang,208000,3,0.095,624000,564684,105417,248433,COD,Mobile,1.0,5.0,0
4216,2025-07-13,486,30.0,Nam,Hà Nội,Organic,Sách,102000,2,0.061,204000,191548,68738,54072,Ví điện tử,Mobile,2.0,5.0,0
4217,2025-07-13,2450,29.0,Nam,Hải Phòng,Referral,Mỹ phẩm,186000,5,0.14,930000,800163,81427,393028,COD,Mobile,5.0,4.0,0
4218,2025-07-13,2109,25.0,Nữ,Đà Nẵng,Google Ads,Mỹ phẩm,205000,3,0.091,615000,559191,91351,285138,Thẻ tín dụng,Desktop,5.0,4.0,0
4219,2025-07-13,2915,18.0,Nam,TP.HCM,Organic,Thời trang,166000,4,0.123,664000,582163,85975,238263,COD,Mobile,2.0,5.0,0
4220,2025-07-13,1121,26.0,Nam,Hà Nội,Facebook Ads,Điện tử,217000,4,0.137,868000,748940,156936,121196,Ví điện tử,Desktop,1.0,4.0,0
4221,2025-07-14,1680,35.0,Nữ,Hà Nội,Facebook Ads,Thời trang,128000,3,0.136,384000,331702,66406,132484,COD,Mobile,2.0,4.0,1
4222,2025-07-14,298,18.0,Nam,TP.HCM,Referral,Thời trang,148000,2,0.087,296000,270114,84117,101880,COD,Mobile,1.0,5.0,0
4223,2025-07-14,1091,34.0,Nam,TP.HCM,Facebook Ads,Thực phẩm,143000,4,0.168,572000,475922,92965,104062,COD,Desktop,2.0,5.0,0
4224,2025-07-14,1282,35.0,Nữ,Hà Nội,Facebook Ads,Điện tử,244000,3,0.146,732000,625492,172127,109111,Chuyển khoản,Mobile,7.0,5.0,0
4225,2025-07-14,3145,18.0,Nam,Cần Thơ,Organic,Điện tử,216000,5,0.141,1080000,927989,161851,118734,Chuyển khoản,Mobile,4.0,4.0,0
4226,2025-07-14,2807,21.0,Nữ,Hà Nội,Facebook Ads,Gia dụng,182000,3,0.065,546000,510414,110902,177708,Ví điện tử,Mobile,4.0,4.0,0
4227,2025-07-14,926,18.0,Nữ,TP.HCM,Email,Thời trang,150000,8,0.129,1200000,1045353,75399,442161,Thẻ tín dụng,Desktop,4.0,4.0,0
4228,2025-07-14,1670,36.0,Nữ,TP.HCM,Google Ads,Sách,79000,6,0.087,474000,432627,56016,96531,Thẻ tín dụng,Mobile,4.0,4.0,0
4229,2025-07-14,2963,24.0,Nữ,Hà Nội,Organic,Gia dụng,222000,1,0.109,222000,197805,135319,62486,Ví điện tử,Desktop,1.0,5.0,0
4230,2025-07-15,2195,49.0,Nữ,Hải Phòng,Organic,Điện tử,322000,3,0.091,966000,878558,242270,151748,COD,Mobile,2.0,3.0,0
4231,2025-07-15,2650,36.0,Nam,TP.HCM,Google Ads,Sách,134000,3,0.072,402000,373133,88216,108485,Ví điện tử,Desktop,1.0,5.0,0
4232,2025-07-15,393,46.0,Nam,Hải Phòng,Referral,Thời trang,177000,3,0.072,531000,492735,94090,210465,COD,Desktop,7.0,4.0,0
4233,2025-07-15,1266,25.0,Nam,TP.HCM,Google Ads,Mỹ phẩm,204000,2,0.063,408000,382306,86441,209424,COD,Desktop,2.0,4.0,0
4234,2025-07-15,3183,42.0,Nam,TP.HCM,Organic,Điện tử,260000,2,0.197,520000,417654,183265,51124,Chuyển khoản,Desktop,2.0,5.0,0
4235,2025-07-15,1406,40.0,Nam,Cần Thơ,Organic,Thời trang,214000,3,0.054,642000,607628,115426,261350,COD,Mobile,,4.0,0
4236,2025-07-15,1928,24.0,Nam,Cần Thơ,Facebook Ads,Mỹ phẩm,262000,1,0.021,262000,256385,127817,128568,Thẻ tín dụng,Mobile,3.0,3.0,0
4237,2025-07-15,3218,26.0,Nữ,TP.HCM,Google Ads,Điện tử,558000,3,0.104,1674000,1499238,403561,288555,Ví điện tử,Tablet,5.0,3.0,0
4238,2025-07-15,679,18.0,Nữ,Đà Nẵng,Google Ads,Điện tử,255000,4,0.025,1020000,994047,184996,254063,Ví điện tử,Mobile,2.0,5.0,0
4239,2025-07-16,1426,32.0,Nữ,TP.HCM,Facebook Ads,Mỹ phẩm,187000,3,0.153,561000,475098,83296,225210,Thẻ tín dụng,Mobile,5.0,3.0,0
4240,2025-07-16,2441,,Nữ,Hải Phòng,Google Ads,Thời trang,172000,3,0.019,516000,506414,90956,233546,COD,Desktop,4.0,3.0,0
4241,2025-07-16,1648,23.0,Nam,TP.HCM,Email,Thời trang,119000,6,0.107,714000,637433,69751,218927,COD,Mobile,2.0,5.0,0
4242,2025-07-16,1947,19.0,Nữ,Đà Nẵng,Referral,Điện tử,248000,8,0.047,1984000,1890761,184310,416281,COD,Mobile,6.0,4.0,1
4243,2025-07-16,3101,28.0,Nữ,TP.HCM,Organic,Thời trang,79000,4,0.079,316000,291000,41369,125524,Ví điện tử,Mobile,0.0,4.0,0
4244,2025-07-16,1068,25.0,Nữ,Hải Phòng,Organic,Gia dụng,415000,3,0.042,1245000,1192575,240746,470337,COD,Mobile,2.0,4.0,0
4245,2025-07-16,2702,34.0,Nữ,Hà Nội,Organic,Mỹ phẩm,180000,3,0.039,540000,519202,84755,264937,Thẻ tín dụng,Mobile,1.0,5.0,0
4246,2025-07-16,988,18.0,Nữ,TP.HCM,Facebook Ads,Thời trang,114000,4,0.072,456000,423176,59306,185952,Thẻ tín dụng,Desktop,3.0,4.0,0
4247,2025-07-17,1411,41.0,Nữ,Hải Phòng,Referral,Mỹ phẩm,284000,6,0.02,1704000,1669732,127050,907432,Thẻ tín dụng,Mobile,3.0,4.0,0
4248,2025-07-17,276,40.0,Nữ,Hải Phòng,Organic,Điện tử,122000,4,0.059,488000,459382,90000,99382,COD,Desktop,2.0,5.0,0
4249,2025-07-17,3253,35.0,Nữ,TP.HCM,Google Ads,Thời trang,143000,2,0.022,286000,279643,78034,123575,COD,Tablet,10.0,3.0,0
4250,2025-07-17,1706,29.0,Nữ,Hải Phòng,Facebook Ads,Điện tử,148000,2,0.027,296000,288113,105972,76169,Chuyển khoản,Mobile,4.0,4.0,0
4251,2025-07-18,1327,28.0,Nữ,TP.HCM,Facebook Ads,Mỹ phẩm,150000,3,0.054,450000,425750,68899,219053,COD,Mobile,7.0,3.0,0
4252,2025-07-18,2523,34.0,Nữ,Hà Nội,Facebook Ads,Mỹ phẩm,186000,10,0.068,1860000,1733664,80728,926384,Ví điện tử,Tablet,2.0,4.0,0
4253,2025-07-18,1666,40.0,Nữ,Hải Phòng,Email,Thời trang,142000,2,0.112,284000,252303,77630,97043,Thẻ tín dụng,Mobile,2.0,5.0,0
4254,2025-07-19,1061,29.0,Nam,TP.HCM,Google Ads,Điện tử,330000,7,0.025,2310000,2253200,230203,641779,COD,Desktop,3.0,4.0,0
4255,2025-07-19,880,22.0,Nam,TP.HCM,Referral,Thực phẩm,128000,1,0.088,128000,116773,91631,25142,Chuyển khoản,Mobile,2.0,4.0,0
4256,2025-07-19,2353,47.0,Nữ,Cần Thơ,Referral,Điện tử,168000,3,0.093,504000,457224,125538,80610,Ví điện tử,Mobile,1.0,4.0,0
4257,2025-07-19,936,31.0,Nữ,TP.HCM,Facebook Ads,Thực phẩm,145000,4,0.068,580000,540508,101992,132540,Ví điện tử,Mobile,2.0,4.0,0
4258,2025-07-19,1651,47.0,Nữ,Cần Thơ,Organic,Mỹ phẩm,269000,2,0.177,538000,443009,121511,199987,Ví điện tử,Mobile,3.0,4.0,0
4259,2025-07-19,2596,43.0,Nam,Đà Nẵng,Facebook Ads,Thời trang,203000,6,0.076,1218000,1124859,118783,412161,Thẻ tín dụng,Mobile,5.0,3.0,0
4260,2025-07-19,505,35.0,Nam,Hà Nội,Organic,Mỹ phẩm,223000,3,0.115,669000,591837,100247,291096,Ví điện tử,Mobile,1.0,4.0,0
4261,2025-07-19,1951,30.0,Nữ,Hải Phòng,Organic,Thực phẩm,110000,2,0.139,220000,189456,77824,33808,COD,Mobile,3.0,3.0,0
4262,2025-07-19,42,22.0,Nữ,Cần Thơ,Referral,Điện tử,215000,7,0.081,1505000,1383250,157009,284187,Ví điện tử,Mobile,1.0,4.0,0
4263,2025-07-19,2291,39.0,Nữ,Hà Nội,Facebook Ads,Điện tử,406000,1,0.113,406000,360228,284841,75387,Chuyển khoản,Mobile,1.0,5.0,0
4264,2025-07-20,2398,25.0,Nữ,Hải Phòng,Referral,Sách,101000,7,0.189,707000,573524,64519,121891,COD,Mobile,1.0,5.0,0
4265,2025-07-20,2746,33.0,Nữ,Cần Thơ,Facebook Ads,Thời trang,277000,2,0.278,554000,400263,154043,92177,COD,Mobile,4.0,3.0,0
4266,2025-07-20,2767,28.0,Nam,TP.HCM,Referral,Điện tử,280000,3,0.038,840000,807844,199369,209737,COD,Desktop,1.0,4.0,0
4267,2025-07-20,1676,38.0,Nữ,Hải Phòng,Google Ads,Thời trang,196000,3,0.162,588000,492687,103023,183618,COD,Mobile,,3.0,0
4268,2025-07-20,207,18.0,Nữ,TP.HCM,Google Ads,Sách,102000,8,0.098,816000,735943,64277,221727,Thẻ tín dụng,Tablet,2.0,5.0,0
4269,2025-07-20,715,40.0,Nữ,Hà Nội,Facebook Ads,Điện tử,358000,3,0.047,1074000,1023328,261629,238441,COD,Mobile,7.0,4.0,0
4270,2025-07-20,407,,Nam,TP.HCM,Organic,Gia dụng,207000,6,0.012,1242000,1227442,127484,462538,COD,Desktop,3.0,5.0,0
4271,2025-07-20,2998,37.0,Nữ,Hải Phòng,Google Ads,Điện tử,172000,7,0.034,1204000,1163278,120861,317251,Chuyển khoản,Desktop,1.0,4.0,0
4272,2025-07-20,2912,22.0,Nữ,Hà Nội,Facebook Ads,Thời trang,194000,4,0.073,776000,719053,115013,259001,Ví điện tử,Mobile,1.0,3.0,0
4273,2025-07-20,2220,36.0,Nam,Hải Phòng,Google Ads,Điện tử,412000,1,0.043,412000,394197,304614,89583,Thẻ tín dụng,Mobile,2.0,5.0,0
4274,2025-07-20,2300,28.0,Nam,Đà Nẵng,Google Ads,Điện tử,131000,6,0.052,786000,745080,95243,173622,Thẻ tín dụng,Desktop,3.0,,0
4275,2025-07-20,1901,26.0,Nữ,Đà Nẵng,Facebook Ads,Mỹ phẩm,156000,4,0.021,624000,611078,67402,341470,COD,Desktop,1.0,4.0,0
4276,2025-07-21,2734,42.0,Nam,Đà Nẵng,Facebook Ads,Điện tử,394000,4,0.015,1576000,1552689,278455,438869,Thẻ tín dụng,Mobile,3.0,5.0,1
4277,2025-07-21,552,30.0,Nữ,Cần Thơ,Referral,Sách,97000,5,0.207,485000,384477,65140,58777,Chuyển khoản,Tablet,3.0,4.0,0
4278,2025-07-21,1961,18.0,Nam,Hà Nội,Referral,Mỹ phẩm,195000,8,0.205,1560000,1240563,81388,589459,COD,Mobile,2.0,,1
4279,2025-07-21,2686,36.0,Nam,TP.HCM,Facebook Ads,Mỹ phẩm,224000,3,0.06,672000,631425,97845,337890,COD,Mobile,1.0,5.0,0
4280,2025-07-21,3000,27.0,Nam,TP.HCM,Organic,Thời trang,186000,5,0.133,930000,806620,96678,323230,Chuyển khoản,Mobile,3.0,3.0,0
4281,2025-07-21,2702,34.0,Nữ,Hải Phòng,Facebook Ads,Thời trang,190000,2,0.154,380000,321568,109165,103238,Thẻ tín dụng,Mobile,1.0,4.0,0
4282,2025-07-21,2390,29.0,Nữ,TP.HCM,Facebook Ads,Gia dụng,257000,2,0.078,514000,474078,157354,159370,Ví điện tử,Tablet,3.0,,0
4283,2025-07-21,1514,29.0,Nữ,Đà Nẵng,Organic,Thực phẩm,105000,7,0.195,735000,591880,71430,91870,Ví điện tử,Mobile,3.0,3.0,0
4284,2025-07-22,2581,24.0,Nữ,TP.HCM,Organic,Điện tử,456000,1,0.063,456000,427185,338364,88821,Ví điện tử,Mobile,2.0,4.0,1
4285,2025-07-22,568,35.0,Nữ,TP.HCM,Referral,Điện tử,223000,2,0.096,446000,403250,163952,75346,Chuyển khoản,Mobile,6.0,3.0,0
4286,2025-07-22,300,21.0,Nữ,TP.HCM,Google Ads,Mỹ phẩm,148000,7,0.04,1036000,994809,70440,501729,COD,Desktop,3.0,4.0,0
4287,2025-07-22,1894,27.0,Nam,TP.HCM,Google Ads,Thực phẩm,142000,2,0.017,284000,279061,98018,83025,Ví điện tử,Mobile,5.0,4.0,1
4288,2025-07-22,866,28.0,Nam,Đà Nẵng,Organic,Sách,84000,3,0.155,252000,213000,56311,44067,Thẻ tín dụng,Mobile,1.0,5.0,0
4289,2025-07-22,2800,43.0,Nữ,Hải Phòng,Organic,Điện tử,572000,3,0.262,1716000,1266439,401455,62074,Thẻ tín dụng,Mobile,3.0,4.0,0
4290,2025-07-22,2156,32.0,Nam,TP.HCM,Facebook Ads,Thực phẩm,97000,2,0.119,194000,171004,66698,37608,Chuyển khoản,Mobile,6.0,3.0,1
4291,2025-07-22,2818,37.0,Nữ,TP.HCM,Facebook Ads,Mỹ phẩm,192000,3,0.1,576000,518488,84898,263794,Thẻ tín dụng,Desktop,1.0,4.0,0
4292,2025-07-23,1219,39.0,Nữ,Hà Nội,Google Ads,Mỹ phẩm,132000,1,0.096,132000,119359,55118,64241,Chuyển khoản,Mobile,2.0,5.0,1
4293,2025-07-23,531,18.0,Nữ,Hà Nội,Google Ads,Điện tử,246000,4,0.212,984000,775827,176134,71291,Ví điện tử,Mobile,2.0,2.0,0
4294,2025-07-23,1865,45.0,Nữ,Hải Phòng,Organic,Mỹ phẩm,191000,5,0.021,955000,934797,82705,521272,Thẻ tín dụng,Desktop,2.0,4.0,0
4295,2025-07-23,80,45.0,Nữ,TP.HCM,Email,Mỹ phẩm,149000,6,0.071,894000,830929,63110,452269,Ví điện tử,Desktop,4.0,3.0,1
4296,2025-07-23,2250,22.0,Nữ,Hà Nội,Facebook Ads,Thời trang,156000,2,0.049,312000,296639,87430,121779,Ví điện tử,Mobile,2.0,4.0,0
4297,2025-07-23,86,34.0,Nam,TP.HCM,Organic,Sách,78000,4,0.055,312000,294737,54023,78645,Ví điện tử,Mobile,4.0,,0
4298,2025-07-23,1815,40.0,Nam,TP.HCM,Facebook Ads,Mỹ phẩm,197000,5,0.029,985000,956527,88152,515767,COD,Mobile,1.0,5.0,0
4299,2025-07-23,378,42.0,Nữ,Hà Nội,Organic,Sách,74000,4,0.12,296000,260508,47584,70172,COD,Desktop,1.0,4.0,0
4300,2025-07-23,3194,28.0,Nam,Đà Nẵng,Organic,Điện tử,119000,5,0.15,595000,505727,80469,103382,Chuyển khoản,Mobile,2.0,5.0,0
4301,2025-07-23,1055,39.0,Nam,Hải Phòng,Email,Sách,84000,4,0.052,336000,318528,50598,116136,COD,Mobile,1.0,4.0,0
4302,2025-07-23,256,40.0,Nam,Đà Nẵng,Referral,Thực phẩm,133000,2,0.056,266000,251129,96543,58043,COD,Desktop,3.0,,0
4303,2025-07-23,1640,41.0,Nam,Hà Nội,Google Ads,Sách,82000,4,0.189,328000,265903,47574,75607,Thẻ tín dụng,Desktop,2.0,4.0,0
4304,2025-07-24,995,33.0,Nam,Đà Nẵng,Google Ads,Thời trang,110000,5,0.213,550000,433038,62683,119623,Thẻ tín dụng,Mobile,6.0,4.0,0
4305,2025-07-24,1307,29.0,Nữ,Hà Nội,Facebook Ads,Điện tử,315000,2,0.103,630000,565338,225908,113522,COD,Desktop,0.0,5.0,0
4306,2025-07-24,1186,31.0,Nam,TP.HCM,Organic,Sách,99000,2,0.083,198000,181620,64042,53536,COD,Mobile,3.0,4.0,0
4307,2025-07-24,2485,45.0,Nữ,TP.HCM,Referral,Mỹ phẩm,242000,2,0.098,484000,436588,105706,225176,Ví điện tử,Mobile,2.0,4.0,0
4308,2025-07-24,2812,22.0,Nữ,TP.HCM,Referral,Mỹ phẩm,350000,7,0.12,2450000,2156878,161300,1027778,Chuyển khoản,Desktop,1.0,5.0,0
4309,2025-07-24,2743,37.0,Nữ,TP.HCM,Organic,Gia dụng,265000,6,0.223,1590000,1236064,150961,330298,Ví điện tử,Tablet,2.0,4.0,0
4310,2025-07-24,1694,23.0,Nữ,Hà Nội,Organic,Mỹ phẩm,253000,6,0.07,1518000,1411422,103576,789966,Ví điện tử,Tablet,5.0,,0
4311,2025-07-24,1267,21.0,Nam,TP.HCM,Email,Mỹ phẩm,153000,7,0.093,1071000,971257,71245,472542,Ví điện tử,Mobile,6.0,3.0,0
4312,2025-07-24,2561,49.0,Nữ,TP.HCM,Referral,Sách,94000,5,0.073,470000,435625,59122,140015,COD,Desktop,1.0,4.0,0
4313,2025-07-25,1613,19.0,Nữ,TP.HCM,Google Ads,Gia dụng,359000,3,0.101,1077000,968316,205632,351420,COD,Desktop,3.0,5.0,0
4314,2025-07-25,2625,41.0,Nữ,Đà Nẵng,Facebook Ads,Gia dụng,228000,17,0.067,3876000,3616447,141581,1209570,Thẻ tín dụng,Tablet,1.0,4.0,0
4315,2025-07-25,3258,41.0,Nữ,TP.HCM,Facebook Ads,Mỹ phẩm,226000,2,0.146,452000,385829,106108,173613,Ví điện tử,Desktop,0.0,5.0,0
4316,2025-07-25,1693,25.0,Nữ,TP.HCM,Google Ads,Mỹ phẩm,262000,4,0.054,1048000,991114,124207,494286,Thẻ tín dụng,Desktop,2.0,5.0,0
4317,2025-07-25,2406,32.0,Nữ,Hà Nội,Facebook Ads,Gia dụng,240000,4,0.048,960000,913446,134694,374670,Thẻ tín dụng,Mobile,2.0,4.0,1
4318,2025-07-26,8,36.0,Nam,Đà Nẵng,Email,Gia dụng,380000,3,0.114,1140000,1009560,223052,340404,Ví điện tử,Desktop,3.0,3.0,0
4319,2025-07-26,2795,38.0,Nữ,Hà Nội,Facebook Ads,Thời trang,119000,6,0.013,714000,704723,61541,335477,Thẻ tín dụng,Desktop,4.0,5.0,0
4320,2025-07-26,3142,27.0,Nam,Cần Thơ,Referral,Mỹ phẩm,182000,3,0.127,546000,476697,79175,239172,COD,Mobile,2.0,4.0,1
4321,2025-07-26,2769,27.0,Nữ,Hà Nội,Referral,Thời trang,165000,2,0.107,330000,294579,90229,114121,Chuyển khoản,Mobile,0.0,5.0,0
4322,2025-07-26,2676,21.0,Nam,TP.HCM,Facebook Ads,Sách,79000,4,0.154,316000,267459,53600,53059,COD,Mobile,1.0,4.0,0
4323,2025-07-26,3174,25.0,Nam,TP.HCM,Organic,Gia dụng,553000,3,0.174,1659000,1369845,341096,346557,COD,Tablet,0.0,5.0,0
4324,2025-07-27,741,18.0,Nữ,Hà Nội,Facebook Ads,Thời trang,109000,5,0.176,545000,449296,63038,134106,Thẻ tín dụng,Mobile,1.0,4.0,0
4325,2025-07-27,849,37.0,Nữ,Hà Nội,Organic,Sách,81000,4,0.064,324000,303358,51045,99178,COD,Mobile,1.0,4.0,0
4326,2025-07-27,327,18.0,Nữ,Hà Nội,Facebook Ads,Điện tử,703000,4,0.167,2812000,2343670,509576,305366,COD,Mobile,0.0,4.0,0
4327,2025-07-27,1343,22.0,Nam,Cần Thơ,Facebook Ads,Mỹ phẩm,201000,2,0.065,402000,375743,87935,199873,Ví điện tử,Tablet,3.0,3.0,0
4328,2025-07-27,17,30.0,Nữ,Đà Nẵng,Facebook Ads,Gia dụng,290000,1,0.104,290000,259721,165738,93983,COD,Mobile,3.0,4.0,0
4329,2025-07-27,809,18.0,Nữ,Đà Nẵng,Referral,Thời trang,194000,6,0.09,1164000,1059096,115154,368172,Ví điện tử,Mobile,2.0,4.0,0
4330,2025-07-27,3289,47.0,Nữ,Hà Nội,Facebook Ads,Thực phẩm,129000,3,0.073,387000,358694,90208,88070,COD,Mobile,1.0,4.0,0
4331,2025-07-27,1770,27.0,Nam,Hà Nội,Referral,Thời trang,90000,2,0.016,180000,177171,47633,81905,Thẻ tín dụng,Mobile,0.0,4.0,0
4332,2025-07-27,672,33.0,Nam,Hải Phòng,Organic,Gia dụng,376000,1,0.055,376000,355403,241449,113954,COD,Mobile,6.0,3.0,1
4333,2025-07-27,1681,37.0,Nữ,Hà Nội,Referral,Thời trang,191000,5,0.023,955000,933030,99404,436010,Ví điện tử,Mobile,4.0,4.0,0
4334,2025-07-27,1930,39.0,Nữ,TP.HCM,Facebook Ads,Thời trang,199000,5,0.043,995000,952666,114504,380146,Ví điện tử,Tablet,3.0,4.0,1
4335,2025-07-27,420,32.0,Nam,TP.HCM,Facebook Ads,Thời trang,189000,9,0.122,1701000,1493312,105432,544424,Thẻ tín dụng,Mobile,3.0,4.0,1
4336,2025-07-27,863,38.0,Nam,Hà Nội,Organic,Điện tử,212000,3,0.176,636000,524003,157981,50060,COD,Mobile,3.0,3.0,0
4337,2025-07-27,581,30.0,Nữ,TP.HCM,Google Ads,Điện tử,211000,4,0.083,844000,773908,145438,192156,Thẻ tín dụng,Tablet,3.0,3.0,0
4338,2025-07-27,2822,49.0,Nữ,Hà Nội,Organic,Điện tử,425000,2,0.123,850000,745511,282724,180063,Ví điện tử,Mobile,5.0,2.0,0
4339,2025-07-27,3211,33.0,Nữ,Hà Nội,Facebook Ads,Gia dụng,337000,2,0.202,674000,537688,204362,128964,COD,Desktop,2.0,5.0,0
4340,2025-07-27,2802,37.0,Nam,Hà Nội,Referral,Mỹ phẩm,205000,3,0.171,615000,509677,88717,243526,Thẻ tín dụng,Mobile,1.0,5.0,0
4341,2025-07-28,3067,33.0,Nữ,Hà Nội,Facebook Ads,Gia dụng,240000,6,0.06,1440000,1353192,139212,517920,COD,Tablet,1.0,4.0,0
4342,2025-07-28,644,38.0,Nữ,Hải Phòng,Referral,Mỹ phẩm,256000,3,0.045,768000,733223,111674,398201,COD,Mobile,4.0,3.0,0
4343,2025-07-28,1390,28.0,Nữ,Hải Phòng,Email,Mỹ phẩm,214000,4,0.124,856000,749735,93864,374279,Thẻ tín dụng,Mobile,,4.0,0
4344,2025-07-28,226,28.0,Nam,Cần Thơ,Organic,Thực phẩm,117000,4,0.134,468000,405233,80498,83241,Chuyển khoản,Desktop,2.0,4.0,0
4345,2025-07-28,2810,33.0,Nữ,Hải Phòng,Google Ads,Điện tử,210000,3,0.102,630000,565943,152838,107429,Ví điện tử,Mobile,1.0,4.0,0
4346,2025-07-29,2786,37.0,Nữ,TP.HCM,Organic,Thời trang,192000,10,0.109,1920000,1710277,110303,607247,COD,Desktop,3.0,4.0,0
4347,2025-07-29,347,31.0,Nam,Hà Nội,Organic,Thời trang,147000,4,0.263,588000,433385,79120,116905,Ví điện tử,Tablet,1.0,3.0,0
4348,2025-07-29,1773,39.0,Nam,TP.HCM,Google Ads,Thời trang,117000,3,0.079,351000,323364,65273,127545,Ví điện tử,Desktop,4.0,5.0,0
4349,2025-07-29,1649,28.0,Nam,TP.HCM,Google Ads,Điện tử,174000,2,0.132,348000,301898,133464,34970,Ví điện tử,Mobile,4.0,5.0,0
4350,2025-07-29,838,43.0,Nam,Hà Nội,Facebook Ads,Mỹ phẩm,310000,4,0.149,1240000,1055231,134485,517291,Ví điện tử,Mobile,1.0,5.0,0
4351,2025-07-29,2668,,Nữ,Đà Nẵng,Google Ads,Điện tử,199000,3,0.046,597000,569511,145360,133431,Chuyển khoản,Mobile,1.0,5.0,0
4352,2025-07-29,2868,34.0,Nữ,Hải Phòng,Organic,Điện tử,356000,6,0.108,2136000,1905816,261775,335166,Thẻ tín dụng,Mobile,5.0,4.0,0
4353,2025-07-29,1550,40.0,Nam,TP.HCM,Email,Điện tử,315000,6,0.132,1890000,1640668,235913,225190,Chuyển khoản,Mobile,5.0,4.0,0
4354,2025-07-29,2522,26.0,Nữ,Cần Thơ,Organic,Sách,99000,3,0.097,297000,268221,65632,71325,Thẻ tín dụng,Desktop,3.0,4.0,1
4355,2025-07-30,2039,27.0,Nữ,TP.HCM,Email,Gia dụng,200000,7,0.109,1400000,1247745,124860,373725,COD,Desktop,2.0,3.0,0
4356,2025-07-30,106,40.0,Nam,Hà Nội,Organic,Gia dụng,316000,3,0.122,948000,831987,184352,278931,COD,Mobile,3.0,3.0,0
4357,2025-07-30,883,58.0,Nữ,Đà Nẵng,Facebook Ads,Gia dụng,180000,2,0.063,360000,337270,109839,117592,Ví điện tử,Tablet,1.0,5.0,0
4358,2025-07-30,1941,18.0,Nữ,TP.HCM,Google Ads,Điện tử,239000,3,0.116,717000,633672,169316,125724,COD,Mobile,2.0,4.0,0
4359,2025-07-30,3147,40.0,Nữ,TP.HCM,Google Ads,Thời trang,138000,2,0.16,276000,231888,76683,78522,COD,Mobile,4.0,4.0,0
4360,2025-07-30,2182,41.0,Nam,TP.HCM,Google Ads,Thực phẩm,97000,4,0.073,388000,359707,68058,87475,COD,Desktop,3.0,5.0,0
4361,2025-07-30,1526,43.0,Nam,Hà Nội,Google Ads,Thời trang,174000,8,0.03,1392000,1350599,92434,611127,COD,Desktop,7.0,3.0,0
4362,2025-07-31,570,29.0,Nam,Cần Thơ,Organic,Thời trang,92000,3,0.123,276000,242172,52984,83220,COD,Tablet,2.0,4.0,0
4363,2025-07-31,1675,35.0,Nữ,Hà Nội,Google Ads,Thời trang,89000,7,0.098,623000,562049,51689,200226,Thẻ tín dụng,Desktop,3.0,3.0,0
4364,2025-07-31,1652,18.0,Nam,TP.HCM,Email,Thời trang,334000,1,0.062,334000,313392,200794,112598,COD,Mobile,2.0,5.0,0
4365,2025-07-31,1640,41.0,Nam,Hải Phòng,Google Ads,Thời trang,197000,3,0.03,591000,573341,109368,245237,Thẻ tín dụng,Desktop,5.0,3.0,0
4366,2025-07-31,2835,23.0,Nữ,TP.HCM,Organic,Thời trang,138000,7,0.101,966000,868609,76132,335685,Ví điện tử,Mobile,2.0,4.0,0
4367,2025-07-31,2710,33.0,Nữ,Hà Nội,Facebook Ads,Thời trang,150000,1,0.183,150000,122591,82963,39628,COD,Desktop,2.0,5.0,0
4368,2025-07-31,85,23.0,Nam,Hà Nội,Organic,Điện tử,215000,5,0.227,1075000,831447,155175,55572,COD,Mobile,4.0,5.0,0
4369,2025-07-31,3152,49.0,Nam,Hà Nội,Email,Điện tử,196000,5,0.183,980000,800945,142158,90155,Thẻ tín dụng,Desktop,6.0,4.0,0
4370,2025-07-31,2298,43.0,Nam,Cần Thơ,Facebook Ads,Điện tử,289000,3,0.101,867000,779283,208311,154350,Thẻ tín dụng,Mobile,3.0,4.0,0
4371,2025-07-31,1501,39.0,Nam,Đà Nẵng,Google Ads,Mỹ phẩm,105000,7,0.036,735000,708788,45885,387593,Thẻ tín dụng,Mobile,3.0,3.0,0
4372,2025-08-01,1725,18.0,Nam,Cần Thơ,Email,Thời trang,189000,2,0.017,378000,371692,105247,161198,COD,Mobile,4.0,4.0,0
4373,2025-08-01,1384,42.0,Nữ,Cần Thơ,Facebook Ads,Điện tử,494000,7,0.066,3458000,3229354,376965,590599,COD,Mobile,2.0,4.0,0
4374,2025-08-01,541,25.0,Nữ,Hải Phòng,Facebook Ads,Điện tử,341000,6,0.102,2046000,1837626,253043,319368,Thẻ tín dụng,Mobile,6.0,3.0,0
4375,2025-08-01,1204,26.0,Nam,Cần Thơ,Facebook Ads,Thực phẩm,102000,5,0.232,510000,391895,69782,42985,Chuyển khoản,Mobile,1.0,4.0,0
4376,2025-08-01,482,24.0,Nam,TP.HCM,Organic,Gia dụng,397000,6,0.088,2382000,2173403,221605,843773,Chuyển khoản,Mobile,4.0,4.0,0
4377,2025-08-01,1943,53.0,Nam,Hà Nội,Facebook Ads,Thời trang,178000,2,0.017,356000,349789,89340,171109,Ví điện tử,Mobile,3.0,3.0,0
4378,2025-08-01,1758,23.0,Nam,Đà Nẵng,Google Ads,Điện tử,577000,4,0.106,2308000,2063398,442757,292370,COD,Mobile,6.0,3.0,0
4379,2025-08-01,3055,28.0,Nữ,Cần Thơ,Facebook Ads,Thực phẩm,98000,6,0.177,588000,483930,69408,67482,COD,Mobile,4.0,,0
4380,2025-08-02,1141,38.0,Nam,Đà Nẵng,Organic,Điện tử,339000,2,0.059,678000,638269,234072,170125,COD,Mobile,3.0,4.0,0
4381,2025-08-02,1879,42.0,Nữ,Hải Phòng,Google Ads,Gia dụng,226000,7,0.087,1582000,1444612,137454,482434,Thẻ tín dụng,Mobile,1.0,5.0,0
4382,2025-08-02,1781,26.0,Nữ,Đà Nẵng,Facebook Ads,Mỹ phẩm,169000,6,0.009,1014000,1004786,74908,555338,Ví điện tử,Mobile,4.0,4.0,0
4383,2025-08-02,2174,46.0,Nam,Đà Nẵng,Facebook Ads,Thời trang,121000,6,0.114,726000,642930,64433,256332,Thẻ tín dụng,Mobile,3.0,3.0,0
4384,2025-08-02,2956,18.0,Nữ,Hà Nội,Organic,Điện tử,349000,5,0.014,1745000,1719709,256512,437149,Ví điện tử,Mobile,6.0,3.0,0
4385,2025-08-02,1052,18.0,Nữ,Hà Nội,Facebook Ads,Thời trang,99000,1,0.07,99000,92080,59464,32616,Thẻ tín dụng,Desktop,2.0,4.0,0
4386,2025-08-02,1990,21.0,Nam,Hải Phòng,Organic,Thời trang,200000,5,0.213,1000000,786666,97181,300761,Thẻ tín dụng,Mobile,5.0,4.0,0
4387,2025-08-02,3033,44.0,Nam,TP.HCM,Organic,Điện tử,250000,4,0.141,1000000,858947,183065,126687,COD,Mobile,0.0,5.0,0
4388,2025-08-02,474,53.0,Nữ,Hà Nội,Organic,Điện tử,367000,3,0.054,1101000,1041439,257781,268096,Ví điện tử,Mobile,2.0,5.0,0
4389,2025-08-03,1150,37.0,Nam,TP.HCM,Google Ads,Sách,68000,6,0.05,408000,387699,41604,138075,COD,Desktop,3.0,,0
4390,2025-08-03,1899,27.0,Nam,TP.HCM,Google Ads,Điện tử,356000,2,0.101,712000,639903,281414,77075,COD,Mobile,7.0,4.0,0
4391,2025-08-03,2587,40.0,Nam,TP.HCM,Referral,Thời trang,220000,3,0.08,660000,606990,139848,187446,Thẻ tín dụng,Mobile,2.0,4.0,0
4392,2025-08-03,2321,32.0,Nam,Cần Thơ,Organic,Điện tử,280000,4,0.116,1120000,989541,207121,161057,Ví điện tử,Mobile,1.0,5.0,0
4393,2025-08-03,1008,37.0,Nam,Hà Nội,Google Ads,Thời trang,199000,6,0.045,1194000,1140630,105056,510294,Ví điện tử,Mobile,3.0,4.0,0
4394,2025-08-03,860,47.0,Nữ,Hà Nội,Facebook Ads,Điện tử,253000,4,0.179,1012000,830822,169011,154778,Thẻ tín dụng,Mobile,,4.0,0
4395,2025-08-03,71,36.0,Nữ,Hà Nội,Facebook Ads,Thời trang,193000,3,0.109,579000,515740,105665,198745,COD,Tablet,1.0,5.0,0
4396,2025-08-03,1865,45.0,Nữ,TP.HCM,Facebook Ads,Điện tử,203000,2,0.04,406000,389653,134592,120469,COD,Desktop,2.0,,0
4397,2025-08-03,355,37.0,Nam,Cần Thơ,Google Ads,Thời trang,160000,2,0.045,320000,305456,95306,114844,COD,Desktop,2.0,4.0,0
4398,2025-08-04,1162,39.0,Nam,TP.HCM,Referral,Thời trang,156000,6,0.104,936000,838456,90855,293326,Chuyển khoản,Desktop,3.0,4.0,0
4399,2025-08-04,694,28.0,Nữ,TP.HCM,Google Ads,Sách,89000,4,0.094,356000,322463,61941,74699,Ví điện tử,Desktop,3.0,4.0,0
4400,2025-08-04,81,45.0,Nam,TP.HCM,Facebook Ads,Thời trang,122000,4,0.177,488000,401813,63540,147653,COD,Desktop,3.0,3.0,1
4401,2025-08-04,1983,32.0,Nam,Hà Nội,Referral,Điện tử,530000,3,0.052,1590000,1506569,381711,361436,Ví điện tử,Mobile,7.0,3.0,0
4402,2025-08-04,1942,31.0,Nam,Cần Thơ,Organic,Mỹ phẩm,177000,3,0.06,531000,499088,79789,259721,COD,Desktop,1.0,5.0,0
4403,2025-08-04,3194,28.0,Nam,TP.HCM,Organic,Mỹ phẩm,149000,4,0.039,596000,572711,69139,296155,Thẻ tín dụng,Mobile,2.0,5.0,0
4404,2025-08-04,2746,33.0,Nữ,TP.HCM,Organic,Điện tử,255000,2,0.08,510000,469368,182579,104210,COD,Tablet,1.0,4.0,0
4405,2025-08-04,2017,29.0,Nam,TP.HCM,Google Ads,Điện tử,373000,3,0.066,1119000,1044686,292991,165713,COD,Mobile,2.0,4.0,0
4406,2025-08-05,2848,38.0,Nam,Hà Nội,Facebook Ads,Sách,119000,1,0.051,119000,112907,77481,35426,Thẻ tín dụng,Mobile,1.0,,0
4407,2025-08-05,772,43.0,Nam,Hải Phòng,Organic,Thời trang,214000,7,0.044,1498000,1431452,116789,613929,Ví điện tử,Desktop,3.0,4.0,0
4408,2025-08-05,1701,32.0,Nữ,Hà Nội,Facebook Ads,Thực phẩm,109000,4,0.052,436000,413266,73554,119050,Ví điện tử,Mobile,3.0,4.0,0
4409,2025-08-05,1279,53.0,Nam,TP.HCM,Organic,Gia dụng,229000,2,0.046,458000,436728,129089,178550,Thẻ tín dụng,Mobile,1.0,4.0,0
4410,2025-08-05,2446,27.0,Nam,TP.HCM,Facebook Ads,Gia dụng,522000,2,0.236,1044000,797914,357858,82198,COD,Tablet,2.0,5.0,0
4411,2025-08-05,3198,,Nữ,Cần Thơ,Facebook Ads,Thời trang,170000,3,0.18,510000,418228,100459,116851,COD,Mobile,6.0,3.0,0
4412,2025-08-06,48,18.0,Nam,Hải Phòng,Referral,Thực phẩm,128000,4,0.092,512000,465061,89414,107405,COD,Desktop,0.0,5.0,0
4413,2025-08-06,850,32.0,Nam,Hà Nội,Facebook Ads,Thực phẩm,140000,4,0.093,560000,508103,94755,129083,Ví điện tử,Mobile,3.0,4.0,0
4414,2025-08-06,743,18.0,Nữ,Hà Nội,Google Ads,Mỹ phẩm,192000,3,0.1,576000,518236,78505,282721,COD,Mobile,0.0,4.0,1
4415,2025-08-06,1118,21.0,Nữ,Hà Nội,Organic,Gia dụng,290000,3,0.025,870000,848526,191721,273363,Ví điện tử,Mobile,3.0,4.0,0
4416,2025-08-06,1233,27.0,Nam,TP.HCM,Organic,Thời trang,234000,2,0.066,468000,437223,124725,187773,COD,Mobile,7.0,3.0,0
4417,2025-08-06,1928,24.0,Nam,TP.HCM,Google Ads,Điện tử,295000,2,0.04,590000,566694,214454,137786,Ví điện tử,Mobile,4.0,3.0,0
4418,2025-08-06,1820,30.0,Nam,Hà Nội,Facebook Ads,Điện tử,491000,7,0.204,3437000,2736971,358550,227121,COD,Desktop,3.0,,0
4419,2025-08-06,1357,56.0,Nữ,TP.HCM,Google Ads,Điện tử,178000,2,0.114,356000,315522,126438,62646,Thẻ tín dụng,Mobile,3.0,4.0,0
4420,2025-08-06,3110,42.0,Nam,Hà Nội,Referral,Thời trang,153000,2,0.015,306000,301461,84755,131951,Ví điện tử,Desktop,2.0,4.0,0
4421,2025-08-07,1764,29.0,Nam,Đà Nẵng,Facebook Ads,Sách,74000,6,0.091,444000,403577,48413,113099,Ví điện tử,Desktop,3.0,3.0,0
4422,2025-08-07,428,33.0,Nam,TP.HCM,Google Ads,Điện tử,389000,4,0.073,1556000,1442989,306426,217285,Ví điện tử,Desktop,1.0,4.0,0
4423,2025-08-07,634,21.0,Nữ,Hà Nội,Referral,Thực phẩm,104000,6,0.079,624000,574445,70431,151859,Thẻ tín dụng,Desktop,2.0,5.0,0
4424,2025-08-07,2476,18.0,Nam,TP.HCM,Referral,Gia dụng,173000,4,0.101,692000,622260,101259,217224,Ví điện tử,Mobile,4.0,4.0,0
4425,2025-08-07,1963,21.0,Nữ,Hải Phòng,Google Ads,Thực phẩm,130000,5,0.139,650000,559626,90588,106686,COD,Mobile,5.0,3.0,0
4426,2025-08-07,2801,41.0,Nữ,TP.HCM,Facebook Ads,Sách,89000,4,0.089,356000,324142,60688,81390,COD,Desktop,3.0,,0
4427,2025-08-08,863,38.0,Nam,TP.HCM,Referral,Gia dụng,219000,1,0.115,219000,193866,131295,62571,Ví điện tử,Mobile,1.0,4.0,1
4428,2025-08-08,1301,31.0,Nữ,TP.HCM,Facebook Ads,Gia dụng,278000,8,0.04,2224000,2134985,158016,870857,Ví điện tử,Mobile,5.0,4.0,0
4429,2025-08-08,1883,38.0,Nữ,Hà Nội,Facebook Ads,Thời trang,268000,2,0.051,536000,508750,147462,213826,Chuyển khoản,Mobile,3.0,5.0,0
4430,2025-08-08,2802,37.0,Nam,TP.HCM,Facebook Ads,Điện tử,244000,4,0.025,976000,951820,179157,235192,COD,Mobile,2.0,3.0,0
4431,2025-08-08,3017,18.0,Nam,Hà Nội,Referral,Điện tử,217000,4,0.08,868000,798177,149561,199933,COD,Desktop,3.0,3.0,0
4432,2025-08-08,19,36.0,Nữ,Hải Phòng,Facebook Ads,Điện tử,324000,3,0.054,972000,919080,231969,223173,COD,Desktop,2.0,5.0,0
4433,2025-08-08,650,31.0,Nữ,Hà Nội,Google Ads,Sách,100000,5,0.05,500000,475119,71750,116369,Thẻ tín dụng,Desktop,2.0,4.0,1
4434,2025-08-08,1835,47.0,Nữ,Hải Phòng,Organic,Sách,93000,6,0.048,558000,531018,60466,168222,COD,Mobile,8.0,3.0,0
4435,2025-08-08,709,22.0,Nam,TP.HCM,Organic,Thời trang,129000,4,0.09,516000,469433,68866,193969,Ví điện tử,Desktop,2.0,4.0,0
4436,2025-08-08,929,32.0,Nữ,Hà Nội,Google Ads,Mỹ phẩm,204000,5,0.051,1020000,968248,90752,514488,Chuyển khoản,Desktop,1.0,4.0,0
4437,2025-08-09,732,36.0,Nữ,TP.HCM,Facebook Ads,Gia dụng,281000,7,0.279,1967000,1418772,162615,280467,Thẻ tín dụng,Desktop,3.0,3.0,0
4438,2025-08-09,1980,38.0,Nữ,TP.HCM,Organic,Thời trang,192000,3,0.019,576000,565206,115144,219774,Ví điện tử,Mobile,2.0,5.0,0
4439,2025-08-09,577,44.0,Nữ,Cần Thơ,Email,Mỹ phẩm,223000,4,0.037,892000,858930,95195,478150,Thẻ tín dụng,Mobile,2.0,4.0,1
4440,2025-08-09,2173,47.0,Nữ,Cần Thơ,Facebook Ads,Mỹ phẩm,159000,3,0.2,477000,381511,70727,169330,Ví điện tử,Mobile,1.0,4.0,0
4441,2025-08-10,850,32.0,Nam,TP.HCM,Facebook Ads,Thực phẩm,103000,3,0.121,309000,271549,71902,55843,Thẻ tín dụng,Tablet,3.0,4.0,0
4442,2025-08-10,1870,34.0,Nữ,Hà Nội,Facebook Ads,Thực phẩm,162000,3,0.048,486000,462453,111200,128853,Ví điện tử,Desktop,2.0,4.0,0
4443,2025-08-10,3050,33.0,Nam,Hải Phòng,Google Ads,Điện tử,422000,5,0.145,2110000,1803530,258734,509860,COD,Desktop,2.0,5.0,0
4444,2025-08-10,675,49.0,Nữ,TP.HCM,Organic,Thời trang,197000,10,0.042,1970000,1888242,108214,806102,Thẻ tín dụng,Desktop,2.0,4.0,0
4445,2025-08-10,2482,26.0,Nam,Hà Nội,Facebook Ads,Mỹ phẩm,228000,22,0.068,5016000,4676557,100530,2464897,Chuyển khoản,Desktop,7.0,3.0,0
4446,2025-08-10,561,36.0,Nam,TP.HCM,Facebook Ads,Thời trang,115000,25,0.021,2875000,2813346,65464,1176746,Chuyển khoản,Mobile,5.0,4.0,0
4447,2025-08-10,1891,50.0,Nam,TP.HCM,Email,Điện tử,622000,5,0.079,3110000,2864420,460130,563770,Thẻ tín dụng,Mobile,2.0,4.0,0
4448,2025-08-11,2895,27.0,Nam,Hải Phòng,Referral,Thời trang,78000,4,0.057,312000,294308,43169,121632,Thẻ tín dụng,Mobile,3.0,5.0,0
4449,2025-08-11,3251,37.0,Nam,Hải Phòng,Referral,Mỹ phẩm,194000,6,0.087,1164000,1062575,88604,530951,COD,Mobile,2.0,4.0,0
4450,2025-08-11,427,44.0,Nam,Hải Phòng,Google Ads,Gia dụng,246000,1,0.137,246000,212269,143225,69044,Ví điện tử,Desktop,2.0,5.0,1
4451,2025-08-11,1627,29.0,Nam,TP.HCM,Facebook Ads,Thời trang,179000,6,0.158,1074000,904731,82951,407025,COD,Mobile,1.0,5.0,0
4452,2025-08-11,1504,34.0,Nữ,Hải Phòng,Facebook Ads,Gia dụng,302000,6,0.051,1812000,1719818,177877,652556,COD,Mobile,1.0,5.0,0
4453,2025-08-11,315,36.0,Nữ,Đà Nẵng,Referral,Điện tử,577000,3,0.148,1731000,1475152,461321,91189,Chuyển khoản,Desktop,3.0,2.0,1
4454,2025-08-11,1886,33.0,Nam,Hà Nội,Facebook Ads,Gia dụng,403000,4,0.087,1612000,1472318,229852,552910,Ví điện tử,Desktop,1.0,5.0,0
4455,2025-08-11,2898,49.0,Nam,TP.HCM,Organic,Thời trang,104000,5,0.108,520000,463860,52500,201360,Thẻ tín dụng,Tablet,1.0,5.0,0
4456,2025-08-12,2961,33.0,Nữ,Đà Nẵng,Organic,Điện tử,445000,3,0.149,1335000,1135638,329986,145680,COD,Tablet,5.0,4.0,0
4457,2025-08-12,1753,37.0,Nam,TP.HCM,Facebook Ads,Gia dụng,265000,2,0.069,530000,493386,162634,168118,Chuyển khoản,Mobile,2.0,4.0,0
4458,2025-08-12,2214,34.0,Nam,Hà Nội,Facebook Ads,Thời trang,190000,2,0.041,380000,364371,103951,156469,Ví điện tử,Mobile,1.0,5.0,0
4459,2025-08-12,3113,35.0,Nam,Hà Nội,Facebook Ads,Thực phẩm,139000,2,0.078,278000,256329,100506,55317,COD,Mobile,4.0,4.0,0
4460,2025-08-13,1658,38.0,Nữ,Hà Nội,Facebook Ads,Mỹ phẩm,207000,4,0.104,828000,742066,92631,371542,Thẻ tín dụng,Desktop,3.0,4.0,0
4461,2025-08-13,2366,21.0,Nam,TP.HCM,Referral,Thực phẩm,99000,3,0.165,297000,248061,65692,50985,Thẻ tín dụng,Mobile,8.0,3.0,0
4462,2025-08-13,1991,37.0,Nam,Đà Nẵng,Facebook Ads,Gia dụng,145000,2,0.028,290000,281843,81168,119507,COD,Mobile,0.0,5.0,0
4463,2025-08-13,3058,34.0,Nữ,Cần Thơ,Organic,Điện tử,281000,4,0.246,1124000,847877,197836,56533,COD,Mobile,3.0,,0
4464,2025-08-13,1294,27.0,Nữ,TP.HCM,Email,Sách,97000,4,0.032,388000,375552,67251,106548,Ví điện tử,Mobile,3.0,5.0,0
4465,2025-08-13,734,,Nữ,TP.HCM,Organic,Mỹ phẩm,194000,8,0.094,1552000,1406044,89814,687532,Chuyển khoản,Mobile,3.0,4.0,0
4466,2025-08-13,2161,30.0,Nam,Hà Nội,Referral,Gia dụng,211000,5,0.07,1055000,981535,130542,328825,Thẻ tín dụng,Mobile,2.0,4.0,0
4467,2025-08-13,765,37.0,Nữ,TP.HCM,Organic,Gia dụng,330000,3,0.04,990000,950076,193958,368202,COD,Desktop,3.0,,0
4468,2025-08-14,2125,21.0,Nam,Hà Nội,Google Ads,Điện tử,374000,3,0.025,1122000,1093468,273832,271972,Chuyển khoản,Desktop,6.0,3.0,0
4469,2025-08-14,882,32.0,Nữ,Đà Nẵng,Organic,Gia dụng,237000,5,0.019,1185000,1162436,139146,466706,Thẻ tín dụng,Tablet,1.0,5.0,1
4470,2025-08-14,2167,32.0,Nữ,Cần Thơ,Organic,Thời trang,110000,3,0.141,330000,283469,62907,94748,Ví điện tử,Tablet,2.0,3.0,0
4471,2025-08-14,827,34.0,Nữ,Hà Nội,Facebook Ads,Gia dụng,353000,1,0.15,353000,299955,213974,85981,COD,Desktop,4.0,3.0,0
4472,2025-08-14,1592,50.0,Nữ,Hà Nội,Organic,Thực phẩm,133000,6,0.046,798000,761255,88474,230411,COD,Mobile,2.0,3.0,0
4473,2025-08-15,2371,61.0,Nữ,Cần Thơ,Google Ads,Thực phẩm,96000,5,0.041,480000,460355,67070,125005,COD,Mobile,1.0,5.0,0
4474,2025-08-15,2938,20.0,Nữ,TP.HCM,Facebook Ads,Mỹ phẩm,292000,5,0.056,1460000,1378103,136477,695718,COD,Tablet,2.0,5.0,0
4475,2025-08-15,3195,30.0,Nữ,Cần Thơ,Organic,Mỹ phẩm,166000,2,0.042,332000,318058,81642,154774,COD,Mobile,2.0,5.0,0
4476,2025-08-15,1447,43.0,Nữ,Hà Nội,Email,Gia dụng,293000,4,0.176,1172000,965623,183989,229667,COD,Mobile,3.0,4.0,0
4477,2025-08-15,2398,25.0,Nữ,Cần Thơ,Facebook Ads,Mỹ phẩm,116000,3,0.109,348000,309946,53900,148246,Thẻ tín dụng,Desktop,3.0,4.0,0
4478,2025-08-15,3046,18.0,Nữ,Cần Thơ,Google Ads,Điện tử,408000,1,0.107,408000,364271,288546,75725,Ví điện tử,Desktop,5.0,4.0,0
4479,2025-08-15,410,34.0,Nữ,TP.HCM,Organic,Mỹ phẩm,136000,3,0.213,408000,321262,59690,142192,Thẻ tín dụng,Mobile,1.0,4.0,0
4480,2025-08-15,1782,29.0,Nam,Cần Thơ,Referral,Thời trang,136000,3,0.16,408000,342837,78739,106620,COD,Mobile,2.0,5.0,1
4481,2025-08-15,916,35.0,Nữ,Hà Nội,Organic,Gia dụng,186000,2,0.1,372000,334887,113789,107309,Thẻ tín dụng,Mobile,2.0,4.0,0
4482,2025-08-16,73,22.0,Nam,TP.HCM,Google Ads,Sách,83000,7,0.048,581000,553349,53284,180361,COD,Mobile,6.0,4.0,1
4483,2025-08-16,2498,45.0,Nữ,Đà Nẵng,Referral,Gia dụng,306000,2,0.017,612000,601439,177652,246135,Thẻ tín dụng,Desktop,1.0,4.0,0
4484,2025-08-16,1873,18.0,Nam,TP.HCM,Facebook Ads,Sách,97000,4,0.039,388000,372737,61809,125501,Thẻ tín dụng,Desktop,2.0,5.0,0
4485,2025-08-16,3006,43.0,Nam,TP.HCM,Google Ads,Điện tử,230000,2,0.098,460000,415114,178050,59014,Ví điện tử,Mobile,2.0,5.0,0
4486,2025-08-16,3232,39.0,Nữ,Hải Phòng,Google Ads,Gia dụng,240000,5,0.027,1200000,1168160,145253,441895,Chuyển khoản,Mobile,7.0,3.0,0
4487,2025-08-16,2467,29.0,Nữ,TP.HCM,Facebook Ads,Gia dụng,307000,3,0.082,921000,845307,172200,328707,Ví điện tử,Desktop,8.0,2.0,1
4488,2025-08-16,3137,29.0,Nữ,Hà Nội,Organic,Thực phẩm,125000,3,0.074,375000,347268,87394,85086,Chuyển khoản,Mobile,4.0,4.0,0
4489,2025-08-16,2204,37.0,Nam,Hà Nội,Referral,Thời trang,141000,6,0.044,846000,808872,70871,383646,Ví điện tử,Mobile,1.0,,0
4490,2025-08-16,582,30.0,Nam,TP.HCM,Facebook Ads,Thực phẩm,134000,6,0.071,804000,746713,87367,222511,Ví điện tử,Mobile,3.0,,0
4491,2025-08-16,18,35.0,Nữ,Hà Nội,Referral,Thời trang,176000,3,0.079,528000,486078,92839,207561,COD,Mobile,2.0,5.0,0
4492,2025-08-16,7,42.0,Nữ,TP.HCM,Email,Điện tử,335000,4,0.033,1340000,1295846,243955,320026,Thẻ tín dụng,Desktop,4.0,3.0,1
4493,2025-08-16,1650,38.0,Nam,TP.HCM,Google Ads,Thời trang,163000,3,0.058,489000,460842,81521,216279,Ví điện tử,Desktop,2.0,5.0,0
4494,2025-08-16,3249,34.0,Nam,Cần Thơ,Google Ads,Thời trang,135000,4,0.082,540000,495577,79076,179273,Chuyển khoản,Mobile,2.0,4.0,0
4495,2025-08-16,144,47.0,Nữ,TP.HCM,Organic,Gia dụng,331000,5,0.082,1655000,1518792,191065,563467,Thẻ tín dụng,Mobile,10.0,2.0,0
4496,2025-08-16,166,18.0,Nam,TP.HCM,Organic,Thời trang,318000,4,0.024,1272000,1241622,181601,515218,COD,Desktop,1.0,4.0,0
4497,2025-08-16,1496,44.0,Nữ,TP.HCM,Referral,Thực phẩm,118000,3,0.017,354000,348086,83338,98072,Ví điện tử,Mobile,4.0,5.0,0
4498,2025-08-16,2417,39.0,Nữ,TP.HCM,Google Ads,Gia dụng,227000,3,0.062,681000,638611,133465,238216,Thẻ tín dụng,Desktop,3.0,4.0,0
4499,2025-08-17,2407,27.0,Nam,Cần Thơ,Email,Điện tử,521000,3,0.154,1563000,1322886,346730,282696,Thẻ tín dụng,Tablet,1.0,4.0,0
4500,2025-08-17,1461,29.0,Nữ,TP.HCM,Organic,Mỹ phẩm,121000,4,0.045,484000,462087,56959,234251,COD,Desktop,0.0,5.0,0
4501,2025-08-17,2636,24.0,Nam,TP.HCM,Facebook Ads,Mỹ phẩm,265000,6,0.033,1590000,1537179,116237,839757,COD,Mobile,,4.0,0
4502,2025-08-17,2706,31.0,Nam,Hải Phòng,Referral,Điện tử,429000,4,0.093,1716000,1556299,301288,351147,COD,Mobile,3.0,2.0,0
4503,2025-08-17,3234,36.0,Nữ,Hà Nội,Google Ads,Mỹ phẩm,168000,5,0.193,840000,677893,74064,307573,Ví điện tử,Mobile,1.0,5.0,0
4504,2025-08-17,1285,18.0,Nam,Cần Thơ,Organic,Điện tử,430000,2,0.056,860000,812146,285212,241722,Chuyển khoản,Mobile,3.0,5.0,0
4505,2025-08-17,3298,21.0,Nữ,Đà Nẵng,Facebook Ads,Gia dụng,206000,4,0.026,824000,802613,129133,286081,Thẻ tín dụng,Desktop,7.0,4.0,0
4506,2025-08-17,216,36.0,Nam,TP.HCM,Google Ads,Điện tử,223000,7,0.036,1561000,1504529,160755,379244,COD,Mobile,2.0,5.0,0
4507,2025-08-17,2886,32.0,Nữ,TP.HCM,Google Ads,Thời trang,196000,4,0.078,784000,722995,108626,288491,COD,Mobile,7.0,,0
4508,2025-08-17,1116,31.0,Nữ,Cần Thơ,Google Ads,Thực phẩm,106000,6,0.029,636000,617611,72771,180985,Ví điện tử,Mobile,4.0,4.0,0
4509,2025-08-18,884,43.0,Nữ,Đà Nẵng,Facebook Ads,Gia dụng,188000,5,0.049,940000,894090,114359,322295,COD,Mobile,5.0,4.0,0
4510,2025-08-18,1631,26.0,Nam,TP.HCM,Organic,Thời trang,145000,6,0.009,870000,861892,75937,406270,COD,Mobile,3.0,4.0,0
4511,2025-08-18,2694,36.0,Nam,TP.HCM,Facebook Ads,Mỹ phẩm,290000,4,0.139,1160000,998576,126574,492280,COD,Mobile,3.0,3.0,0
4512,2025-08-18,734,30.0,Nữ,TP.HCM,Email,Thời trang,171000,9,0.068,1539000,1434090,92241,603921,COD,Mobile,2.0,4.0,0
4513,2025-08-18,1682,42.0,Nữ,Hà Nội,Google Ads,Thời trang,138000,6,0.048,828000,788361,75108,337713,Thẻ tín dụng,Desktop,0.0,5.0,0
4514,2025-08-18,226,28.0,Nam,Hà Nội,Referral,Điện tử,185000,8,0.094,1480000,1340596,130113,299692,Thẻ tín dụng,Mobile,1.0,,0
4515,2025-08-18,2596,43.0,Nam,Hà Nội,Facebook Ads,Mỹ phẩm,202000,2,0.032,404000,391250,87998,215254,Chuyển khoản,Desktop,1.0,4.0,0
4516,2025-08-18,1792,27.0,Nữ,Cần Thơ,Google Ads,Thời trang,231000,2,0.138,462000,398373,125350,147673,Thẻ tín dụng,Desktop,1.0,4.0,0
4517,2025-08-18,2315,39.0,Nam,Hà Nội,Facebook Ads,Điện tử,195000,4,0.167,780000,650117,143142,77549,Ví điện tử,Desktop,2.0,5.0,0
4518,2025-08-18,602,18.0,Nữ,TP.HCM,Organic,Mỹ phẩm,221000,4,0.082,884000,811918,102676,401214,COD,Mobile,2.0,4.0,0
4519,2025-08-18,119,,Nữ,Hà Nội,Facebook Ads,Gia dụng,252000,6,0.033,1512000,1462517,156316,524621,Chuyển khoản,Mobile,3.0,5.0,0
4520,2025-08-18,937,43.0,Nữ,Hà Nội,Google Ads,Gia dụng,475000,2,0.074,950000,880168,287878,304412,Ví điện tử,Mobile,4.0,3.0,0
4521,2025-08-19,1149,19.0,Nam,TP.HCM,Facebook Ads,Điện tử,394000,4,0.097,1576000,1422393,285473,280501,COD,Tablet,4.0,4.0,0
4522,2025-08-19,1758,23.0,Nam,Hà Nội,Google Ads,Thực phẩm,104000,5,0.132,520000,451494,71567,93659,COD,Mobile,2.0,4.0,0
4523,2025-08-19,2140,36.0,Nam,Hà Nội,Google Ads,Điện tử,284000,7,0.15,1988000,1689438,216158,176332,COD,Desktop,0.0,4.0,0
4524,2025-08-19,495,33.0,Nữ,Đà Nẵng,Google Ads,Gia dụng,272000,3,0.063,816000,764847,164750,270597,Ví điện tử,Mobile,4.0,4.0,0
4525,2025-08-19,3191,46.0,Nữ,TP.HCM,Facebook Ads,Thời trang,125000,2,0.157,250000,210871,70646,69579,Chuyển khoản,Desktop,2.0,5.0,0
4526,2025-08-19,41,31.0,Nữ,Cần Thơ,Facebook Ads,Thời trang,140000,7,0.05,980000,931392,80118,370566,Ví điện tử,Desktop,2.0,4.0,0
4527,2025-08-19,2471,34.0,Nam,Hà Nội,Organic,Mỹ phẩm,142000,6,0.128,852000,742650,65407,350208,Thẻ tín dụng,Mobile,1.0,5.0,0
4528,2025-08-20,2703,27.0,Nữ,TP.HCM,Email,Gia dụng,365000,4,0.015,1460000,1437941,216073,573649,Chuyển khoản,Desktop,1.0,5.0,0
4529,2025-08-20,1360,26.0,Nam,TP.HCM,Google Ads,Gia dụng,185000,4,0.115,740000,655209,123551,161005,Ví điện tử,Mobile,4.0,3.0,0
4530,2025-08-20,2227,30.0,Nữ,Hải Phòng,Email,Thời trang,105000,3,0.089,315000,286809,55149,121362,COD,Desktop,1.0,5.0,0
4531,2025-08-20,12,30.0,Nữ,TP.HCM,Facebook Ads,Sách,71000,7,0.11,497000,442222,47781,107755,COD,Desktop,1.0,5.0,0
4532,2025-08-20,2049,26.0,Nữ,TP.HCM,Organic,Mỹ phẩm,208000,8,0.017,1664000,1635850,94635,878770,COD,Desktop,6.0,4.0,0
4533,2025-08-20,3035,21.0,Nữ,TP.HCM,Organic,Thời trang,95000,3,0.073,285000,264106,54391,100933,Chuyển khoản,Desktop,4.0,3.0,0
4534,2025-08-20,3225,31.0,Nữ,TP.HCM,Facebook Ads,Thời trang,138000,3,0.019,414000,406201,77984,172249,COD,Tablet,1.0,4.0,0
4535,2025-08-20,3249,,Nam,Đà Nẵng,Facebook Ads,Mỹ phẩm,171000,4,0.094,684000,619424,76931,311700,Thẻ tín dụng,Mobile,3.0,4.0,0
4536,2025-08-20,3249,34.0,Nam,TP.HCM,Organic,Mỹ phẩm,187000,6,0.057,1122000,1057671,86355,539541,COD,Mobile,4.0,5.0,0
4537,2025-08-21,202,28.0,Nữ,Đà Nẵng,Facebook Ads,Mỹ phẩm,221000,5,0.16,1105000,928251,95088,452811,Thẻ tín dụng,Mobile,0.0,,0
4538,2025-08-21,645,25.0,Nữ,Hải Phòng,Referral,Thời trang,181000,7,0.154,1267000,1071326,99067,377857,Ví điện tử,Mobile,2.0,4.0,0
4539,2025-08-21,1156,18.0,Nữ,Hải Phòng,Facebook Ads,Thời trang,106000,3,0.127,318000,277724,61586,92966,Ví điện tử,Desktop,1.0,5.0,0
4540,2025-08-21,2406,32.0,Nữ,Hải Phòng,Facebook Ads,Thời trang,202000,4,0.163,808000,676485,111629,229969,COD,Mobile,8.0,3.0,0
4541,2025-08-21,1683,35.0,Nam,Cần Thơ,Google Ads,Thời trang,123000,8,0.189,984000,798493,65484,274621,Thẻ tín dụng,Mobile,0.0,4.0,1
4542,2025-08-21,2903,49.0,Nam,Hà Nội,Referral,Thời trang,137000,3,0.184,411000,335554,79257,97783,Thẻ tín dụng,Desktop,1.0,3.0,0
4543,2025-08-21,1150,37.0,Nam,Cần Thơ,Facebook Ads,Mỹ phẩm,228000,3,0.139,684000,589148,114521,245585,Thẻ tín dụng,Desktop,5.0,5.0,0
4544,2025-08-21,2177,23.0,Nữ,TP.HCM,Organic,Điện tử,252000,1,0.02,252000,246991,191726,55265,COD,Desktop,1.0,5.0,0
4545,2025-08-21,1292,48.0,Nam,TP.HCM,Google Ads,Gia dụng,248000,3,0.099,744000,670676,133424,270404,COD,Mobile,11.0,3.0,0
4546,2025-08-22,1870,34.0,Nữ,Hà Nội,Facebook Ads,Điện tử,419000,4,0.068,1676000,1561813,263901,506209,Chuyển khoản,Desktop,2.0,5.0,0
4547,2025-08-22,1223,39.0,Nữ,Hải Phòng,Facebook Ads,Điện tử,327000,1,0.092,327000,296888,247076,49812,Chuyển khoản,Mobile,4.0,4.0,0
4548,2025-08-22,2562,23.0,Nam,Cần Thơ,Google Ads,Thực phẩm,94000,3,0.102,282000,253259,64513,59720,Thẻ tín dụng,Mobile,,4.0,0
4549,2025-08-22,230,36.0,Nam,Hà Nội,Organic,Thời trang,169000,5,0.131,845000,734444,92169,273599,Thẻ tín dụng,Mobile,6.0,3.0,0
4550,2025-08-22,93,46.0,Nữ,TP.HCM,Facebook Ads,Mỹ phẩm,241000,2,0.109,482000,429541,113696,202149,Ví điện tử,Mobile,2.0,5.0,0
4551,2025-08-22,3128,25.0,Nam,Cần Thơ,Email,Gia dụng,356000,1,0.07,356000,331007,219951,111056,Thẻ tín dụng,Desktop,1.0,4.0,0
4552,2025-08-22,362,22.0,Nữ,Hà Nội,Facebook Ads,Thời trang,102000,5,0.169,510000,423878,61286,117448,COD,Desktop,2.0,5.0,0
4553,2025-08-22,1890,29.0,Nữ,Hà Nội,Organic,Gia dụng,205000,3,0.076,615000,568477,119619,209620,COD,Desktop,1.0,4.0,0
4554,2025-08-22,650,31.0,Nữ,TP.HCM,Facebook Ads,Gia dụng,339000,5,0.173,1695000,1402270,207287,365835,Ví điện tử,Desktop,2.0,4.0,0
4555,2025-08-22,1214,39.0,Nữ,Hà Nội,Facebook Ads,Sách,85000,2,0.22,170000,132627,58074,16479,Thẻ tín dụng,Mobile,1.0,5.0,0
4556,2025-08-23,1318,29.0,Nữ,Hà Nội,Facebook Ads,Thực phẩm,120000,2,0.104,240000,214999,89193,36613,Chuyển khoản,Desktop,1.0,5.0,0
4557,2025-08-23,1843,60.0,Nam,TP.HCM,Google Ads,Thời trang,203000,4,0.151,812000,689346,105269,268270,Thẻ tín dụng,Tablet,2.0,4.0,0
4558,2025-08-23,1479,38.0,Nữ,TP.HCM,Facebook Ads,Điện tử,368000,4,0.022,1472000,1439095,257644,408519,COD,Desktop,1.0,5.0,0
4559,2025-08-23,860,47.0,Nữ,Hà Nội,Google Ads,Điện tử,650000,3,0.174,1950000,1611056,469100,203756,Thẻ tín dụng,Desktop,2.0,5.0,0
4560,2025-08-23,3228,32.0,Nữ,Hà Nội,Google Ads,Thời trang,161000,4,0.24,644000,489648,94894,110072,COD,Mobile,4.0,5.0,0
4561,2025-08-23,3155,32.0,Nam,Cần Thơ,Facebook Ads,Điện tử,400000,7,0.065,2800000,2617350,284063,628909,Thẻ tín dụng,Mobile,2.0,4.0,0
4562,2025-08-23,2463,42.0,Nữ,Hải Phòng,Email,Thời trang,172000,3,0.055,516000,487436,98865,190841,Ví điện tử,Desktop,,5.0,0
4563,2025-08-23,853,37.0,Nam,Cần Thơ,Organic,Thực phẩm,107000,4,0.161,428000,359012,75759,55976,Chuyển khoản,Mobile,3.0,4.0,0
4564,2025-08-23,1295,18.0,Nữ,Cần Thơ,Google Ads,Điện tử,357000,3,0.05,1071000,1017903,261160,234423,Thẻ tín dụng,Mobile,1.0,5.0,0
4565,2025-08-23,2674,18.0,Nữ,Hải Phòng,Google Ads,Thời trang,98000,5,0.08,490000,450602,54532,177942,Ví điện tử,Tablet,2.0,4.0,0
4566,2025-08-23,1048,33.0,Nữ,Hà Nội,Google Ads,Sách,84000,2,0.088,168000,153184,46923,59338,COD,Mobile,3.0,3.0,0
4567,2025-08-23,229,27.0,Nữ,Đà Nẵng,Facebook Ads,Thời trang,171000,2,0.117,342000,301840,103370,95100,COD,Desktop,5.0,4.0,0
4568,2025-08-23,1920,34.0,Nữ,Hà Nội,Google Ads,Gia dụng,232000,3,0.111,696000,618503,138024,204431,Chuyển khoản,Tablet,1.0,4.0,0
4569,2025-08-23,646,24.0,Nữ,Đà Nẵng,Referral,Thực phẩm,123000,6,0.097,738000,666700,90121,125974,Chuyển khoản,Desktop,2.0,3.0,0
4570,2025-08-23,234,42.0,Nam,Hà Nội,Facebook Ads,Thời trang,111000,3,0.137,333000,287427,59629,108540,Ví điện tử,Mobile,3.0,5.0,0
4571,2025-08-24,2614,36.0,Nữ,Hà Nội,Google Ads,Mỹ phẩm,215000,2,0.103,430000,385561,96804,191953,Ví điện tử,Mobile,3.0,4.0,0
4572,2025-08-24,260,20.0,Nữ,Hà Nội,Facebook Ads,Gia dụng,303000,6,0.108,1818000,1621366,189639,483532,COD,Mobile,2.0,4.0,0
4573,2025-08-24,950,48.0,Nữ,Hà Nội,Organic,Thực phẩm,96000,2,0.123,192000,168410,63862,40686,Thẻ tín dụng,Mobile,2.0,4.0,0
4574,2025-08-24,1276,25.0,Nữ,Cần Thơ,Organic,Sách,79000,5,0.095,395000,357429,51227,101294,Ví điện tử,Desktop,2.0,4.0,1
4575,2025-08-24,1783,33.0,Nam,TP.HCM,Google Ads,Sách,71000,4,0.109,284000,252960,41509,86924,Ví điện tử,Mobile,5.0,4.0,0
4576,2025-08-24,2691,22.0,Nữ,Hải Phòng,Organic,Thực phẩm,113000,3,0.025,339000,330541,78237,95830,Ví điện tử,Mobile,5.0,3.0,1
4577,2025-08-24,2626,18.0,Nữ,Đà Nẵng,Referral,Thời trang,182000,5,0.09,910000,828428,92263,367113,Chuyển khoản,Mobile,1.0,,0
4578,2025-08-24,495,33.0,Nữ,Hà Nội,Referral,Điện tử,329000,6,0.122,1974000,1733956,246395,255586,COD,Mobile,3.0,4.0,0
4579,2025-08-24,782,,Nữ,Hà Nội,Referral,Sách,95000,5,0.034,475000,458970,57324,172350,Thẻ tín dụng,Desktop,3.0,4.0,0
4580,2025-08-24,1908,39.0,Nữ,TP.HCM,Organic,Gia dụng,161000,5,0.01,805000,796935,96984,312015,Ví điện tử,Mobile,0.0,4.0,0
4581,2025-08-24,1556,23.0,Nữ,Đà Nẵng,Facebook Ads,Điện tử,657000,7,0.077,4599000,4244803,462998,1003817,Thẻ tín dụng,Mobile,2.0,5.0,0
4582,2025-08-24,395,24.0,Nữ,TP.HCM,Google Ads,Thực phẩm,100000,6,0.137,600000,517983,67936,110367,Chuyển khoản,Desktop,3.0,4.0,0
4583,2025-08-25,1665,27.0,Nam,Hà Nội,Facebook Ads,Điện tử,527000,5,0.015,2635000,2595296,396722,611686,Chuyển khoản,Mobile,2.0,4.0,0
4584,2025-08-25,2554,35.0,Nữ,Hà Nội,Referral,Gia dụng,273000,3,0.117,819000,722949,159289,245082,Ví điện tử,Mobile,1.0,4.0,0
4585,2025-08-25,704,18.0,Nam,Cần Thơ,Facebook Ads,Gia dụng,222000,2,0.118,444000,391735,135678,120379,Ví điện tử,Mobile,2.0,4.0,0
4586,2025-08-25,862,39.0,Nữ,TP.HCM,Organic,Gia dụng,234000,4,0.046,936000,893236,139461,335392,Thẻ tín dụng,Desktop,1.0,5.0,0
4587,2025-08-25,197,18.0,Nữ,Hà Nội,Organic,Sách,82000,6,0.05,492000,467176,55224,135832,Chuyển khoản,Mobile,3.0,4.0,0
4588,2025-08-25,157,29.0,Nữ,TP.HCM,Facebook Ads,Sách,72000,6,0.12,432000,380186,50951,74480,Ví điện tử,Mobile,5.0,3.0,0
4589,2025-08-25,824,44.0,Nữ,Đà Nẵng,Referral,Thời trang,96000,4,0.076,384000,354849,50147,154261,COD,Mobile,2.0,,0
4590,2025-08-25,1102,26.0,Nữ,TP.HCM,Facebook Ads,Gia dụng,268000,7,0.172,1876000,1553302,152633,484871,Ví điện tử,Mobile,2.0,4.0,0
4591,2025-08-25,3228,32.0,Nữ,Hà Nội,Facebook Ads,Gia dụng,153000,4,0.068,612000,570222,91863,202770,COD,Desktop,2.0,4.0,0
4592,2025-08-26,1714,38.0,Nam,Cần Thơ,Google Ads,Mỹ phẩm,235000,2,0.122,470000,412766,108027,196712,Ví điện tử,Desktop,0.0,4.0,0
4593,2025-08-26,2092,38.0,Nữ,Cần Thơ,Organic,Mỹ phẩm,153000,4,0.008,612000,607219,67865,335759,COD,Desktop,7.0,4.0,0
4594,2025-08-26,2667,45.0,Nữ,Cần Thơ,Organic,Điện tử,498000,1,0.03,498000,483008,335778,147230,COD,Tablet,,4.0,0
4595,2025-08-26,675,49.0,Nữ,Hải Phòng,Referral,Điện tử,251000,4,0.099,1004000,904567,182681,173843,COD,Desktop,1.0,4.0,0
4596,2025-08-26,699,21.0,Nam,TP.HCM,Facebook Ads,Gia dụng,162000,3,0.025,486000,473765,90402,202559,Thẻ tín dụng,Tablet,1.0,4.0,0
4597,2025-08-26,2216,28.0,Nam,Hà Nội,Facebook Ads,Mỹ phẩm,170000,5,0.046,850000,810510,74136,439830,COD,Mobile,6.0,5.0,0
4598,2025-08-26,1951,30.0,Nữ,Hà Nội,Facebook Ads,Thời trang,208000,3,0.092,624000,566281,121467,201880,Ví điện tử,Mobile,4.0,4.0,0
4599,2025-08-26,119,18.0,Nữ,TP.HCM,Facebook Ads,Thời trang,129000,3,0.043,387000,370480,69442,162154,COD,Mobile,1.0,5.0,0
4600,2025-08-26,1384,42.0,Nữ,Hà Nội,Organic,Thời trang,117000,4,0.136,468000,404509,64495,146529,Ví điện tử,Mobile,4.0,4.0,0
4601,2025-08-26,1832,42.0,Nữ,Cần Thơ,Google Ads,Mỹ phẩm,144000,2,0.196,288000,231528,62917,105694,Ví điện tử,Desktop,8.0,2.0,0
4602,2025-08-27,1710,37.0,Nữ,Đà Nẵng,Email,Điện tử,246000,6,0.022,1476000,1443507,180144,362643,Chuyển khoản,Mobile,2.0,5.0,0
4603,2025-08-27,430,28.0,Nữ,Cần Thơ,Organic,Thời trang,96000,6,0.064,576000,538968,49710,240708,Ví điện tử,Mobile,5.0,4.0,0
4604,2025-08-27,2830,33.0,Nam,TP.HCM,Email,Thời trang,139000,3,0.145,417000,356502,72237,139791,COD,Mobile,2.0,4.0,0
4605,2025-08-27,292,29.0,Nam,Đà Nẵng,Referral,Thời trang,200000,1,0.106,200000,178870,110349,68521,Chuyển khoản,Mobile,2.0,5.0,0
4606,2025-08-27,1196,39.0,Nam,Đà Nẵng,Organic,Điện tử,208000,3,0.072,624000,578969,148152,134513,Thẻ tín dụng,Desktop,1.0,5.0,0
4607,2025-08-27,1519,36.0,Nữ,TP.HCM,Organic,Mỹ phẩm,193000,1,0.101,193000,173436,90343,83093,COD,Desktop,5.0,3.0,1
4608,2025-08-27,1828,46.0,Nam,Đà Nẵng,Google Ads,Điện tử,349000,4,0.12,1396000,1228404,247710,237564,Thẻ tín dụng,Desktop,1.0,4.0,0
4609,2025-08-28,1809,37.0,Nam,Hà Nội,Organic,Điện tử,479000,4,0.107,1916000,1711792,351069,307516,COD,Desktop,2.0,4.0,0
4610,2025-08-28,2327,19.0,Nữ,Hà Nội,Email,Mỹ phẩm,213000,4,0.122,852000,747935,99161,351291,COD,Mobile,1.0,4.0,0
4611,2025-08-28,33,31.0,Nam,TP.HCM,Referral,Thời trang,156000,3,0.079,468000,430929,84512,177393,Ví điện tử,Desktop,1.0,5.0,0
4612,2025-08-28,1851,43.0,Nam,TP.HCM,Facebook Ads,Điện tử,258000,3,0.073,774000,717360,183516,166812,Ví điện tử,Mobile,4.0,4.0,0
4613,2025-08-28,1827,24.0,Nam,TP.HCM,Facebook Ads,Mỹ phẩm,211000,2,0.13,422000,367109,104548,158013,COD,Mobile,2.0,5.0,0
4614,2025-08-28,638,22.0,Nữ,TP.HCM,Google Ads,Gia dụng,186000,2,0.253,372000,277842,112382,53078,COD,Desktop,1.0,5.0,0
4615,2025-08-28,3209,19.0,Nữ,Hà Nội,Google Ads,Gia dụng,273000,3,0.109,819000,729386,166892,228710,Thẻ tín dụng,Mobile,4.0,3.0,0
4616,2025-08-28,349,18.0,Nữ,Hà Nội,Referral,Thực phẩm,151000,3,0.078,453000,417631,102902,108925,Chuyển khoản,Mobile,6.0,4.0,1
4617,2025-08-28,314,25.0,Nữ,TP.HCM,Facebook Ads,Mỹ phẩm,209000,1,0.105,209000,187128,95208,91920,COD,Mobile,0.0,5.0,0
4618,2025-08-28,1905,41.0,Nữ,Hà Nội,Facebook Ads,Thời trang,250000,2,0.122,500000,438955,139472,160011,COD,Mobile,3.0,,0
4619,2025-08-29,1866,37.0,Nam,TP.HCM,Organic,Gia dụng,225000,4,0.097,900000,812824,136132,268296,Chuyển khoản,Desktop,3.0,4.0,0
4620,2025-08-29,3232,39.0,Nữ,Hà Nội,Facebook Ads,Gia dụng,185000,3,0.032,555000,537172,116885,186517,Thẻ tín dụng,Desktop,3.0,4.0,0
4621,2025-08-29,691,26.0,Nam,Hà Nội,Referral,Điện tử,496000,4,0.084,1984000,1817998,372908,326366,Thẻ tín dụng,Tablet,2.0,4.0,0
4622,2025-08-29,3252,35.0,Nữ,Hải Phòng,Organic,Gia dụng,308000,3,0.088,924000,842571,193248,262827,Thẻ tín dụng,Tablet,3.0,4.0,0
4623,2025-08-29,1505,37.0,Nữ,TP.HCM,Google Ads,Mỹ phẩm,223000,1,0.1,223000,200638,103359,97279,Chuyển khoản,Mobile,6.0,4.0,1
4624,2025-08-29,1786,43.0,Nữ,Hải Phòng,Organic,Thời trang,187000,2,0.15,374000,317993,100289,117415,Ví điện tử,Mobile,,4.0,0
4625,2025-08-29,50,18.0,Nữ,TP.HCM,Facebook Ads,Thời trang,139000,5,0.026,695000,676915,74941,302210,Ví điện tử,Desktop,2.0,3.0,0
4626,2025-08-29,2366,21.0,Nam,Hà Nội,Referral,Điện tử,454000,5,0.116,2270000,2007081,313960,437281,Thẻ tín dụng,Desktop,3.0,4.0,0
4627,2025-08-29,2774,,Nữ,TP.HCM,Google Ads,Điện tử,260000,8,0.18,2080000,1706343,195545,141983,Chuyển khoản,Mobile,5.0,3.0,0
4628,2025-08-29,338,37.0,Nam,Cần Thơ,Organic,Thực phẩm,131000,2,0.106,262000,234281,95280,43721,Thẻ tín dụng,Mobile,2.0,,0
4629,2025-08-30,2583,42.0,Nữ,TP.HCM,Facebook Ads,Mỹ phẩm,158000,3,0.119,474000,417576,77751,184323,Ví điện tử,Mobile,3.0,3.0,0
4630,2025-08-30,990,31.0,Nam,Hà Nội,Organic,Gia dụng,593000,4,0.044,2372000,2266761,346135,882221,Chuyển khoản,Desktop,2.0,4.0,0
4631,2025-08-30,609,32.0,Nam,TP.HCM,Facebook Ads,Thời trang,167000,3,0.105,501000,448397,90917,175646,Chuyển khoản,Mobile,1.0,5.0,0
4632,2025-08-30,1620,27.0,Nữ,TP.HCM,Google Ads,Sách,55000,7,0.086,385000,351878,35978,100032,Thẻ tín dụng,Desktop,7.0,2.0,0
4633,2025-08-30,2825,33.0,Nữ,TP.HCM,Google Ads,Thời trang,197000,3,0.094,591000,535416,111519,200859,Ví điện tử,Mobile,5.0,4.0,0
4634,2025-08-30,1198,,Nam,TP.HCM,Organic,Thời trang,118000,1,0.159,118000,99286,61084,38202,COD,Tablet,4.0,3.0,0
4635,2025-08-31,3116,29.0,Nam,Cần Thơ,Email,Gia dụng,157000,2,0.129,314000,273541,90040,93461,COD,Mobile,3.0,4.0,0
4636,2025-08-31,1666,40.0,Nữ,Hà Nội,Referral,Thời trang,196000,8,0.017,1568000,1541989,104265,707869,COD,Desktop,0.0,5.0,0
4637,2025-08-31,3177,38.0,Nam,Hà Nội,Organic,Gia dụng,134000,4,0.072,536000,497253,79156,180629,COD,Mobile,4.0,5.0,0
4638,2025-08-31,1303,27.0,Nữ,Hải Phòng,Referral,Mỹ phẩm,157000,1,0.077,157000,144920,76568,68352,Thẻ tín dụng,Mobile,2.0,3.0,0
4639,2025-08-31,2826,42.0,Nam,Đà Nẵng,Email,Điện tử,505000,2,0.074,1010000,935745,376460,182825,COD,Mobile,4.0,4.0,0
4640,2025-08-31,2071,,Nam,Hà Nội,Email,Điện tử,278000,3,0.016,834000,820255,200075,220030,Ví điện tử,Desktop,1.0,4.0,0
4641,2025-08-31,508,24.0,Nữ,TP.HCM,Facebook Ads,Sách,86000,3,0.167,258000,215034,55406,48816,COD,Desktop,3.0,3.0,0
4642,2025-09-01,1083,28.0,Nữ,Cần Thơ,Facebook Ads,Mỹ phẩm,262000,4,0.083,1048000,961388,115843,498016,COD,Desktop,1.0,5.0,0
4643,2025-09-01,2319,43.0,Nữ,TP.HCM,Facebook Ads,Điện tử,227000,4,0.124,908000,795418,171529,109302,Chuyển khoản,Mobile,1.0,5.0,0
4644,2025-09-01,2548,30.0,Nam,TP.HCM,Organic,Mỹ phẩm,186000,4,0.172,744000,615684,81004,291668,Chuyển khoản,Mobile,3.0,5.0,0
4645,2025-09-01,1516,27.0,Nam,Cần Thơ,Email,Thời trang,173000,2,0.141,346000,297340,95025,107290,COD,Desktop,3.0,4.0,0
4646,2025-09-01,2539,26.0,Nam,Hà Nội,Facebook Ads,Mỹ phẩm,159000,1,0.082,159000,145897,67185,78712,COD,Mobile,1.0,5.0,0
4647,2025-09-01,1087,18.0,Nữ,TP.HCM,Facebook Ads,Thời trang,141000,4,0.206,564000,448004,78929,132288,Thẻ tín dụng,Mobile,1.0,5.0,0
4648,2025-09-01,2689,57.0,Nữ,TP.HCM,Organic,Thời trang,141000,3,0.138,423000,364800,73923,143031,Ví điện tử,Desktop,5.0,4.0,0
4649,2025-09-01,824,44.0,Nữ,TP.HCM,Facebook Ads,Mỹ phẩm,228000,3,0.037,684000,658880,101899,353183,Thẻ tín dụng,Mobile,3.0,4.0,0
4650,2025-09-02,2196,49.0,Nữ,Hải Phòng,Google Ads,Thực phẩm,118000,1,0.038,118000,113489,79940,33549,COD,Desktop,1.0,5.0,0
4651,2025-09-02,173,18.0,Nam,Đà Nẵng,Google Ads,Thực phẩm,121000,4,0.072,484000,449063,85134,108527,COD,Desktop,1.0,4.0,0
4652,2025-09-02,1918,37.0,Nữ,Cần Thơ,Google Ads,Thực phẩm,102000,7,0.078,714000,658551,67367,186982,COD,Desktop,1.0,4.0,0
4653,2025-09-02,113,37.0,Nữ,Cần Thơ,Facebook Ads,Thời trang,200000,6,0.093,1200000,1088437,108460,437677,Thẻ tín dụng,Mobile,3.0,3.0,0
4654,2025-09-03,2211,26.0,Nam,Cần Thơ,Email,Điện tử,211000,1,0.073,211000,195701,150976,44725,Ví điện tử,Mobile,4.0,4.0,0
4655,2025-09-03,1856,35.0,Nữ,TP.HCM,Facebook Ads,Điện tử,339000,4,0.081,1356000,1246803,245376,265299,Thẻ tín dụng,Mobile,1.0,3.0,0
4656,2025-09-03,2378,33.0,Nam,TP.HCM,Organic,Thực phẩm,126000,4,0.081,504000,463089,94258,86057,Thẻ tín dụng,Mobile,4.0,4.0,0
4657,2025-09-03,1994,41.0,Nữ,TP.HCM,Google Ads,Thời trang,138000,2,0.067,276000,257542,82479,92584,Thẻ tín dụng,Mobile,1.0,5.0,0
4658,2025-09-03,3293,21.0,Nam,TP.HCM,Facebook Ads,Điện tử,124000,3,0.107,372000,332194,88695,66109,Ví điện tử,Mobile,2.0,4.0,0
4659,2025-09-03,3113,35.0,Nam,Hải Phòng,Google Ads,Thời trang,93000,4,0.089,372000,338824,51056,134600,Ví điện tử,Desktop,6.0,4.0,0
4660,2025-09-03,513,31.0,Nữ,TP.HCM,Google Ads,Thời trang,190000,3,0.036,570000,549289,100911,246556,Thẻ tín dụng,Desktop,3.0,4.0,0
4661,2025-09-03,2518,22.0,Nữ,Cần Thơ,Google Ads,Sách,67000,5,0.04,335000,321670,49949,71925,Chuyển khoản,Mobile,2.0,4.0,1
4662,2025-09-03,1299,24.0,Nữ,Hải Phòng,Organic,Sách,116000,5,0.097,580000,523864,77236,137684,COD,Desktop,2.0,4.0,0
4663,2025-09-03,168,30.0,Nữ,Đà Nẵng,Google Ads,Thời trang,121000,4,0.041,484000,464102,67892,192534,Ví điện tử,Mobile,3.0,,0
4664,2025-09-03,1922,41.0,Nam,Hải Phòng,Google Ads,Mỹ phẩm,155000,2,0.105,310000,277580,69684,138212,Ví điện tử,Mobile,8.0,3.0,0
4665,2025-09-03,2839,18.0,Nữ,TP.HCM,Google Ads,Thực phẩm,81000,1,0.043,81000,77542,57674,19868,COD,Tablet,2.0,,0
4666,2025-09-03,240,32.0,Nam,TP.HCM,Facebook Ads,Thời trang,180000,2,0.028,360000,349784,101586,146612,Thẻ tín dụng,Mobile,7.0,3.0,0
4667,2025-09-04,2908,34.0,Nữ,Cần Thơ,Google Ads,Điện tử,391000,5,0.095,1955000,1768737,284951,343982,COD,Mobile,2.0,4.0,0
4668,2025-09-04,1676,38.0,Nữ,TP.HCM,Organic,Điện tử,271000,3,0.147,813000,693320,186876,132692,Ví điện tử,Tablet,4.0,4.0,0
4669,2025-09-04,2118,31.0,Nữ,TP.HCM,Facebook Ads,Thời trang,151000,3,0.016,453000,445932,87020,184872,Thẻ tín dụng,Desktop,3.0,5.0,0
4670,2025-09-04,2772,30.0,Nam,TP.HCM,Google Ads,Thời trang,151000,5,0.185,755000,615612,75745,236887,Ví điện tử,Mobile,0.0,4.0,1
4671,2025-09-04,3159,37.0,Nam,Hà Nội,Organic,Mỹ phẩm,187000,5,0.1,935000,841791,81389,434846,Ví điện tử,Mobile,1.0,5.0,0
4672,2025-09-04,146,18.0,Nữ,Cần Thơ,Google Ads,Điện tử,292000,3,0.197,876000,703415,215450,57065,COD,Desktop,1.0,5.0,0
4673,2025-09-04,2037,24.0,Nam,TP.HCM,Facebook Ads,Sách,93000,2,0.057,186000,175458,64848,45762,COD,Desktop,4.0,3.0,0
4674,2025-09-04,1410,22.0,Nam,Hà Nội,Organic,Gia dụng,251000,4,0.051,1004000,953245,146545,367065,Chuyển khoản,Mobile,4.0,4.0,0
4675,2025-09-04,1151,25.0,Nam,Hà Nội,Facebook Ads,Điện tử,419000,1,0.072,419000,389000,301038,87962,Ví điện tử,Mobile,9.0,4.0,0
4676,2025-09-04,622,,Nam,Hà Nội,Facebook Ads,Thời trang,138000,2,0.012,276000,272729,71849,129031,Chuyển khoản,Mobile,3.0,5.0,0
4677,2025-09-05,1131,50.0,Nữ,Cần Thơ,Facebook Ads,Thời trang,218000,4,0.115,872000,771302,109870,331822,COD,Mobile,1.0,4.0,0
4678,2025-09-05,2551,32.0,Nữ,Hà Nội,Google Ads,Điện tử,352000,3,0.072,1056000,979494,235518,272940,Ví điện tử,Desktop,2.0,5.0,0
4679,2025-09-05,2373,42.0,Nữ,Hà Nội,Organic,Mỹ phẩm,237000,3,0.138,711000,612914,102926,304136,COD,Tablet,5.0,4.0,0
4680,2025-09-05,3168,58.0,Nữ,Hải Phòng,Facebook Ads,Mỹ phẩm,241000,6,0.097,1446000,1305694,111810,634834,Chuyển khoản,Desktop,4.0,4.0,0
4681,2025-09-05,2274,24.0,Nam,TP.HCM,Facebook Ads,Sách,110000,4,0.087,440000,401902,77152,93294,COD,Desktop,6.0,4.0,0
4682,2025-09-05,944,31.0,Nam,Hà Nội,Email,Thời trang,151000,6,0.064,906000,847653,89501,310647,Thẻ tín dụng,Mobile,2.0,5.0,0
4683,2025-09-05,1387,28.0,Nam,Cần Thơ,Google Ads,Điện tử,159000,1,0.052,159000,150700,117080,33620,Ví điện tử,Desktop,4.0,3.0,0
4684,2025-09-05,168,30.0,Nữ,TP.HCM,Email,Điện tử,314000,2,0.106,628000,561738,241748,78242,Thẻ tín dụng,Mobile,7.0,3.0,0
4685,2025-09-05,84,31.0,Nữ,Hải Phòng,Facebook Ads,Gia dụng,301000,3,0.088,903000,823804,188762,257518,Ví điện tử,Mobile,3.0,5.0,0
4686,2025-09-05,1106,31.0,Nam,Hà Nội,Google Ads,Thời trang,135000,31,0.1,4185000,3765797,74471,1457196,COD,Mobile,2.0,4.0,0
4687,2025-09-06,1335,20.0,Nam,TP.HCM,Facebook Ads,Gia dụng,343000,3,0.139,1029000,886179,198808,289755,Ví điện tử,Desktop,1.0,5.0,0
4688,2025-09-06,9,29.0,Nam,TP.HCM,Referral,Thời trang,251000,6,0.055,1506000,1423261,129737,644839,Chuyển khoản,Desktop,4.0,4.0,0
4689,2025-09-06,2387,38.0,Nữ,Hà Nội,Referral,Thực phẩm,125000,6,0.082,750000,688137,87478,163269,Thẻ tín dụng,Mobile,1.0,4.0,0
4690,2025-09-06,752,32.0,Nam,Hà Nội,Referral,Thời trang,146000,4,0.069,584000,543557,83559,209321,Thẻ tín dụng,Tablet,4.0,4.0,0
4691,2025-09-06,1721,36.0,Nữ,Đà Nẵng,Referral,Thực phẩm,113000,6,0.064,678000,634820,77174,171776,Thẻ tín dụng,Mobile,7.0,3.0,0
4692,2025-09-06,2831,31.0,Nam,Hà Nội,Referral,Gia dụng,185000,2,0.128,370000,322564,111634,99296,COD,Mobile,1.0,5.0,0
4693,2025-09-06,104,37.0,Nam,Hà Nội,Email,Thời trang,130000,7,0.124,910000,797025,73354,283547,Chuyển khoản,Mobile,3.0,,0
4694,2025-09-06,1596,18.0,Nam,Cần Thơ,Facebook Ads,Sách,75000,7,0.057,525000,495011,48229,157408,COD,Mobile,3.0,4.0,0
4695,2025-09-06,1768,34.0,Nam,Hà Nội,Google Ads,Thực phẩm,115000,8,0.076,920000,850528,85326,167920,Thẻ tín dụng,Mobile,2.0,4.0,0
4696,2025-09-07,38,18.0,Nữ,Đà Nẵng,Facebook Ads,Điện tử,234000,5,0.083,1170000,1072556,166015,242481,COD,Tablet,5.0,4.0,0
4697,2025-09-07,1373,,Nam,Đà Nẵng,Facebook Ads,Mỹ phẩm,183000,3,0.088,549000,500488,82952,251632,Ví điện tử,Mobile,7.0,2.0,0
4698,2025-09-07,669,47.0,Nam,Hà Nội,Organic,Sách,96000,5,0.059,480000,451807,63074,136437,Ví điện tử,Mobile,1.0,5.0,0
4699,2025-09-07,3163,30.0,Nữ,TP.HCM,Organic,Mỹ phẩm,212000,3,0.068,636000,592610,105046,277472,Ví điện tử,Mobile,0.0,4.0,0
4700,2025-09-07,1860,18.0,Nữ,TP.HCM,Google Ads,Mỹ phẩm,116000,2,0.058,232000,218488,52098,114292,Chuyển khoản,Mobile,3.0,2.0,0
4701,2025-09-07,181,20.0,Nữ,TP.HCM,Referral,Thời trang,144000,2,0.093,288000,261245,83451,94343,COD,Tablet,4.0,4.0,0
4702,2025-09-07,3037,27.0,Nữ,TP.HCM,Organic,Thời trang,155000,2,0.064,310000,290022,86050,117922,Ví điện tử,Mobile,3.0,5.0,0
4703,2025-09-07,2530,18.0,Nam,Hà Nội,Facebook Ads,Điện tử,394000,2,0.166,788000,657333,289374,78585,COD,Desktop,3.0,4.0,0
4704,2025-09-07,725,18.0,Nữ,Hà Nội,Email,Thời trang,153000,3,0.144,459000,393044,87000,132044,COD,Desktop,5.0,4.0,0
4705,2025-09-08,2696,22.0,Nam,Hà Nội,Organic,Gia dụng,264000,5,0.109,1320000,1175634,152368,413794,Ví điện tử,Desktop,3.0,5.0,0
4706,2025-09-08,127,37.0,Nam,TP.HCM,Organic,Điện tử,166000,1,0.023,166000,162150,112688,49462,Ví điện tử,Mobile,6.0,3.0,0
4707,2025-09-08,712,21.0,Nam,TP.HCM,Facebook Ads,Điện tử,585000,4,0.089,2340000,2130587,414282,473459,Chuyển khoản,Mobile,4.0,4.0,0
4708,2025-09-08,2783,55.0,Nam,Hà Nội,Google Ads,Mỹ phẩm,288000,4,0.16,1152000,967973,124749,468977,Ví điện tử,Mobile,10.0,3.0,0
4709,2025-09-08,2840,26.0,Nữ,TP.HCM,Google Ads,Thời trang,120000,3,0.172,360000,298001,64283,105152,Ví điện tử,Desktop,4.0,4.0,0
4710,2025-09-09,2016,30.0,Nữ,Hà Nội,Facebook Ads,Điện tử,292000,6,0.094,1752000,1586579,219508,269531,Ví điện tử,Mobile,3.0,5.0,0
4711,2025-09-09,775,30.0,Nam,TP.HCM,Referral,Thời trang,167000,3,0.099,501000,451544,90974,178622,Thẻ tín dụng,Desktop,4.0,4.0,0
4712,2025-09-09,386,31.0,Nữ,Hải Phòng,Google Ads,Mỹ phẩm,296000,2,0.123,592000,519258,121554,276150,Ví điện tử,Mobile,1.0,,0
4713,2025-09-09,1393,35.0,Nam,Đà Nẵng,Referral,Mỹ phẩm,212000,4,0.081,848000,778948,99253,381936,COD,Mobile,2.0,,0
4714,2025-09-09,1203,,Nam,Đà Nẵng,Facebook Ads,Gia dụng,149000,5,0.012,745000,735955,95377,259070,Ví điện tử,Mobile,3.0,4.0,0
4715,2025-09-09,1266,25.0,Nam,TP.HCM,Referral,Điện tử,180000,3,0.09,540000,491458,124193,118879,Ví điện tử,Desktop,2.0,3.0,0
4716,2025-09-09,1721,36.0,Nữ,Đà Nẵng,Facebook Ads,Thời trang,114000,3,0.021,342000,334886,61354,150824,Chuyển khoản,Desktop,3.0,4.0,0
4717,2025-09-10,85,23.0,Nam,Cần Thơ,Organic,Gia dụng,116000,4,0.133,464000,402150,69204,125334,Chuyển khoản,Desktop,2.0,,0
4718,2025-09-10,1770,27.0,Nam,Hà Nội,Google Ads,Thời trang,106000,7,0.222,742000,577107,58155,170022,COD,Mobile,1.0,5.0,0
4719,2025-09-10,1956,22.0,Nữ,TP.HCM,Google Ads,Thực phẩm,102000,1,0.087,102000,93115,67351,25764,Chuyển khoản,Desktop,2.0,4.0,0
4720,2025-09-10,1855,44.0,Nữ,Cần Thơ,Google Ads,Thời trang,87000,5,0.04,435000,417527,47483,180112,COD,Mobile,2.0,5.0,0
4721,2025-09-10,1923,35.0,Nam,Hà Nội,Google Ads,Thời trang,171000,4,0.108,684000,610149,99499,212153,Ví điện tử,Mobile,3.0,4.0,0
4722,2025-09-10,1949,21.0,Nam,Hà Nội,Organic,Thời trang,159000,6,0.266,954000,699947,90031,159761,Thẻ tín dụng,Desktop,3.0,4.0,0
4723,2025-09-10,91,31.0,Nam,Đà Nẵng,Organic,Thời trang,130000,3,0.104,390000,349386,66331,150393,COD,Tablet,0.0,4.0,0
4724,2025-09-10,2576,22.0,Nữ,Cần Thơ,Facebook Ads,Thời trang,223000,2,0.049,446000,424363,121183,181997,Thẻ tín dụng,Desktop,7.0,3.0,0
4725,2025-09-10,878,38.0,Nam,Hải Phòng,Facebook Ads,Thời trang,229000,2,0.137,458000,395235,129488,136259,COD,Desktop,4.0,4.0,0
4726,2025-09-10,1605,27.0,Nam,TP.HCM,Facebook Ads,Sách,80000,4,0.237,320000,244302,53132,31774,Chuyển khoản,Desktop,9.0,3.0,0
4727,2025-09-10,1225,26.0,Nữ,Hà Nội,Facebook Ads,Gia dụng,205000,2,0.059,410000,385950,123915,138120,COD,Mobile,5.0,4.0,0
4728,2025-09-11,1430,50.0,Nam,TP.HCM,Google Ads,Thời trang,146000,4,0.064,584000,546488,78987,230540,COD,Desktop,1.0,4.0,0
4729,2025-09-11,1188,32.0,Nữ,TP.HCM,Facebook Ads,Điện tử,229000,5,0.157,1145000,964825,157932,175165,Ví điện tử,Tablet,1.0,3.0,0
4730,2025-09-11,1882,21.0,Nam,TP.HCM,Facebook Ads,Thời trang,103000,2,0.052,206000,195214,57856,79502,Thẻ tín dụng,Mobile,1.0,5.0,0
4731,2025-09-11,3204,28.0,Nữ,Hải Phòng,Google Ads,Thời trang,215000,4,0.06,860000,808772,123561,314528,COD,Mobile,1.0,5.0,0
4732,2025-09-11,1549,20.0,Nam,Hà Nội,Google Ads,Thời trang,149000,5,0.108,745000,664548,84915,239973,Thẻ tín dụng,Mobile,1.0,5.0,0
4733,2025-09-11,2857,21.0,Nam,TP.HCM,Google Ads,Mỹ phẩm,144000,1,0.127,144000,125760,64467,61293,Thẻ tín dụng,Mobile,1.0,5.0,0
4734,2025-09-11,293,49.0,Nữ,TP.HCM,Google Ads,Gia dụng,307000,5,0.099,1535000,1382573,182005,472548,COD,Mobile,5.0,3.0,0
4735,2025-09-11,1406,40.0,Nam,Hà Nội,Referral,Mỹ phẩm,192000,2,0.044,384000,367225,94880,177465,Chuyển khoản,Mobile,2.0,4.0,0
4736,2025-09-11,2849,33.0,Nữ,Hà Nội,Facebook Ads,Điện tử,211000,6,0.095,1266000,1145667,149804,246843,Ví điện tử,Desktop,6.0,5.0,0
4737,2025-09-11,1278,33.0,Nữ,Hải Phòng,Organic,Điện tử,369000,1,0.13,369000,321148,312551,8597,COD,Desktop,2.0,,0
4738,2025-09-12,1078,36.0,Nam,TP.HCM,Organic,Điện tử,612000,2,0.164,1224000,1023312,434960,153392,Thẻ tín dụng,Mobile,6.0,5.0,0
4739,2025-09-12,517,31.0,Nữ,TP.HCM,Google Ads,Thời trang,143000,2,0.176,286000,235719,72015,91689,Ví điện tử,Mobile,1.0,5.0,0
4740,2025-09-12,460,43.0,Nam,Hà Nội,Google Ads,Mỹ phẩm,231000,2,0.101,462000,415545,104321,206903,COD,Mobile,1.0,4.0,0
4741,2025-09-12,1548,31.0,Nữ,Hà Nội,Referral,Điện tử,301000,4,0.039,1204000,1157328,226342,251960,Thẻ tín dụng,Mobile,4.0,4.0,0
4742,2025-09-12,1453,32.0,Nữ,TP.HCM,Email,Sách,85000,1,0.19,85000,68808,52541,16267,COD,Desktop,1.0,4.0,0
4743,2025-09-12,632,30.0,Nam,TP.HCM,Facebook Ads,Thời trang,170000,3,0.191,510000,412622,91313,138683,Thẻ tín dụng,Mobile,4.0,4.0,0
4744,2025-09-13,505,35.0,Nam,TP.HCM,Organic,Điện tử,351000,4,0.099,1404000,1265369,262017,217301,Chuyển khoản,Tablet,1.0,4.0,0
4745,2025-09-13,83,37.0,Nữ,TP.HCM,Facebook Ads,Gia dụng,265000,2,0.014,530000,522391,173550,175291,COD,Mobile,,4.0,0
4746,2025-09-13,73,22.0,Nam,Hà Nội,Organic,Điện tử,349000,5,0.076,1745000,1612735,239998,412745,Ví điện tử,Mobile,1.0,4.0,0
4747,2025-09-13,2598,41.0,Nữ,TP.HCM,Organic,Gia dụng,203000,2,0.065,406000,379772,122372,135028,COD,Desktop,2.0,4.0,1
4748,2025-09-13,796,42.0,Nữ,Hải Phòng,Organic,Thực phẩm,139000,5,0.147,695000,592583,98056,102303,Thẻ tín dụng,Mobile,1.0,5.0,0
4749,2025-09-13,1232,32.0,Nữ,TP.HCM,Facebook Ads,Sách,99000,5,0.019,495000,485801,64854,161531,Ví điện tử,Mobile,8.0,2.0,0
4750,2025-09-13,2916,25.0,Nữ,Cần Thơ,Organic,Điện tử,382000,3,0.082,1146000,1051585,257634,278683,Ví điện tử,Mobile,2.0,5.0,0
4751,2025-09-13,2604,34.0,Nam,Hà Nội,Referral,Thời trang,170000,7,0.103,1190000,1067249,89514,440651,COD,Desktop,6.0,4.0,0
4752,2025-09-13,2084,18.0,Nữ,Cần Thơ,Organic,Điện tử,124000,3,0.156,372000,313938,87275,52113,Ví điện tử,Mobile,3.0,5.0,0
4753,2025-09-13,990,31.0,Nam,Hải Phòng,Google Ads,Thời trang,149000,4,0.024,596000,581541,80312,260293,COD,Desktop,3.0,4.0,0
4754,2025-09-13,2308,49.0,Nam,Cần Thơ,Google Ads,Thời trang,163000,3,0.058,489000,460533,85277,204702,Ví điện tử,Mobile,2.0,4.0,0
4755,2025-09-13,1390,28.0,Nữ,Hà Nội,Google Ads,Mỹ phẩm,184000,4,0.104,736000,659337,78612,344889,Ví điện tử,Mobile,6.0,4.0,0
4756,2025-09-13,3257,36.0,Nam,Hà Nội,Email,Thực phẩm,150000,4,0.099,600000,540528,107221,111644,Thẻ tín dụng,Mobile,6.0,4.0,0
4757,2025-09-13,548,28.0,Nữ,Hà Nội,Facebook Ads,Thời trang,101000,3,0.188,303000,245998,56754,75736,Ví điện tử,Tablet,1.0,5.0,0
4758,2025-09-14,1864,39.0,Nữ,TP.HCM,Google Ads,Sách,87000,3,0.197,261000,209561,56663,39572,Thẻ tín dụng,Mobile,,5.0,0
4759,2025-09-14,2162,43.0,Nam,Cần Thơ,Facebook Ads,Điện tử,419000,3,0.176,1257000,1035284,293774,153962,COD,Desktop,5.0,3.0,0
4760,2025-09-14,700,39.0,Nam,Hà Nội,Facebook Ads,Điện tử,338000,5,0.136,1690000,1459991,246362,228181,COD,Desktop,2.0,5.0,0
4761,2025-09-15,89,25.0,Nữ,TP.HCM,Organic,Mỹ phẩm,187000,6,0.056,1122000,1059178,83634,557374,Ví điện tử,Mobile,6.0,3.0,0
4762,2025-09-15,2276,27.0,Nữ,Hải Phòng,Google Ads,Thời trang,100000,3,0.038,300000,288687,52144,132255,Thẻ tín dụng,Mobile,4.0,5.0,0
4763,2025-09-15,2572,22.0,Nam,TP.HCM,Referral,Điện tử,437000,3,0.103,1311000,1175842,335518,169288,COD,Mobile,5.0,4.0,0
4764,2025-09-15,2889,40.0,Nữ,TP.HCM,Google Ads,Thời trang,172000,3,0.033,516000,499171,97717,206020,Ví điện tử,Desktop,5.0,5.0,0
4765,2025-09-15,1088,24.0,Nam,TP.HCM,Google Ads,Thời trang,128000,8,0.18,1024000,839227,77795,216867,Ví điện tử,Mobile,3.0,4.0,0
4766,2025-09-15,2452,33.0,Nữ,Hà Nội,Google Ads,Mỹ phẩm,305000,4,0.108,1220000,1088603,138766,533539,Thẻ tín dụng,Mobile,2.0,4.0,0
4767,2025-09-15,844,37.0,Nữ,Cần Thơ,Facebook Ads,Thực phẩm,144000,3,0.046,432000,412246,101123,108877,Ví điện tử,Mobile,,3.0,0
4768,2025-09-15,108,31.0,Nữ,TP.HCM,Organic,Thời trang,168000,4,0.156,672000,567337,89174,210641,COD,Mobile,1.0,4.0,0
4769,2025-09-15,2217,28.0,Nữ,Cần Thơ,Google Ads,Sách,99000,3,0.064,297000,278077,57986,104119,Ví điện tử,Desktop,5.0,4.0,0
4770,2025-09-16,1424,35.0,Nữ,Hải Phòng,Organic,Mỹ phẩm,209000,5,0.094,1045000,946438,87020,511338,Thẻ tín dụng,Mobile,7.0,5.0,0
4771,2025-09-16,1956,22.0,Nữ,Cần Thơ,Organic,Mỹ phẩm,188000,2,0.054,376000,355623,87505,180613,COD,Tablet,2.0,,0
4772,2025-09-16,1236,29.0,Nữ,TP.HCM,Referral,Điện tử,233000,2,0.06,466000,438272,175346,87580,COD,Mobile,9.0,2.0,0
4773,2025-09-16,1295,18.0,Nữ,Hà Nội,Facebook Ads,Điện tử,412000,1,0.074,412000,381654,321731,59923,COD,Mobile,5.0,3.0,0
4774,2025-09-16,502,18.0,Nam,Đà Nẵng,Referral,Gia dụng,298000,2,0.147,596000,508206,186701,134804,COD,Mobile,4.0,4.0,0
4775,2025-09-16,1915,27.0,Nữ,Hải Phòng,Organic,Mỹ phẩm,201000,3,0.07,603000,560901,93192,281325,Thẻ tín dụng,Mobile,2.0,4.0,0
4776,2025-09-16,2353,47.0,Nữ,TP.HCM,Organic,Thời trang,80000,1,0.064,80000,74899,44246,30653,Thẻ tín dụng,Desktop,6.0,4.0,0
4777,2025-09-17,2167,32.0,Nữ,Hà Nội,Organic,Thời trang,138000,2,0.099,276000,248568,69313,109942,Thẻ tín dụng,Desktop,1.0,5.0,0
4778,2025-09-17,2667,45.0,Nữ,TP.HCM,Organic,Gia dụng,223000,2,0.08,446000,410187,129261,151665,COD,Tablet,1.0,5.0,0
4779,2025-09-17,2810,33.0,Nữ,TP.HCM,Facebook Ads,Gia dụng,357000,2,0.009,714000,707432,215270,276892,Ví điện tử,Desktop,2.0,5.0,0
4780,2025-09-17,1198,39.0,Nam,TP.HCM,Organic,Mỹ phẩm,238000,4,0.074,952000,881877,107485,451937,Ví điện tử,Mobile,2.0,4.0,0
4781,2025-09-17,2615,31.0,Nam,TP.HCM,Google Ads,Gia dụng,229000,6,0.079,1374000,1265930,133394,465566,Ví điện tử,Mobile,2.0,4.0,0
4782,2025-09-17,2356,20.0,Nữ,TP.HCM,Facebook Ads,Điện tử,390000,1,0.043,390000,373361,268506,104855,Ví điện tử,Mobile,3.0,4.0,0
4783,2025-09-17,2118,31.0,Nữ,TP.HCM,Referral,Thời trang,145000,6,0.049,870000,827013,82434,332409,Ví điện tử,Mobile,2.0,4.0,0
4784,2025-09-17,1104,37.0,Nữ,Hải Phòng,Facebook Ads,Thời trang,141000,3,0.13,423000,368066,79389,129899,Thẻ tín dụng,Desktop,2.0,,0
4785,2025-09-17,2928,18.0,Nam,TP.HCM,Organic,Thực phẩm,126000,3,0.078,378000,348683,88873,82064,COD,Desktop,7.0,3.0,0
4786,2025-09-18,1031,20.0,Nam,Cần Thơ,Organic,Gia dụng,394000,6,0.059,2364000,2225640,230299,843846,Ví điện tử,Mobile,4.0,3.0,0
4787,2025-09-18,2799,69.0,Nữ,TP.HCM,Google Ads,Thời trang,127000,5,0.15,635000,539599,70692,186139,Thẻ tín dụng,Desktop,1.0,4.0,0
4788,2025-09-18,144,47.0,Nữ,Đà Nẵng,Email,Thời trang,146000,4,0.155,584000,493270,72133,204738,COD,Mobile,4.0,4.0,0
4789,2025-09-18,2685,30.0,Nữ,Hà Nội,Facebook Ads,Điện tử,360000,10,0.012,3600000,3555460,253859,1016870,COD,Mobile,2.0,5.0,0
4790,2025-09-19,2262,33.0,Nam,TP.HCM,Facebook Ads,Gia dụng,197000,6,0.186,1182000,961686,114563,274308,Ví điện tử,Mobile,3.0,4.0,0
4791,2025-09-19,1127,34.0,Nữ,Hà Nội,Email,Thời trang,146000,5,0.26,730000,540561,82976,125681,Chuyển khoản,Mobile,2.0,5.0,0
4792,2025-09-19,2456,38.0,Nữ,Hà Nội,Email,Thời trang,216000,2,0.072,432000,400996,123449,154098,COD,Desktop,2.0,4.0,0
4793,2025-09-19,2009,42.0,Nữ,Hà Nội,Referral,Sách,104000,2,0.039,208000,199975,67257,65461,Ví điện tử,Mobile,5.0,4.0,0
4794,2025-09-19,285,28.0,Nữ,TP.HCM,Organic,Thời trang,155000,6,0.09,930000,846634,73828,403666,Chuyển khoản,Mobile,2.0,5.0,0
4795,2025-09-19,667,37.0,Nam,Hải Phòng,Facebook Ads,Gia dụng,212000,5,0.328,1060000,712648,123679,94253,Thẻ tín dụng,Mobile,2.0,4.0,0
4796,2025-09-19,111,18.0,Nữ,TP.HCM,Organic,Sách,87000,4,0.121,348000,305761,55788,82609,COD,Mobile,4.0,4.0,0
4797,2025-09-19,3236,29.0,Nam,Cần Thơ,Facebook Ads,Thời trang,170000,3,0.169,510000,423933,89860,154353,Thẻ tín dụng,Mobile,1.0,4.0,0
4798,2025-09-19,1755,23.0,Nam,Đà Nẵng,Referral,Điện tử,264000,5,0.059,1320000,1242449,179815,343374,COD,Mobile,,3.0,0
4799,2025-09-19,1246,23.0,Nam,Cần Thơ,Organic,Sách,58000,6,0.064,348000,325794,38530,94614,Thẻ tín dụng,Desktop,1.0,5.0,0
4800,2025-09-19,1295,18.0,Nữ,Cần Thơ,Organic,Gia dụng,322000,2,0.084,644000,589719,187875,213969,COD,Mobile,8.0,3.0,0
4801,2025-09-19,3212,21.0,Nữ,Hà Nội,Organic,Thực phẩm,116000,4,0.05,464000,440944,79833,121612,Ví điện tử,Mobile,1.0,4.0,0
4802,2025-09-20,1078,36.0,Nam,Đà Nẵng,Organic,Thời trang,108000,4,0.05,432000,410528,58464,176672,Thẻ tín dụng,Mobile,1.0,4.0,0
4803,2025-09-20,3151,37.0,Nam,Cần Thơ,Facebook Ads,Thực phẩm,118000,5,0.207,590000,468118,79474,70748,Thẻ tín dụng,Mobile,1.0,4.0,0
4804,2025-09-20,2054,26.0,Nam,Hà Nội,Email,Thực phẩm,101000,6,0.05,606000,575788,76585,116278,COD,Tablet,3.0,4.0,0
4805,2025-09-20,185,47.0,Nữ,Đà Nẵng,Organic,Mỹ phẩm,137000,3,0.121,411000,361457,66958,160583,Ví điện tử,Tablet,1.0,4.0,0
4806,2025-09-20,1870,34.0,Nữ,Đà Nẵng,Facebook Ads,Sách,53000,4,0.095,212000,191807,35035,51667,Chuyển khoản,Mobile,0.0,4.0,0
4807,2025-09-20,1745,45.0,Nam,Hà Nội,Facebook Ads,Thực phẩm,107000,5,0.083,535000,490475,76631,107320,Thẻ tín dụng,Desktop,2.0,3.0,0
4808,2025-09-20,3159,37.0,Nam,TP.HCM,Referral,Thời trang,210000,3,0.107,630000,562860,109883,233211,COD,Mobile,2.0,5.0,0
4809,2025-09-20,3025,31.0,Nữ,TP.HCM,Organic,Gia dụng,208000,4,0.199,832000,666302,130885,142762,Chuyển khoản,Mobile,4.0,4.0,0
4810,2025-09-20,1268,25.0,Nam,TP.HCM,Facebook Ads,Điện tử,326000,1,0.009,326000,323153,228763,94390,Thẻ tín dụng,Mobile,4.0,4.0,1
4811,2025-09-20,3213,20.0,Nữ,Hà Nội,Google Ads,Thời trang,128000,4,0.092,512000,464999,72111,176555,Thẻ tín dụng,Desktop,2.0,4.0,0
4812,2025-09-20,1654,25.0,Nữ,TP.HCM,Organic,Điện tử,211000,7,0.112,1477000,1312258,147029,283055,Ví điện tử,Mobile,3.0,4.0,0
4813,2025-09-20,1176,37.0,Nữ,Hà Nội,Email,Mỹ phẩm,259000,4,0.054,1036000,979552,116569,513276,Ví điện tử,Mobile,4.0,4.0,0
4814,2025-09-21,1860,18.0,Nữ,Hà Nội,Email,Thời trang,197000,2,0.033,394000,381008,116586,147836,COD,Desktop,4.0,5.0,0
4815,2025-09-21,1417,47.0,Nữ,Hà Nội,Organic,Thời trang,289000,2,0.185,578000,471168,159582,152004,Ví điện tử,Mobile,3.0,5.0,0
4816,2025-09-21,420,32.0,Nam,Hải Phòng,Facebook Ads,Điện tử,267000,3,0.102,801000,719145,189458,150771,Thẻ tín dụng,Mobile,2.0,4.0,0
4817,2025-09-21,2133,23.0,Nam,TP.HCM,Google Ads,Gia dụng,260000,2,0.051,520000,493493,149136,195221,COD,Mobile,2.0,4.0,0
4818,2025-09-21,752,32.0,Nam,Hà Nội,Organic,Thời trang,249000,1,0.096,249000,225199,133893,91306,Ví điện tử,Mobile,1.0,4.0,0
4819,2025-09-21,1455,18.0,Nam,Hà Nội,Facebook Ads,Gia dụng,191000,4,0.112,764000,678089,113204,225273,Ví điện tử,Mobile,3.0,4.0,0
4820,2025-09-21,3070,,Nữ,TP.HCM,Referral,Gia dụng,404000,3,0.039,1212000,1165081,259514,386539,COD,Mobile,,5.0,0
4821,2025-09-21,2606,36.0,Nam,Cần Thơ,Referral,Thời trang,143000,3,0.021,429000,420040,77533,187441,Ví điện tử,Mobile,1.0,5.0,0
4822,2025-09-21,1521,26.0,Nữ,Hà Nội,Facebook Ads,Gia dụng,289000,2,0.027,578000,562628,168429,225770,Thẻ tín dụng,Mobile,6.0,3.0,0
4823,2025-09-21,1245,18.0,Nữ,TP.HCM,Organic,Thời trang,161000,1,0.063,161000,150807,88425,62382,Chuyển khoản,Mobile,3.0,4.0,0
4824,2025-09-21,2884,31.0,Nữ,Hà Nội,Google Ads,Thời trang,160000,2,0.134,320000,277187,89694,97799,COD,Mobile,1.0,5.0,0
4825,2025-09-21,590,40.0,Nữ,TP.HCM,Facebook Ads,Sách,81000,3,0.041,243000,233009,52404,75797,Ví điện tử,Mobile,12.0,2.0,1
4826,2025-09-21,1226,34.0,Nam,TP.HCM,Referral,Thời trang,149000,7,0.056,1043000,984713,81981,410846,COD,Mobile,7.0,3.0,0
4827,2025-09-21,1970,37.0,Nam,Hải Phòng,Facebook Ads,Mỹ phẩm,255000,5,0.115,1275000,1127995,115009,552950,Chuyển khoản,Mobile,4.0,4.0,0
4828,2025-09-22,3154,33.0,Nam,Hà Nội,Facebook Ads,Gia dụng,294000,2,0.122,588000,516403,179612,157179,COD,Mobile,3.0,5.0,0
4829,2025-09-22,3193,33.0,Nữ,Hà Nội,Organic,Điện tử,369000,10,0.062,3690000,3461417,255052,910897,COD,Mobile,,4.0,0
4830,2025-09-22,1305,33.0,Nữ,Cần Thơ,Referral,Điện tử,430000,1,0.194,430000,346561,336986,9575,Ví điện tử,Mobile,1.0,4.0,0
4831,2025-09-22,1953,38.0,Nữ,Hà Nội,Organic,Mỹ phẩm,205000,5,0.247,1025000,771338,97938,281648,Ví điện tử,Mobile,2.0,4.0,0
4832,2025-09-22,1375,23.0,Nữ,Hà Nội,Organic,Điện tử,395000,4,0.065,1580000,1476715,291562,310467,Thẻ tín dụng,Mobile,4.0,,0
4833,2025-09-22,424,19.0,Nữ,TP.HCM,Google Ads,Thời trang,116000,1,0.057,116000,109395,66194,43201,Ví điện tử,Mobile,1.0,5.0,0
4834,2025-09-22,584,,Nam,Cần Thơ,Google Ads,Mỹ phẩm,329000,5,0.112,1645000,1460755,149444,713535,Ví điện tử,Tablet,4.0,3.0,0
4835,2025-09-22,96,31.0,Nam,Cần Thơ,Referral,Gia dụng,198000,4,0.159,792000,665843,116886,198299,COD,Mobile,1.0,4.0,0
4836,2025-09-22,3116,29.0,Nam,Cần Thơ,Google Ads,Thực phẩm,133000,2,0.028,266000,258684,99626,59432,Chuyển khoản,Desktop,6.0,5.0,0
4837,2025-09-22,762,56.0,Nữ,Đà Nẵng,Organic,Thời trang,130000,5,0.057,650000,613223,72891,248768,Ví điện tử,Desktop,6.0,3.0,0
4838,2025-09-22,818,46.0,Nam,Cần Thơ,Google Ads,Thời trang,82000,3,0.129,246000,214248,40568,92544,COD,Mobile,4.0,4.0,0
4839,2025-09-23,3272,43.0,Nam,Hà Nội,Facebook Ads,Gia dụng,234000,1,0.161,234000,196321,148663,47658,COD,Mobile,6.0,,0
4840,2025-09-23,1261,30.0,Nữ,Hà Nội,Referral,Điện tử,426000,3,0.17,1278000,1061029,302267,154228,Ví điện tử,Mobile,6.0,4.0,0
4841,2025-09-23,456,30.0,Nữ,TP.HCM,Facebook Ads,Gia dụng,312000,3,0.019,936000,917958,180661,375975,Thẻ tín dụng,Mobile,,3.0,0
4842,2025-09-23,3031,30.0,Nam,Hải Phòng,Organic,Mỹ phẩm,159000,2,0.069,318000,296016,65664,164688,Ví điện tử,Mobile,5.0,4.0,0
4843,2025-09-23,707,49.0,Nữ,Hà Nội,Referral,Gia dụng,224000,4,0.04,896000,860051,138051,307847,Ví điện tử,Mobile,1.0,4.0,0
4844,2025-09-23,2579,21.0,Nam,Hà Nội,Google Ads,Mỹ phẩm,167000,5,0.122,835000,733143,80036,332963,Chuyển khoản,Mobile,1.0,4.0,0
4845,2025-09-23,2002,33.0,Nữ,Hà Nội,Organic,Thực phẩm,120000,2,0.049,240000,228190,79670,68850,Thẻ tín dụng,Tablet,1.0,5.0,0
4846,2025-09-23,2778,34.0,Nữ,Hà Nội,Google Ads,Điện tử,348000,2,0.132,696000,604308,251447,101414,Ví điện tử,Mobile,1.0,5.0,1
4847,2025-09-23,2284,35.0,Nữ,Cần Thơ,Google Ads,Sách,80000,4,0.194,320000,257968,59201,21164,COD,Desktop,3.0,4.0,0
4848,2025-09-24,1414,48.0,Nam,TP.HCM,Organic,Gia dụng,212000,4,0.024,848000,827782,123259,334746,Chuyển khoản,Desktop,2.0,4.0,0
4849,2025-09-24,998,41.0,Nam,Cần Thơ,Organic,Sách,130000,4,0.215,520000,408128,85727,65220,COD,Desktop,3.0,4.0,0
4850,2025-09-24,519,20.0,Nam,Hà Nội,Email,Gia dụng,299000,2,0.041,598000,573253,182708,207837,COD,Mobile,4.0,3.0,0
4851,2025-09-24,1896,19.0,Nam,Hà Nội,Referral,Điện tử,364000,4,0.093,1456000,1319901,250530,317781,Thẻ tín dụng,Mobile,0.0,5.0,0
4852,2025-09-24,2977,38.0,Nữ,Đà Nẵng,Facebook Ads,Gia dụng,232000,3,0.096,696000,628848,143158,199374,Thẻ tín dụng,Desktop,2.0,4.0,0
4853,2025-09-24,2707,31.0,Nữ,Đà Nẵng,Google Ads,Điện tử,275000,4,0.061,1100000,1033185,209861,193741,Thẻ tín dụng,Mobile,0.0,5.0,0
4854,2025-09-25,435,25.0,Nữ,Hà Nội,Organic,Mỹ phẩm,170000,3,0.36,510000,326500,74176,103972,Ví điện tử,Mobile,1.0,4.0,0
4855,2025-09-25,1415,25.0,Nữ,TP.HCM,Facebook Ads,Mỹ phẩm,199000,2,0.247,398000,299783,90774,118235,COD,Desktop,3.0,5.0,0
4856,2025-09-25,2247,21.0,Nam,TP.HCM,Email,Thời trang,147000,3,0.16,441000,370230,76756,139962,Thẻ tín dụng,Mobile,1.0,4.0,0
4857,2025-09-25,651,,Nữ,Hải Phòng,Google Ads,Mỹ phẩm,168000,2,0.062,336000,315092,72085,170922,COD,Mobile,3.0,,0
4858,2025-09-25,724,28.0,Nam,Hải Phòng,Facebook Ads,Thực phẩm,138000,3,0.097,414000,373716,96610,83886,Thẻ tín dụng,Tablet,1.0,4.0,0
4859,2025-09-25,439,28.0,Nữ,Hà Nội,Organic,Gia dụng,211000,6,0.134,1266000,1095957,123849,352863,COD,Mobile,5.0,5.0,0
4860,2025-09-25,3234,36.0,Nữ,Đà Nẵng,Organic,Mỹ phẩm,140000,4,0.095,560000,506710,61329,261394,Chuyển khoản,Tablet,2.0,4.0,0
4861,2025-09-26,717,30.0,Nữ,Hải Phòng,Organic,Mỹ phẩm,244000,4,0.146,976000,833991,113290,380831,COD,Tablet,0.0,,0
4862,2025-09-26,2907,32.0,Nam,Hải Phòng,Facebook Ads,Điện tử,297000,5,0.077,1485000,1370548,207450,333298,Ví điện tử,Mobile,2.0,5.0,0
4863,2025-09-26,186,33.0,Nữ,Đà Nẵng,Google Ads,Thực phẩm,123000,4,0.172,492000,407360,88127,54852,COD,Mobile,8.0,,0
4864,2025-09-26,2901,38.0,Nam,Cần Thơ,Facebook Ads,Thời trang,231000,1,0.038,231000,222155,127159,94996,Ví điện tử,Mobile,2.0,5.0,0
4865,2025-09-26,874,27.0,Nữ,TP.HCM,Referral,Thời trang,159000,3,0.171,477000,395633,96418,106379,Thẻ tín dụng,Mobile,5.0,4.0,0
4866,2025-09-26,1192,23.0,Nữ,Hà Nội,Facebook Ads,Thời trang,127000,4,0.069,508000,473026,67531,202902,COD,Desktop,3.0,4.0,0
4867,2025-09-26,1737,19.0,Nam,TP.HCM,Facebook Ads,Thời trang,151000,8,0.175,1208000,996345,82201,338737,Ví điện tử,Desktop,4.0,4.0,0
4868,2025-09-26,657,27.0,Nam,TP.HCM,Facebook Ads,Gia dụng,172000,6,0.045,1032000,985587,100465,382797,Thẻ tín dụng,Mobile,6.0,3.0,0
4869,2025-09-27,1581,25.0,Nam,TP.HCM,Organic,Mỹ phẩm,253000,3,0.257,759000,563711,109903,234002,Ví điện tử,Tablet,4.0,4.0,0
4870,2025-09-27,1094,36.0,Nữ,Hà Nội,Organic,Sách,83000,9,0.069,747000,695613,53128,217461,Ví điện tử,Mobile,0.0,5.0,0
4871,2025-09-27,275,40.0,Nữ,Hà Nội,Organic,Mỹ phẩm,223000,3,0.022,669000,654078,103055,344913,Ví điện tử,Mobile,1.0,4.0,0
4872,2025-09-27,2205,37.0,Nam,Hải Phòng,Referral,Điện tử,344000,7,0.204,2408000,1916487,250806,160845,Thẻ tín dụng,Mobile,2.0,5.0,0
4873,2025-09-27,1000,36.0,Nam,TP.HCM,Google Ads,Điện tử,336000,2,0.017,672000,660348,245280,169788,Chuyển khoản,Mobile,4.0,4.0,1
4874,2025-09-27,1536,44.0,Nam,TP.HCM,Google Ads,Điện tử,137000,21,0.223,2877000,2236658,95998,220700,Thẻ tín dụng,Mobile,3.0,5.0,0
4875,2025-09-28,2089,21.0,Nữ,TP.HCM,Organic,Gia dụng,263000,2,0.131,526000,457103,172096,112911,COD,Desktop,4.0,4.0,0
4876,2025-09-28,3242,36.0,Nữ,Hà Nội,Organic,Điện tử,148000,6,0.171,888000,736386,119312,20514,Thẻ tín dụng,Mobile,5.0,5.0,0
4877,2025-09-28,2163,42.0,Nam,TP.HCM,Organic,Thời trang,128000,4,0.142,512000,439472,73155,146852,Thẻ tín dụng,Mobile,3.0,4.0,0
4878,2025-09-28,1249,33.0,Nam,Hà Nội,Facebook Ads,Gia dụng,255000,3,0.08,765000,704074,144154,271612,COD,Mobile,6.0,3.0,0
4879,2025-09-28,2801,41.0,Nữ,Hải Phòng,Google Ads,Gia dụng,186000,3,0.015,558000,549537,119487,191076,Ví điện tử,Desktop,,3.0,0
4880,2025-09-28,3110,42.0,Nam,Hà Nội,Referral,Thực phẩm,114000,1,0.159,114000,95904,80835,15069,Thẻ tín dụng,Mobile,1.0,4.0,0
4881,2025-09-29,1775,27.0,Nữ,TP.HCM,Referral,Gia dụng,273000,3,0.211,819000,645849,159306,167931,Ví điện tử,Mobile,1.0,3.0,0
4882,2025-09-29,1213,29.0,Nam,Hà Nội,Facebook Ads,Sách,77000,3,0.157,231000,194824,51339,40807,Thẻ tín dụng,Mobile,12.0,2.0,0
4883,2025-09-29,1297,31.0,Nữ,TP.HCM,Organic,Thực phẩm,122000,4,0.075,488000,451221,76517,145153,Ví điện tử,Desktop,2.0,4.0,0
4884,2025-09-29,1316,33.0,Nữ,Hà Nội,Facebook Ads,Gia dụng,145000,4,0.143,580000,497097,86444,151321,Chuyển khoản,Desktop,1.0,5.0,0
4885,2025-09-29,1307,29.0,Nữ,TP.HCM,Organic,Thực phẩm,115000,3,0.104,345000,309217,80260,68437,Ví điện tử,Mobile,2.0,5.0,0
4886,2025-09-29,2319,43.0,Nữ,TP.HCM,Facebook Ads,Điện tử,286000,5,0.058,1430000,1346627,201521,339022,COD,Desktop,2.0,5.0,0
4887,2025-09-30,1824,37.0,Nam,TP.HCM,Google Ads,Thời trang,133000,1,0.174,133000,109794,73648,36146,Thẻ tín dụng,Mobile,5.0,5.0,0
4888,2025-09-30,3142,27.0,Nam,TP.HCM,Referral,Thời trang,186000,3,0.105,558000,499532,97855,205967,COD,Mobile,4.0,3.0,0
4889,2025-09-30,2649,39.0,Nam,Hà Nội,Google Ads,Gia dụng,164000,2,0.086,328000,299797,93458,112881,Ví điện tử,Tablet,3.0,4.0,0
4890,2025-09-30,2058,34.0,Nam,TP.HCM,Referral,Mỹ phẩm,161000,3,0.176,483000,397870,71274,184048,Thẻ tín dụng,Mobile,1.0,5.0,0
4891,2025-09-30,113,37.0,Nữ,Hà Nội,Organic,Thực phẩm,110000,3,0.063,330000,309210,77180,77670,COD,Mobile,1.0,4.0,0
4892,2025-09-30,2536,29.0,Nữ,Hà Nội,Organic,Mỹ phẩm,239000,1,0.096,239000,216006,101612,114394,COD,Mobile,5.0,4.0,0
4893,2025-09-30,384,53.0,Nam,Hà Nội,Email,Mỹ phẩm,172000,4,0.052,688000,652106,75472,350218,Ví điện tử,Mobile,1.0,5.0,0
4894,2025-09-30,86,34.0,Nam,TP.HCM,Facebook Ads,Thời trang,88000,5,0.138,440000,379419,49910,129869,COD,Mobile,3.0,4.0,0
4895,2025-09-30,1667,34.0,Nam,Hà Nội,Referral,Thực phẩm,109000,2,0.012,218000,215455,77666,60123,Ví điện tử,Mobile,4.0,5.0,0
4896,2025-09-30,521,25.0,Nữ,TP.HCM,Facebook Ads,Mỹ phẩm,190000,2,0.158,380000,320110,87790,144530,Thẻ tín dụng,Mobile,1.0,5.0,1
4897,2025-09-30,94,36.0,Nữ,TP.HCM,Google Ads,Gia dụng,303000,2,0.036,606000,583930,181460,221010,Chuyển khoản,Mobile,1.0,5.0,0
4898,2025-09-30,656,24.0,Nam,Hải Phòng,Facebook Ads,Sách,80000,5,0.079,400000,368452,46638,135262,COD,Mobile,5.0,3.0,0
4899,2025-10-01,1958,19.0,Nam,TP.HCM,Google Ads,Điện tử,256000,7,0.012,1792000,1770887,175427,542898,COD,Mobile,3.0,5.0,0
4900,2025-10-01,2633,20.0,Nam,TP.HCM,Organic,Sách,82000,10,0.233,820000,629306,52091,108396,Thẻ tín dụng,Mobile,5.0,4.0,0
4901,2025-10-01,653,20.0,Nữ,Đà Nẵng,Referral,Thời trang,142000,3,0.118,426000,375781,74238,153067,COD,Mobile,7.0,3.0,1
4902,2025-10-01,550,22.0,Nam,TP.HCM,Referral,Thời trang,211000,6,0.004,1266000,1261513,130522,478381,Thẻ tín dụng,Mobile,2.0,5.0,0
4903,2025-10-02,2721,44.0,Nam,Hà Nội,Facebook Ads,Thời trang,119000,4,0.053,476000,450877,63923,195185,COD,Mobile,6.0,3.0,0
4904,2025-10-02,2027,22.0,Nữ,Cần Thơ,Google Ads,Gia dụng,332000,5,0.008,1660000,1647504,206217,616419,Ví điện tử,Mobile,2.0,4.0,0
4905,2025-10-02,2237,27.0,Nữ,Hải Phòng,Organic,Gia dụng,191000,6,0.119,1146000,1009895,112250,336395,COD,Mobile,0.0,5.0,0
4906,2025-10-02,885,27.0,Nữ,Hà Nội,Email,Mỹ phẩm,154000,3,0.037,462000,445045,69642,236119,COD,Mobile,2.0,4.0,1
4907,2025-10-02,808,28.0,Nữ,Hải Phòng,Organic,Gia dụng,371000,3,0.085,1113000,1018434,215654,371472,COD,Mobile,3.0,3.0,0
4908,2025-10-02,3262,55.0,Nữ,Hà Nội,Organic,Gia dụng,151000,4,0.158,604000,508358,90803,145146,COD,Desktop,4.0,4.0,0
4909,2025-10-02,2282,29.0,Nữ,Hà Nội,Facebook Ads,Thực phẩm,120000,6,0.171,720000,596995,85426,84439,Ví điện tử,Tablet,3.0,,0
4910,2025-10-02,1152,20.0,Nữ,TP.HCM,Facebook Ads,Mỹ phẩm,146000,5,0.111,730000,649205,64609,326160,Ví điện tử,Mobile,1.0,4.0,0
4911,2025-10-02,2048,36.0,Nữ,TP.HCM,Google Ads,Thời trang,130000,4,0.129,520000,452765,72651,162161,Thẻ tín dụng,Mobile,4.0,3.0,0
4912,2025-10-02,1528,38.0,Nữ,Hà Nội,Google Ads,Điện tử,417000,4,0.098,1668000,1504685,298000,312685,Chuyển khoản,Mobile,4.0,4.0,0
4913,2025-10-02,2192,30.0,Nữ,Hà Nội,Google Ads,Mỹ phẩm,226000,2,0.06,452000,424762,101439,221884,Ví điện tử,Desktop,3.0,4.0,0
4914,2025-10-02,2946,39.0,Nữ,TP.HCM,Facebook Ads,Sách,97000,3,0.141,291000,250045,61096,66757,COD,Mobile,4.0,4.0,0
4915,2025-10-03,1107,32.0,Nữ,Hà Nội,Referral,Mỹ phẩm,225000,5,0.16,1125000,945149,97003,460134,Thẻ tín dụng,Mobile,3.0,4.0,0
4916,2025-10-03,3211,33.0,Nữ,Hà Nội,Email,Thời trang,167000,4,0.08,668000,614278,90352,252870,Chuyển khoản,Mobile,6.0,3.0,0
4917,2025-10-03,816,42.0,Nữ,Hà Nội,Google Ads,Thời trang,128000,4,0.03,512000,496431,67476,226527,COD,Desktop,3.0,5.0,0
4918,2025-10-03,3129,32.0,Nữ,Cần Thơ,Organic,Điện tử,524000,2,0.113,1048000,929979,383391,163197,Ví điện tử,Desktop,5.0,3.0,0
4919,2025-10-03,1288,36.0,Nam,Cần Thơ,Facebook Ads,Điện tử,301000,2,0.112,602000,534528,215062,104404,Chuyển khoản,Mobile,1.0,4.0,0
4920,2025-10-03,2128,24.0,Nữ,Hà Nội,Google Ads,Thời trang,145000,8,0.186,1160000,943941,80563,299437,Thẻ tín dụng,Mobile,2.0,5.0,1
4921,2025-10-03,2382,35.0,Nữ,TP.HCM,Google Ads,Thời trang,134000,3,0.239,402000,305919,70706,93801,Ví điện tử,Tablet,1.0,4.0,0
4922,2025-10-03,2980,30.0,Nữ,TP.HCM,Organic,Điện tử,223000,5,0.125,1115000,975202,147779,236307,COD,Mobile,,5.0,0
4923,2025-10-04,2362,27.0,Nữ,TP.HCM,Organic,Thời trang,68000,5,0.074,340000,314775,38526,122145,Thẻ tín dụng,Mobile,6.0,3.0,0
4924,2025-10-04,862,39.0,Nữ,Cần Thơ,Facebook Ads,Mỹ phẩm,329000,5,0.137,1645000,1419659,142881,705254,Ví điện tử,Mobile,3.0,4.0,0
4925,2025-10-04,1578,46.0,Nữ,TP.HCM,Google Ads,Gia dụng,268000,4,0.223,1072000,833371,180327,112063,Ví điện tử,Mobile,7.0,3.0,0
4926,2025-10-04,1637,33.0,Nữ,Hà Nội,Google Ads,Thời trang,221000,3,0.02,663000,649711,110067,319510,Thẻ tín dụng,Desktop,3.0,4.0,0
4927,2025-10-04,960,30.0,Nữ,TP.HCM,Google Ads,Điện tử,351000,5,0.156,1755000,1481079,248762,237269,COD,Desktop,2.0,5.0,0
4928,2025-10-04,2120,29.0,Nam,TP.HCM,Organic,Gia dụng,266000,6,0.032,1596000,1545351,159885,586041,Ví điện tử,Desktop,1.0,5.0,0
4929,2025-10-04,1840,36.0,Nữ,Cần Thơ,Organic,Gia dụng,170000,3,0.12,510000,448767,98633,152868,Chuyển khoản,Mobile,3.0,4.0,0
4930,2025-10-04,437,25.0,Nam,Hà Nội,Facebook Ads,Điện tử,232000,3,0.143,696000,596213,176133,67814,Thẻ tín dụng,Desktop,3.0,4.0,0
4931,2025-10-04,984,30.0,Nam,Hà Nội,Organic,Thực phẩm,123000,5,0.078,615000,567123,82847,152888,Thẻ tín dụng,Mobile,2.0,4.0,0
4932,2025-10-05,1135,39.0,Nữ,Hà Nội,Referral,Sách,114000,2,0.096,228000,206061,74280,57501,COD,Mobile,4.0,3.0,0
4933,2025-10-05,2765,20.0,Nữ,TP.HCM,Organic,Thời trang,226000,3,0.179,678000,556384,116454,207022,COD,Tablet,6.0,2.0,0
4934,2025-10-05,1730,33.0,Nam,TP.HCM,Organic,Thời trang,130000,5,0.096,650000,587636,69836,238456,Thẻ tín dụng,Mobile,1.0,5.0,0
4935,2025-10-05,1591,27.0,Nam,TP.HCM,Organic,Sách,99000,6,0.031,594000,575399,68832,162407,Thẻ tín dụng,Mobile,2.0,4.0,0
4936,2025-10-05,130,,Nam,Đà Nẵng,Organic,Điện tử,226000,2,0.077,452000,417010,164910,87190,Ví điện tử,Desktop,2.0,5.0,0
4937,2025-10-05,1858,33.0,Nam,Đà Nẵng,Organic,Mỹ phẩm,231000,2,0.015,462000,454953,98382,258189,Ví điện tử,Mobile,2.0,4.0,0
4938,2025-10-05,2290,36.0,Nữ,TP.HCM,Google Ads,Thời trang,156000,4,0.009,624000,618605,85740,275645,Ví điện tử,Mobile,6.0,4.0,0
4939,2025-10-05,2249,32.0,Nam,TP.HCM,Organic,Gia dụng,148000,2,0.079,296000,272542,87349,97844,Ví điện tử,Mobile,1.0,4.0,1
4940,2025-10-05,3133,34.0,Nam,Hải Phòng,Google Ads,Thời trang,223000,2,0.024,446000,435477,123244,188989,Ví điện tử,Tablet,5.0,,0
4941,2025-10-05,2876,33.0,Nữ,Hà Nội,Referral,Gia dụng,170000,3,0.064,510000,477472,92778,199138,Ví điện tử,Mobile,3.0,4.0,0
4942,2025-10-05,3211,33.0,Nữ,Hải Phòng,Email,Điện tử,599000,5,0.158,2995000,2520668,464154,199898,COD,Tablet,1.0,5.0,0
4943,2025-10-05,2317,31.0,Nữ,Hà Nội,Email,Mỹ phẩm,216000,2,0.035,432000,417012,95440,226132,Thẻ tín dụng,Mobile,1.0,4.0,0
4944,2025-10-05,65,19.0,Nữ,TP.HCM,Google Ads,Sách,86000,1,0.048,86000,81843,55776,26067,Thẻ tín dụng,Desktop,2.0,5.0,0
4945,2025-10-05,2310,40.0,Nam,TP.HCM,Google Ads,Sách,80000,4,0.021,320000,313221,50664,110565,Thẻ tín dụng,Desktop,2.0,4.0,0
4946,2025-10-05,666,28.0,Nam,TP.HCM,Organic,Mỹ phẩm,522000,2,0.039,1044000,1003018,219435,564148,COD,Mobile,,5.0,0
4947,2025-10-05,1494,44.0,Nam,TP.HCM,Organic,Gia dụng,193000,6,0.04,1158000,1112129,112271,438503,COD,Mobile,3.0,3.0,0
4948,2025-10-06,2455,18.0,Nam,Đà Nẵng,Referral,Thời trang,190000,2,0.04,380000,364946,111123,142700,Ví điện tử,Mobile,2.0,4.0,0
4949,2025-10-06,1133,37.0,Nam,Hà Nội,Email,Thời trang,285000,6,0.137,1710000,1475613,145413,603135,Ví điện tử,Mobile,2.0,4.0,0
4950,2025-10-06,2065,38.0,Nam,TP.HCM,Google Ads,Mỹ phẩm,190000,4,0.148,760000,647517,86941,299753,Ví điện tử,Desktop,4.0,3.0,0
4951,2025-10-06,3178,32.0,Nữ,TP.HCM,Facebook Ads,Thời trang,164000,5,0.087,820000,749061,88875,304686,Thẻ tín dụng,Desktop,2.0,4.0,0
4952,2025-10-06,3274,24.0,Nữ,TP.HCM,Facebook Ads,Mỹ phẩm,187000,2,0.054,374000,353803,88261,177281,COD,Desktop,4.0,4.0,0
4953,2025-10-06,904,27.0,Nữ,Hà Nội,Facebook Ads,Điện tử,164000,3,0.036,492000,474375,126130,95985,Thẻ tín dụng,Mobile,1.0,,0
4954,2025-10-06,224,45.0,Nữ,Đà Nẵng,Google Ads,Thời trang,127000,1,0.218,127000,99350,67949,31401,COD,Desktop,1.0,5.0,0
4955,2025-10-06,2827,35.0,Nam,Đà Nẵng,Google Ads,Gia dụng,300000,4,0.032,1200000,1162096,180117,441628,COD,Desktop,2.0,5.0,0
4956,2025-10-06,1758,23.0,Nam,Cần Thơ,Email,Thực phẩm,120000,4,0.089,480000,437387,84714,98531,Ví điện tử,Mobile,3.0,,0
4957,2025-10-07,2203,36.0,Nữ,TP.HCM,Google Ads,Thực phẩm,110000,2,0.194,220000,177341,71298,34745,Thẻ tín dụng,Desktop,2.0,5.0,0
4958,2025-10-07,325,24.0,Nữ,Đà Nẵng,Facebook Ads,Điện tử,250000,2,0.085,500000,457458,175450,106558,Thẻ tín dụng,Mobile,2.0,5.0,0
4959,2025-10-07,1203,38.0,Nam,TP.HCM,Organic,Mỹ phẩm,263000,2,0.059,526000,495215,120278,254659,Ví điện tử,Mobile,4.0,5.0,0
4960,2025-10-07,792,39.0,Nữ,Hà Nội,Google Ads,Thời trang,121000,4,0.052,484000,459031,67895,187451,Ví điện tử,Mobile,3.0,4.0,0
4961,2025-10-07,2163,42.0,Nam,Hải Phòng,Referral,Thực phẩm,107000,6,0.049,642000,610533,73536,169317,Ví điện tử,Tablet,5.0,4.0,0
4962,2025-10-07,1670,36.0,Nữ,Đà Nẵng,Email,Mỹ phẩm,336000,3,0.184,1008000,822404,145087,387143,COD,Mobile,2.0,5.0,0
4963,2025-10-07,3127,31.0,Nam,Hà Nội,Google Ads,Điện tử,369000,6,0.074,2214000,2049606,249600,552006,Ví điện tử,Mobile,1.0,5.0,0
4964,2025-10-07,1435,36.0,Nữ,TP.HCM,Facebook Ads,Gia dụng,194000,3,0.052,582000,551912,111386,217754,COD,Mobile,1.0,5.0,0
4965,2025-10-07,564,23.0,Nam,Hải Phòng,Organic,Mỹ phẩm,161000,4,0.071,644000,598245,68470,324365,COD,Desktop,4.0,3.0,0
4966,2025-10-08,598,35.0,Nữ,TP.HCM,Facebook Ads,Thời trang,292000,2,0.098,584000,526854,151183,224488,Ví điện tử,Mobile,1.0,5.0,0
4967,2025-10-08,2164,26.0,Nam,TP.HCM,Referral,Thời trang,134000,3,0.235,402000,307352,70949,94505,COD,Mobile,1.0,5.0,0
4968,2025-10-08,2250,22.0,Nữ,Đà Nẵng,Organic,Điện tử,243000,3,0.116,729000,644390,175598,117596,Thẻ tín dụng,Mobile,1.0,5.0,0
4969,2025-10-08,949,41.0,Nữ,TP.HCM,Facebook Ads,Thời trang,151000,4,0.052,604000,572297,86515,226237,Thẻ tín dụng,Desktop,3.0,4.0,0
4970,2025-10-08,905,36.0,Nam,Đà Nẵng,Organic,Điện tử,448000,3,0.075,1344000,1243443,316212,294807,Ví điện tử,Mobile,3.0,4.0,0
4971,2025-10-08,2323,24.0,Nam,Cần Thơ,Facebook Ads,Thời trang,294000,4,0.057,1176000,1108486,158536,474342,COD,Mobile,1.0,5.0,0
4972,2025-10-09,841,47.0,Nữ,TP.HCM,Facebook Ads,Gia dụng,407000,1,0.033,407000,393408,247099,146309,Ví điện tử,Tablet,1.0,5.0,0
4973,2025-10-09,2142,25.0,Nữ,Cần Thơ,Google Ads,Gia dụng,287000,5,0.106,1435000,1283082,176046,402852,Thẻ tín dụng,Mobile,1.0,,1
4974,2025-10-09,3231,32.0,Nữ,Hà Nội,Referral,Gia dụng,227000,5,0.087,1135000,1036338,125818,407248,Thẻ tín dụng,Mobile,4.0,4.0,0
4975,2025-10-09,3183,42.0,Nam,Hà Nội,Referral,Sách,119000,4,0.112,476000,422750,82001,94746,Ví điện tử,Mobile,2.0,4.0,0
4976,2025-10-09,1754,30.0,Nữ,Cần Thơ,Facebook Ads,Gia dụng,436000,33,0.102,14388000,12925543,281765,3627298,Ví điện tử,Mobile,1.0,5.0,0
4977,2025-10-10,839,49.0,Nam,Đà Nẵng,Organic,Thời trang,172000,7,0.047,1204000,1147001,106006,404959,Thẻ tín dụng,Desktop,2.0,4.0,0
4978,2025-10-10,3017,18.0,Nam,TP.HCM,Email,Gia dụng,201000,5,0.174,1005000,829902,118723,236287,Thẻ tín dụng,Mobile,2.0,3.0,0
4979,2025-10-10,810,32.0,Nam,Hà Nội,Referral,Gia dụng,374000,6,0.24,2244000,1706307,229460,329547,COD,Mobile,,5.0,0
4980,2025-10-10,2006,29.0,Nam,Hà Nội,Email,Điện tử,402000,2,0.089,804000,732495,294187,144121,COD,Mobile,2.0,5.0,0
4981,2025-10-10,405,29.0,Nam,Hải Phòng,Organic,Sách,81000,2,0.039,162000,155633,53912,47809,Chuyển khoản,Mobile,,3.0,0
4982,2025-10-10,2131,34.0,Nam,Hải Phòng,Facebook Ads,Mỹ phẩm,198000,4,0.142,792000,679238,81748,352246,Ví điện tử,Mobile,1.0,4.0,0
4983,2025-10-10,349,18.0,Nữ,TP.HCM,Organic,Gia dụng,362000,4,0.128,1448000,1262544,220086,382200,Ví điện tử,Desktop,4.0,4.0,0
4984,2025-10-10,2828,28.0,Nam,Hà Nội,Organic,Thời trang,133000,2,0.061,266000,249856,75205,99446,Ví điện tử,Mobile,1.0,4.0,0
4985,2025-10-10,968,50.0,Nam,Đà Nẵng,Google Ads,Thực phẩm,111000,1,0.24,111000,84319,82671,1648,Thẻ tín dụng,Mobile,5.0,4.0,0
4986,2025-10-10,2632,46.0,Nữ,Hà Nội,Facebook Ads,Mỹ phẩm,197000,7,0.057,1379000,1299885,85392,702141,COD,Desktop,2.0,4.0,0
4987,2025-10-10,2079,18.0,Nữ,TP.HCM,Referral,Gia dụng,280000,3,0.018,840000,824777,177251,293024,Chuyển khoản,Mobile,,4.0,0
4988,2025-10-10,1125,23.0,Nữ,TP.HCM,Email,Sách,139000,6,0.015,834000,821126,92242,267674,Thẻ tín dụng,Mobile,5.0,4.0,0
4989,2025-10-10,681,23.0,Nữ,Hà Nội,Google Ads,Sách,94000,3,0.059,282000,265379,63465,74984,COD,Mobile,1.0,5.0,0
4990,2025-10-10,3094,44.0,Nam,TP.HCM,Google Ads,Mỹ phẩm,276000,5,0.137,1380000,1190433,122490,577983,Ví điện tử,Mobile,1.0,3.0,0
4991,2025-10-10,316,37.0,Nam,TP.HCM,Google Ads,Sách,79000,7,0.072,553000,513325,56377,118686,COD,Tablet,3.0,3.0,0
4992,2025-10-11,2498,45.0,Nữ,Hà Nội,Organic,Mỹ phẩm,198000,3,0.038,594000,571402,94080,289162,Thẻ tín dụng,Desktop,2.0,4.0,0
4993,2025-10-11,1696,33.0,Nữ,Hải Phòng,Referral,Thực phẩm,134000,8,0.079,1072000,987202,92818,244658,COD,Mobile,3.0,4.0,0
4994,2025-10-11,2344,29.0,Nam,Cần Thơ,Email,Thời trang,190000,4,0.108,760000,678139,103628,263627,Ví điện tử,Tablet,8.0,2.0,0
4995,2025-10-11,2439,18.0,Nữ,TP.HCM,Organic,Sách,105000,4,0.179,420000,344611,63611,90167,Chuyển khoản,Mobile,4.0,4.0,0
4996,2025-10-11,1943,53.0,Nam,Đà Nẵng,Google Ads,Thời trang,111000,1,0.052,111000,105278,55011,50267,COD,Mobile,1.0,4.0,0
4997,2025-10-11,2960,32.0,Nữ,TP.HCM,Organic,Điện tử,337000,5,0.04,1685000,1617771,231810,458721,Thẻ tín dụng,Desktop,2.0,4.0,1
4998,2025-10-11,2724,31.0,Nữ,Hà Nội,Google Ads,Thực phẩm,150000,3,0.18,450000,369018,93229,89331,COD,Mobile,0.0,5.0,0
4999,2025-10-11,2868,34.0,Nữ,Đà Nẵng,Facebook Ads,Gia dụng,120000,3,0.053,360000,340903,71119,127546,COD,Mobile,3.0,4.0,0
5000,2025-10-11,1242,37.0,Nữ,Hải Phòng,Facebook Ads,Điện tử,798000,5,0.182,3990000,3263421,630417,111336,Ví điện tử,Mobile,2.0,4.0,0
5001,2025-10-11,1483,42.0,Nữ,Hà Nội,Email,Thời trang,101000,8,0.005,808000,804048,61127,315032,Chuyển khoản,Desktop,8.0,3.0,0
5002,2025-10-11,2477,18.0,Nam,TP.HCM,Organic,Thực phẩm,106000,1,0.061,106000,99557,70090,29467,Ví điện tử,Tablet,,4.0,0
5003,2025-10-11,2793,48.0,Nữ,TP.HCM,Facebook Ads,Thời trang,152000,5,0.116,760000,671625,83191,255670,Thẻ tín dụng,Mobile,3.0,5.0,0
5004,2025-10-11,248,23.0,Nữ,Cần Thơ,Google Ads,Điện tử,413000,2,0.177,826000,679670,303286,73098,Ví điện tử,Desktop,3.0,4.0,0
5005,2025-10-11,409,22.0,Nam,TP.HCM,Google Ads,Gia dụng,206000,2,0.196,412000,331396,126994,77408,Chuyển khoản,Mobile,2.0,4.0,0
5006,2025-10-12,371,42.0,Nam,Hà Nội,Facebook Ads,Thời trang,145000,4,0.122,580000,509033,75509,206997,Thẻ tín dụng,Tablet,5.0,4.0,0
5007,2025-10-12,759,28.0,Nữ,Hà Nội,Organic,Thời trang,111000,2,0.059,222000,208943,61298,86347,COD,Desktop,1.0,4.0,0
5008,2025-10-12,2747,22.0,Nam,TP.HCM,Organic,Mỹ phẩm,127000,5,0.052,635000,601927,55959,322132,COD,Mobile,1.0,4.0,0
5009,2025-10-12,1371,26.0,Nam,TP.HCM,Facebook Ads,Thời trang,152000,30,0.117,4560000,4026524,93860,1210724,COD,Tablet,5.0,4.0,0
5010,2025-10-12,301,34.0,Nam,TP.HCM,Organic,Thời trang,126000,5,0.052,630000,597402,62580,284502,COD,Desktop,1.0,5.0,0
5011,2025-10-12,2182,41.0,Nam,TP.HCM,Organic,Gia dụng,182000,7,0.072,1274000,1182416,114201,383009,COD,Tablet,2.0,4.0,0
5012,2025-10-12,804,28.0,Nữ,TP.HCM,Referral,Thời trang,158000,5,0.074,790000,731787,82547,319052,Thẻ tín dụng,Mobile,2.0,5.0,0
5013,2025-10-12,215,57.0,Nam,Đà Nẵng,Google Ads,Gia dụng,363000,3,0.123,1089000,954848,222856,286280,COD,Mobile,1.0,5.0,0
5014,2025-10-12,2939,46.0,Nữ,Hà Nội,Google Ads,Thực phẩm,113000,2,0.191,226000,182804,79751,23302,COD,Desktop,2.0,4.0,0
5015,2025-10-12,1137,44.0,Nữ,TP.HCM,Google Ads,Thời trang,99000,2,0.148,198000,168600,58141,52318,Ví điện tử,Mobile,1.0,4.0,0
5016,2025-10-12,1474,36.0,Nữ,Hà Nội,Facebook Ads,Mỹ phẩm,230000,5,0.148,1150000,980013,102508,467473,Ví điện tử,Mobile,2.0,5.0,0
5017,2025-10-13,250,37.0,Nam,Hà Nội,Organic,Thời trang,188000,5,0.115,940000,832004,102730,318354,Chuyển khoản,Mobile,1.0,4.0,0
5018,2025-10-13,1559,33.0,Nam,Hà Nội,Facebook Ads,Điện tử,413000,2,0.046,826000,787618,303060,181498,Ví điện tử,Tablet,1.0,4.0,0
5019,2025-10-13,1288,36.0,Nam,Hà Nội,Email,Điện tử,490000,2,0.057,980000,923799,347482,228835,Thẻ tín dụng,Mobile,2.0,4.0,0
5020,2025-10-13,2405,27.0,Nữ,TP.HCM,Email,Điện tử,130000,4,0.039,520000,499832,94656,121208,Thẻ tín dụng,Mobile,2.0,5.0,0
5021,2025-10-13,105,43.0,Nam,Đà Nẵng,Facebook Ads,Thực phẩm,141000,6,0.013,846000,835400,99340,239360,Ví điện tử,Mobile,2.0,4.0,0
5022,2025-10-13,800,26.0,Nam,Đà Nẵng,Facebook Ads,Điện tử,199000,7,0.168,1393000,1159325,150943,102724,Thẻ tín dụng,Mobile,1.0,,0
5023,2025-10-13,2418,39.0,Nữ,Cần Thơ,Organic,Mỹ phẩm,152000,3,0.064,456000,426960,70510,215430,Thẻ tín dụng,Desktop,6.0,4.0,0
5024,2025-10-14,3231,32.0,Nữ,Hà Nội,Facebook Ads,Gia dụng,236000,6,0.106,1416000,1265903,137470,441083,Thẻ tín dụng,Desktop,7.0,,0
5025,2025-10-14,2273,35.0,Nữ,Hà Nội,Facebook Ads,Điện tử,502000,7,0.236,3514000,2685918,387408,-25938,Thẻ tín dụng,Desktop,2.0,4.0,0
5026,2025-10-14,761,42.0,Nam,TP.HCM,Email,Gia dụng,272000,5,0.183,1360000,1111292,152322,349682,Thẻ tín dụng,Mobile,4.0,5.0,0
5027,2025-10-14,2126,31.0,Nam,Hà Nội,Facebook Ads,Gia dụng,276000,3,0.209,828000,655298,177574,122576,COD,Mobile,2.0,5.0,0
5028,2025-10-15,3223,18.0,Nam,Hà Nội,Facebook Ads,Thời trang,130000,1,0.12,130000,114456,73999,40457,Thẻ tín dụng,Mobile,2.0,5.0,0
5029,2025-10-15,290,25.0,Nam,Hà Nội,Organic,Thực phẩm,121000,2,0.158,242000,203694,76943,49808,Chuyển khoản,Mobile,1.0,5.0,0
5030,2025-10-15,529,18.0,Nữ,Hà Nội,Organic,Gia dụng,419000,2,0.176,838000,690769,265521,159727,Chuyển khoản,Mobile,7.0,3.0,0
5031,2025-10-15,1585,38.0,Nam,TP.HCM,Organic,Sách,111000,1,0.077,111000,102469,76738,25731,Ví điện tử,Desktop,2.0,5.0,0
5032,2025-10-15,2649,39.0,Nam,Hà Nội,Organic,Mỹ phẩm,127000,3,0.142,381000,326947,58529,151360,COD,Mobile,0.0,4.0,0
5033,2025-10-16,1764,29.0,Nam,TP.HCM,Facebook Ads,Thời trang,129000,5,0.061,645000,605337,69673,256972,Thẻ tín dụng,Mobile,6.0,3.0,0
5034,2025-10-16,2613,29.0,Nữ,TP.HCM,Facebook Ads,Sách,72000,4,0.14,288000,247605,49301,50401,COD,Mobile,5.0,4.0,0
5035,2025-10-16,256,40.0,Nam,Hà Nội,Referral,Điện tử,507000,2,0.063,1014000,950473,363403,223667,COD,Desktop,1.0,5.0,0
5036,2025-10-16,3156,46.0,Nữ,TP.HCM,Organic,Điện tử,248000,2,0.05,496000,471378,183499,104380,COD,Mobile,2.0,4.0,0
5037,2025-10-16,1495,33.0,Nữ,Hà Nội,Google Ads,Sách,79000,2,0.189,158000,128104,48994,30116,COD,Mobile,2.0,5.0,0
5038,2025-10-16,1943,53.0,Nam,Cần Thơ,Organic,Thời trang,176000,1,0.194,176000,141833,99723,42110,COD,Mobile,3.0,5.0,0
5039,2025-10-16,1216,45.0,Nữ,Đà Nẵng,Referral,Thời trang,137000,3,0.042,411000,393836,79970,153926,COD,Mobile,3.0,5.0,0
5040,2025-10-16,1768,34.0,Nam,Hải Phòng,Google Ads,Điện tử,226000,6,0.035,1356000,1308954,155917,373452,COD,Mobile,1.0,,0
5041,2025-10-16,93,46.0,Nữ,TP.HCM,Facebook Ads,Mỹ phẩm,173000,12,0.068,2076000,1934710,78457,993226,COD,Mobile,2.0,5.0,0
5042,2025-10-16,2249,32.0,Nam,TP.HCM,Organic,Gia dụng,114000,3,0.041,342000,327939,63732,136743,Ví điện tử,Desktop,7.0,3.0,0
5043,2025-10-16,2144,33.0,Nam,Hà Nội,Google Ads,Gia dụng,474000,4,0.042,1896000,1815480,278550,701280,Thẻ tín dụng,Mobile,1.0,5.0,0
5044,2025-10-16,3002,29.0,Nữ,Hà Nội,Organic,Thời trang,129000,1,0.067,129000,120313,73769,46544,Chuyển khoản,Mobile,3.0,5.0,0
5045,2025-10-16,2997,45.0,Nam,TP.HCM,Google Ads,Thực phẩm,121000,6,0.036,726000,700170,90661,156204,COD,Mobile,1.0,4.0,0
5046,2025-10-16,1738,33.0,Nữ,TP.HCM,Facebook Ads,Điện tử,330000,1,0.182,330000,269911,241556,28355,Ví điện tử,Mobile,4.0,4.0,0
5047,2025-10-17,1179,41.0,Nam,Hải Phòng,Facebook Ads,Thời trang,187000,3,0.055,561000,529890,102174,223368,COD,Mobile,7.0,3.0,0
5048,2025-10-17,1578,46.0,Nữ,TP.HCM,Referral,Điện tử,263000,3,0.185,789000,643360,200639,41443,Ví điện tử,Mobile,1.0,4.0,0
5049,2025-10-17,1761,37.0,Nữ,Cần Thơ,Facebook Ads,Gia dụng,256000,3,0.071,768000,713335,148517,267784,Ví điện tử,Desktop,1.0,3.0,0
5050,2025-10-17,614,20.0,Nữ,Hà Nội,Organic,Thời trang,109000,6,0.131,654000,568469,64538,181241,Chuyển khoản,Desktop,5.0,4.0,0
5051,2025-10-17,208,45.0,Nữ,TP.HCM,Facebook Ads,Gia dụng,260000,4,0.121,1040000,914328,150793,311156,Ví điện tử,Desktop,1.0,5.0,0
5052,2025-10-17,2353,47.0,Nữ,Hà Nội,Referral,Gia dụng,218000,1,0.073,218000,202154,131879,70275,Thẻ tín dụng,Mobile,4.0,4.0,0
5053,2025-10-17,453,39.0,Nữ,Hà Nội,Referral,Thời trang,171000,5,0.043,855000,818456,97281,332051,Ví điện tử,Desktop,1.0,5.0,0
5054,2025-10-17,845,32.0,Nam,Đà Nẵng,Organic,Gia dụng,332000,2,0.135,664000,574563,193917,186729,COD,Mobile,1.0,3.0,0
5055,2025-10-17,923,30.0,Nam,Hà Nội,Email,Mỹ phẩm,148000,3,0.053,444000,420421,64266,227623,Chuyển khoản,Mobile,1.0,5.0,0
5056,2025-10-17,1592,50.0,Nữ,Đà Nẵng,Facebook Ads,Gia dụng,194000,3,0.073,582000,539644,117552,186988,COD,Desktop,3.0,,1
5057,2025-10-18,793,18.0,Nam,Hà Nội,Organic,Thời trang,135000,4,0.018,540000,530264,67324,260968,Ví điện tử,Tablet,4.0,4.0,0
5058,2025-10-18,1972,35.0,Nam,Đà Nẵng,Facebook Ads,Thực phẩm,166000,4,0.071,664000,616999,122110,128559,Ví điện tử,Mobile,1.0,5.0,0
5059,2025-10-18,2584,29.0,Nam,Hà Nội,Referral,Thực phẩm,106000,4,0.092,424000,384803,76029,80687,Ví điện tử,Mobile,3.0,4.0,0
5060,2025-10-18,225,30.0,Nữ,TP.HCM,Organic,Mỹ phẩm,216000,4,0.044,864000,825844,103297,412656,Thẻ tín dụng,Desktop,3.0,4.0,0
5061,2025-10-18,3033,44.0,Nam,TP.HCM,Referral,Gia dụng,298000,3,0.078,894000,824037,167632,321141,Ví điện tử,Tablet,4.0,3.0,0
5062,2025-10-19,951,42.0,Nữ,Cần Thơ,Organic,Gia dụng,252000,4,0.099,1008000,908533,156883,281001,Ví điện tử,Mobile,3.0,4.0,0
5063,2025-10-19,3032,19.0,Nam,Hải Phòng,Facebook Ads,Điện tử,313000,4,0.072,1252000,1162309,226381,256785,COD,Desktop,2.0,4.0,0
5064,2025-10-19,1391,31.0,Nam,Hà Nội,Facebook Ads,Gia dụng,236000,6,0.2,1416000,1132852,137618,307144,Thẻ tín dụng,Desktop,5.0,,0
5065,2025-10-19,1819,31.0,Nam,Hà Nội,Facebook Ads,Điện tử,305000,5,0.027,1525000,1483952,205891,454497,Ví điện tử,Mobile,1.0,4.0,0
5066,2025-10-19,1196,39.0,Nam,Hải Phòng,Google Ads,Mỹ phẩm,304000,4,0.181,1216000,995360,138305,442140,Ví điện tử,Desktop,5.0,4.0,0
5067,2025-10-19,1481,,Nữ,Đà Nẵng,Facebook Ads,Thời trang,149000,3,0.082,447000,410236,80353,169177,COD,Mobile,5.0,3.0,0
5068,2025-10-19,1738,33.0,Nữ,TP.HCM,Referral,Thời trang,130000,3,0.063,390000,365497,72163,149008,Thẻ tín dụng,Mobile,1.0,3.0,0
5069,2025-10-19,939,53.0,Nam,Hà Nội,Referral,Thời trang,141000,6,0.036,846000,815305,73377,375043,COD,Desktop,3.0,4.0,0
5070,2025-10-19,1934,25.0,Nữ,TP.HCM,Email,Sách,68000,2,0.076,136000,125631,44917,35797,COD,Mobile,5.0,3.0,0
5071,2025-10-20,2920,31.0,Nam,TP.HCM,Google Ads,Điện tử,280000,2,0.099,560000,504565,209640,85285,Chuyển khoản,Mobile,3.0,3.0,0
5072,2025-10-20,2621,35.0,Nữ,Hải Phòng,Facebook Ads,Thời trang,182000,6,0.075,1092000,1009655,95787,434933,COD,Desktop,6.0,4.0,1
5073,2025-10-20,449,34.0,Nam,TP.HCM,Email,Mỹ phẩm,178000,6,0.083,1068000,979739,79772,501107,Ví điện tử,Mobile,2.0,5.0,0
5074,2025-10-20,151,31.0,Nữ,TP.HCM,Facebook Ads,Thời trang,163000,3,0.025,489000,476737,89628,207853,Ví điện tử,Mobile,5.0,4.0,0
5075,2025-10-20,211,22.0,Nam,TP.HCM,Referral,Thời trang,154000,3,0.045,462000,441172,80137,200761,COD,Mobile,2.0,4.0,0
5076,2025-10-20,1980,38.0,Nữ,Hà Nội,Facebook Ads,Sách,141000,2,0.046,282000,269168,86442,96284,COD,Desktop,5.0,5.0,0
5077,2025-10-20,1363,39.0,Nam,TP.HCM,Organic,Điện tử,444000,3,0.16,1332000,1118817,326628,138933,Thẻ tín dụng,Mobile,2.0,5.0,0
5078,2025-10-20,1320,53.0,Nữ,Cần Thơ,Email,Điện tử,352000,4,0.16,1408000,1182611,247202,193803,COD,Mobile,1.0,3.0,0
5079,2025-10-20,2884,31.0,Nữ,TP.HCM,Facebook Ads,Điện tử,192000,5,0.19,960000,778024,136458,95734,Ví điện tử,Mobile,3.0,,0
5080,2025-10-20,3036,43.0,Nữ,Hà Nội,Organic,Gia dụng,454000,3,0.146,1362000,1163741,263517,373190,Ví điện tử,Desktop,3.0,4.0,0
5081,2025-10-20,1443,41.0,Nữ,Đà Nẵng,Organic,Điện tử,423000,4,0.066,1692000,1580059,316641,313495,Thẻ tín dụng,Mobile,0.0,,0
5082,2025-10-21,2336,24.0,Nữ,TP.HCM,Google Ads,Mỹ phẩm,246000,5,0.195,1230000,989821,111512,432261,Thẻ tín dụng,Desktop,4.0,4.0,0
5083,2025-10-21,2298,43.0,Nam,Hải Phòng,Organic,Thời trang,145000,2,0.076,290000,268044,81358,105328,Thẻ tín dụng,Mobile,2.0,4.0,0
5084,2025-10-21,2415,35.0,Nữ,TP.HCM,Referral,Mỹ phẩm,272000,4,0.121,1088000,956496,107542,526328,Chuyển khoản,Desktop,1.0,4.0,0
5085,2025-10-21,2498,45.0,Nữ,Hà Nội,Email,Điện tử,457000,1,0.071,457000,424766,332998,91768,COD,Mobile,,5.0,0
5086,2025-10-21,439,28.0,Nữ,Đà Nẵng,Facebook Ads,Mỹ phẩm,210000,3,0.104,630000,564691,97926,270913,Chuyển khoản,Desktop,3.0,4.0,0
5087,2025-10-21,815,39.0,Nữ,Hà Nội,Facebook Ads,Sách,83000,4,0.127,332000,289738,57072,61450,Thẻ tín dụng,Mobile,8.0,,0
5088,2025-10-21,985,34.0,Nữ,Hà Nội,Email,Sách,90000,6,0.066,540000,504615,55498,171627,Chuyển khoản,Desktop,2.0,5.0,0
5089,2025-10-22,743,18.0,Nữ,Hà Nội,Google Ads,Mỹ phẩm,130000,4,0.08,520000,478420,54430,260700,Chuyển khoản,Mobile,2.0,4.0,0
5090,2025-10-22,1851,43.0,Nam,Đà Nẵng,Referral,Mỹ phẩm,148000,3,0.068,444000,413843,67952,209987,COD,Desktop,,5.0,0
5091,2025-10-22,1711,30.0,Nữ,TP.HCM,Organic,Mỹ phẩm,227000,3,0.113,681000,603823,100932,301027,Ví điện tử,Desktop,3.0,4.0,0
5092,2025-10-22,1061,29.0,Nam,Hà Nội,Organic,Điện tử,367000,2,0.092,734000,666205,265397,135411,Ví điện tử,Tablet,1.0,4.0,0
5093,2025-10-22,1217,18.0,Nữ,TP.HCM,Organic,Thời trang,180000,4,0.065,720000,673539,100703,270727,Thẻ tín dụng,Desktop,5.0,5.0,0
5094,2025-10-23,1326,39.0,Nam,TP.HCM,Organic,Thời trang,161000,4,0.033,644000,622736,92183,254004,Thẻ tín dụng,Desktop,2.0,,0
5095,2025-10-23,1943,53.0,Nam,Hà Nội,Organic,Sách,96000,3,0.093,288000,261286,65207,65665,Ví điện tử,Mobile,2.0,3.0,0
5096,2025-10-23,2046,27.0,Nữ,TP.HCM,Organic,Thời trang,224000,4,0.09,896000,815445,131410,289805,COD,Mobile,2.0,4.0,0
5097,2025-10-23,2569,18.0,Nam,Đà Nẵng,Referral,Thời trang,316000,4,0.039,1264000,1214247,196379,428731,Thẻ tín dụng,Mobile,0.0,4.0,0
5098,2025-10-23,2159,33.0,Nam,Đà Nẵng,Facebook Ads,Mỹ phẩm,187000,4,0.119,748000,658966,82873,327474,COD,Mobile,3.0,4.0,0
5099,2025-10-23,2412,23.0,Nam,TP.HCM,Google Ads,Mỹ phẩm,184000,5,0.165,920000,768389,88392,326429,COD,Desktop,1.0,5.0,0
5100,2025-10-23,1093,30.0,Nữ,Cần Thơ,Google Ads,Thời trang,121000,5,0.048,605000,575864,66120,245264,Ví điện tử,Mobile,0.0,5.0,1
5101,2025-10-23,2143,19.0,Nữ,TP.HCM,Google Ads,Mỹ phẩm,190000,3,0.059,570000,536191,88228,271507,Ví điện tử,Desktop,3.0,4.0,0
5102,2025-10-24,1156,18.0,Nữ,Đà Nẵng,Organic,Gia dụng,165000,4,0.26,660000,488312,90848,124920,Thẻ tín dụng,Desktop,4.0,4.0,0
5103,2025-10-24,3040,36.0,Nữ,Hà Nội,Google Ads,Thực phẩm,108000,4,0.011,432000,427231,77972,115343,Thẻ tín dụng,Tablet,2.0,4.0,0
5104,2025-10-24,176,29.0,Nữ,Hà Nội,Facebook Ads,Gia dụng,259000,3,0.113,777000,689314,151232,235618,COD,Mobile,3.0,5.0,0
5105,2025-10-24,2615,31.0,Nam,Đà Nẵng,Organic,Gia dụng,201000,3,0.055,603000,569934,117679,216897,Chuyển khoản,Mobile,1.0,4.0,0
5106,2025-10-24,2503,26.0,Nữ,TP.HCM,Referral,Mỹ phẩm,423000,1,0.202,423000,337737,195839,141898,COD,Desktop,9.0,3.0,0
5107,2025-10-25,561,36.0,Nam,Hà Nội,Facebook Ads,Sách,84000,8,0.145,672000,574861,56178,125437,Thẻ tín dụng,Mobile,3.0,3.0,0
5108,2025-10-25,3087,19.0,Nam,TP.HCM,Referral,Mỹ phẩm,158000,4,0.082,632000,580116,72181,291392,Thẻ tín dụng,Desktop,5.0,4.0,0
5109,2025-10-25,2530,18.0,Nam,TP.HCM,Email,Mỹ phẩm,155000,5,0.08,775000,713314,70419,361219,Thẻ tín dụng,Mobile,2.0,4.0,0
5110,2025-10-25,1557,28.0,Nam,Hà Nội,Organic,Điện tử,249000,2,0.083,498000,456503,178833,98837,Ví điện tử,Mobile,6.0,2.0,0
5111,2025-10-25,10,39.0,Nam,Cần Thơ,Google Ads,Thời trang,241000,3,0.09,723000,657849,129552,269193,COD,Desktop,1.0,3.0,0
5112,2025-10-25,1696,33.0,Nữ,Hà Nội,Facebook Ads,Thời trang,285000,4,0.135,1140000,985700,161300,340500,Ví điện tử,Mobile,3.0,4.0,0
5113,2025-10-25,1704,37.0,Nữ,Hà Nội,Referral,Sách,85000,2,0.177,170000,139955,50072,39811,Thẻ tín dụng,Desktop,1.0,5.0,0
5114,2025-10-25,1976,35.0,Nam,Đà Nẵng,Organic,Thời trang,161000,4,0.108,644000,574500,92367,205032,COD,Desktop,2.0,4.0,0
5115,2025-10-25,1284,22.0,Nữ,Hà Nội,Google Ads,Mỹ phẩm,348000,4,0.184,1392000,1135218,166175,470518,Chuyển khoản,Mobile,1.0,4.0,0
5116,2025-10-25,1227,40.0,Nữ,Hải Phòng,Organic,Thời trang,170000,5,0.109,850000,757111,95279,280716,Ví điện tử,Desktop,4.0,4.0,0
5117,2025-10-25,2199,23.0,Nữ,Hà Nội,Referral,Mỹ phẩm,134000,2,0.107,268000,239297,64209,110879,Thẻ tín dụng,Mobile,5.0,4.0,0
5118,2025-10-25,3123,29.0,Nữ,Hà Nội,Facebook Ads,Mỹ phẩm,259000,4,0.041,1036000,993335,121609,506899,Ví điện tử,Desktop,3.0,5.0,0
5119,2025-10-25,910,27.0,Nam,TP.HCM,Facebook Ads,Thời trang,164000,2,0.103,328000,294115,88400,117315,COD,Mobile,1.0,4.0,0
5120,2025-10-25,2408,28.0,Nam,TP.HCM,Referral,Gia dụng,272000,2,0.099,544000,490192,155670,178852,Ví điện tử,Desktop,2.0,4.0,0
5121,2025-10-25,2344,29.0,Nam,TP.HCM,Facebook Ads,Thực phẩm,129000,6,0.073,774000,717454,93366,157258,Thẻ tín dụng,Mobile,4.0,3.0,0
5122,2025-10-26,2846,31.0,Nữ,Hà Nội,Google Ads,Thời trang,190000,3,0.087,570000,520310,114306,177392,Thẻ tín dụng,Mobile,1.0,5.0,0
5123,2025-10-26,3172,44.0,Nữ,Hà Nội,Organic,Sách,88000,5,0.036,440000,424266,60464,121946,Ví điện tử,Desktop,3.0,3.0,1
5124,2025-10-26,146,18.0,Nữ,Hà Nội,Organic,Thực phẩm,109000,4,0.059,436000,410267,75260,109227,Ví điện tử,Mobile,3.0,4.0,0
5125,2025-10-26,880,22.0,Nam,Hà Nội,Referral,Mỹ phẩm,201000,2,0.136,402000,347484,94196,159092,COD,Mobile,2.0,5.0,0
5126,2025-10-26,276,40.0,Nữ,Hải Phòng,Organic,Điện tử,252000,2,0.077,504000,465167,189305,86557,Thẻ tín dụng,Desktop,,4.0,0
5127,2025-10-26,1469,25.0,Nam,Hà Nội,Google Ads,Thời trang,141000,5,0.128,705000,614576,81679,206181,Thẻ tín dụng,Mobile,0.0,4.0,0
5128,2025-10-26,237,25.0,Nữ,Hà Nội,Google Ads,Điện tử,427000,3,0.116,1281000,1131916,282007,285895,Ví điện tử,Desktop,1.0,4.0,0
5129,2025-10-26,2258,42.0,Nữ,Hà Nội,Organic,Sách,98000,1,0.065,98000,91613,66223,25390,Ví điện tử,Mobile,6.0,3.0,1
5130,2025-10-26,1876,25.0,Nam,TP.HCM,Facebook Ads,Sách,103000,4,0.02,412000,403640,65707,140812,Ví điện tử,Mobile,0.0,4.0,0
5131,2025-10-26,1856,35.0,Nữ,TP.HCM,Referral,Mỹ phẩm,167000,4,0.101,668000,600230,80165,279570,Chuyển khoản,Tablet,2.0,5.0,0
5132,2025-10-26,1400,,Nam,TP.HCM,Google Ads,Mỹ phẩm,219000,1,0.201,219000,174932,101040,73892,COD,Desktop,3.0,4.0,0
5133,2025-10-26,696,23.0,Nam,Hà Nội,Google Ads,Thực phẩm,110000,2,0.18,220000,180375,77572,25231,COD,Mobile,6.0,3.0,0
5134,2025-10-26,963,38.0,Nữ,TP.HCM,Facebook Ads,Mỹ phẩm,255000,3,0.056,765000,721867,109545,393232,COD,Mobile,,5.0,0
5135,2025-10-26,850,32.0,Nam,Hà Nội,Referral,Mỹ phẩm,292000,6,0.081,1752000,1610396,124199,865202,Ví điện tử,Mobile,2.0,4.0,1
5136,2025-10-26,1338,43.0,Nữ,Hà Nội,Facebook Ads,Mỹ phẩm,156000,2,0.122,312000,273884,71473,130938,Thẻ tín dụng,Mobile,3.0,4.0,0
5137,2025-10-26,554,28.0,Nam,Cần Thơ,Google Ads,Thời trang,97000,6,0.183,582000,475564,55028,145396,COD,Desktop,5.0,4.0,0
5138,2025-10-26,128,30.0,Nữ,TP.HCM,Google Ads,Điện tử,343000,2,0.058,686000,646229,235772,174685,Ví điện tử,Mobile,3.0,4.0,0
5139,2025-10-26,2876,33.0,Nữ,Đà Nẵng,Facebook Ads,Thời trang,128000,1,0.09,128000,116431,71828,44603,COD,Desktop,4.0,4.0,0
5140,2025-10-27,424,19.0,Nữ,Đà Nẵng,Referral,Thời trang,104000,4,0.093,416000,377505,56465,151645,COD,Mobile,2.0,4.0,0
5141,2025-10-27,1523,42.0,Nam,TP.HCM,Referral,Điện tử,272000,1,0.035,272000,262578,196231,66347,Ví điện tử,Mobile,1.0,5.0,0
5142,2025-10-27,3176,38.0,Nữ,TP.HCM,Organic,Điện tử,210000,6,0.172,1260000,1042762,154328,116794,Ví điện tử,Mobile,1.0,5.0,0
5143,2025-10-27,1924,37.0,Nữ,TP.HCM,Facebook Ads,Gia dụng,178000,1,0.066,178000,166277,103897,62380,Ví điện tử,Tablet,2.0,5.0,0
5144,2025-10-27,863,38.0,Nam,Hà Nội,Facebook Ads,Thời trang,135000,5,0.243,675000,510645,74152,139885,Chuyển khoản,Desktop,1.0,5.0,0
5145,2025-10-27,2467,29.0,Nữ,Đà Nẵng,Facebook Ads,Mỹ phẩm,192000,4,0.085,768000,702353,83863,366901,COD,Desktop,7.0,4.0,0
5146,2025-10-28,2070,34.0,Nam,TP.HCM,Referral,Thời trang,67000,3,0.002,201000,200589,37342,88563,Thẻ tín dụng,Desktop,0.0,4.0,0
5147,2025-10-28,19,36.0,Nữ,Cần Thơ,Facebook Ads,Mỹ phẩm,157000,8,0.058,1256000,1183618,74164,590306,Thẻ tín dụng,Mobile,3.0,5.0,0
5148,2025-10-28,2922,53.0,Nữ,TP.HCM,Google Ads,Gia dụng,136000,4,0.06,544000,511442,78497,197454,COD,Mobile,5.0,3.0,0
5149,2025-10-28,1739,23.0,Nam,Hà Nội,Facebook Ads,Thời trang,115000,6,0.137,690000,595527,60208,234279,Chuyển khoản,Mobile,1.0,5.0,0
5150,2025-10-28,3122,18.0,Nam,TP.HCM,Organic,Mỹ phẩm,251000,5,0.191,1255000,1015638,115666,437308,Chuyển khoản,Mobile,5.0,3.0,0
5151,2025-10-28,1805,25.0,Nam,TP.HCM,Referral,Điện tử,442000,4,0.084,1768000,1619052,334543,280880,Chuyển khoản,Mobile,0.0,4.0,0
5152,2025-10-28,580,39.0,Nam,TP.HCM,Referral,Điện tử,421000,2,0.049,842000,800778,310479,179820,Ví điện tử,Desktop,2.0,4.0,1
5153,2025-10-28,375,36.0,Nam,TP.HCM,Google Ads,Điện tử,459000,1,0.049,459000,436405,350694,85711,Chuyển khoản,Mobile,2.0,5.0,0
5154,2025-10-28,866,28.0,Nam,Đà Nẵng,Facebook Ads,Thời trang,67000,4,0.066,268000,250341,35656,107717,Ví điện tử,Desktop,5.0,5.0,0
5155,2025-10-28,2680,28.0,Nữ,Hà Nội,Facebook Ads,Điện tử,220000,7,0.055,1540000,1455701,165348,298265,COD,Mobile,1.0,4.0,0
5156,2025-10-29,339,41.0,Nữ,Hà Nội,Facebook Ads,Sách,78000,2,0.039,156000,149918,48493,52932,Chuyển khoản,Desktop,6.0,5.0,1
5157,2025-10-29,666,28.0,Nam,TP.HCM,Email,Thời trang,139000,4,0.012,556000,549439,73523,255347,Ví điện tử,Desktop,0.0,4.0,0
5158,2025-10-29,2548,30.0,Nam,TP.HCM,Organic,Điện tử,426000,4,0.032,1704000,1649701,335705,306881,COD,Mobile,7.0,3.0,1
5159,2025-10-29,2671,42.0,Nam,Hà Nội,Google Ads,Thời trang,129000,3,0.101,387000,347848,80894,105166,Thẻ tín dụng,Mobile,8.0,4.0,0
5160,2025-10-29,2456,,Nữ,TP.HCM,Facebook Ads,Mỹ phẩm,179000,5,0.136,895000,772978,77567,385143,Thẻ tín dụng,Mobile,2.0,5.0,0
5161,2025-10-29,123,37.0,Nữ,TP.HCM,Google Ads,Điện tử,399000,5,0.045,1995000,1905830,294995,430855,Ví điện tử,Mobile,2.0,4.0,0
5162,2025-10-29,13,29.0,Nam,Hà Nội,Facebook Ads,Thời trang,123000,2,0.029,246000,238942,65519,107904,Chuyển khoản,Mobile,3.0,3.0,0
5163,2025-10-29,415,29.0,Nữ,TP.HCM,Google Ads,Điện tử,240000,3,0.093,720000,653249,165062,158063,COD,Mobile,6.0,3.0,0
5164,2025-10-29,1575,47.0,Nam,Hà Nội,Facebook Ads,Thời trang,134000,6,0.147,804000,685917,72071,253491,Ví điện tử,Mobile,5.0,4.0,0
5165,2025-10-30,659,24.0,Nữ,Hà Nội,Organic,Gia dụng,266000,4,0.147,1064000,907842,153472,293954,Ví điện tử,Desktop,,3.0,1
5166,2025-10-30,1822,44.0,Nam,Cần Thơ,Organic,Mỹ phẩm,191000,7,0.057,1337000,1260622,89016,637510,COD,Tablet,1.0,3.0,0
5167,2025-10-30,1900,43.0,Nữ,Hải Phòng,Facebook Ads,Thời trang,132000,4,0.171,528000,437880,72378,148368,COD,Desktop,5.0,4.0,0
5168,2025-10-30,1883,38.0,Nữ,Đà Nẵng,Organic,Sách,54000,3,0.12,162000,142639,34887,37978,Ví điện tử,Desktop,1.0,4.0,0
5169,2025-10-30,735,41.0,Nữ,Hải Phòng,Google Ads,Mỹ phẩm,133000,3,0.07,399000,371171,69557,162500,COD,Mobile,4.0,4.0,0
5170,2025-10-30,316,37.0,Nam,Hà Nội,Referral,Gia dụng,319000,5,0.089,1595000,1453665,200425,451540,COD,Mobile,7.0,3.0,0
5171,2025-10-30,3279,51.0,Nam,Hải Phòng,Facebook Ads,Thời trang,147000,2,0.035,294000,283684,81418,120848,Thẻ tín dụng,Mobile,6.0,,0
5172,2025-10-30,2541,18.0,Nữ,Hà Nội,Google Ads,Thời trang,139000,5,0.161,695000,582768,76185,201843,Chuyển khoản,Desktop,1.0,4.0,0
5173,2025-10-30,3271,22.0,Nam,Cần Thơ,Facebook Ads,Mỹ phẩm,111000,5,0.112,555000,493019,49041,247814,COD,Mobile,2.0,5.0,0
5174,2025-10-31,240,32.0,Nam,Hà Nội,Facebook Ads,Sách,104000,4,0.113,416000,368850,67069,100574,Thẻ tín dụng,Desktop,2.0,5.0,0
5175,2025-10-31,1896,19.0,Nam,TP.HCM,Referral,Điện tử,416000,4,0.064,1664000,1556824,295666,374160,Chuyển khoản,Mobile,1.0,4.0,0
5176,2025-10-31,3260,21.0,Nữ,Cần Thơ,Google Ads,Gia dụng,180000,1,0.04,180000,172787,93008,79779,COD,Mobile,3.0,5.0,0
5177,2025-10-31,2856,32.0,Nam,TP.HCM,Email,Thời trang,196000,6,0.101,1176000,1057358,107813,410480,Ví điện tử,Mobile,1.0,4.0,0
5178,2025-10-31,43,45.0,Nữ,Đà Nẵng,Organic,Điện tử,245000,4,0.104,980000,877975,181739,151019,Chuyển khoản,Mobile,1.0,4.0,0
5179,2025-10-31,1011,20.0,Nam,TP.HCM,Facebook Ads,Thời trang,263000,1,0.092,263000,238899,150873,88026,Thẻ tín dụng,Mobile,4.0,4.0,0
5180,2025-10-31,937,43.0,Nữ,Hải Phòng,Google Ads,Thời trang,132000,5,0.054,660000,624638,75293,248173,COD,Desktop,1.0,5.0,0
5181,2025-10-31,198,23.0,Nam,Hà Nội,Referral,Sách,97000,2,0.108,194000,173085,64370,44345,Ví điện tử,Mobile,1.0,5.0,0
5182,2025-11-01,1652,18.0,Nam,TP.HCM,Email,Thực phẩm,137000,4,0.1,548000,492937,101511,86893,Thẻ tín dụng,Mobile,2.0,4.0,0
5183,2025-11-01,2651,18.0,Nam,Đà Nẵng,Google Ads,Điện tử,227000,4,0.224,908000,704324,178715,-10536,COD,Desktop,1.0,5.0,0
5184,2025-11-01,418,18.0,Nữ,TP.HCM,Referral,Thời trang,167000,5,0.022,835000,816235,98479,323840,Thẻ tín dụng,Desktop,9.0,2.0,0
5185,2025-11-01,881,18.0,Nữ,TP.HCM,Facebook Ads,Thời trang,109000,2,0.03,218000,211464,55065,101334,COD,Desktop,1.0,4.0,0
5186,2025-11-01,3120,18.0,Nữ,TP.HCM,Organic,Điện tử,141000,3,0.223,423000,328704,98299,33807,Thẻ tín dụng,Desktop,2.0,4.0,0
5187,2025-11-01,2184,47.0,Nam,Hải Phòng,Organic,Thực phẩm,141000,8,0.19,1128000,913518,95173,152134,Chuyển khoản,Mobile,3.0,4.0,0
5188,2025-11-01,2286,54.0,Nữ,Cần Thơ,Referral,Gia dụng,234000,6,0.088,1404000,1281039,134995,471069,Ví điện tử,Desktop,0.0,5.0,0
5189,2025-11-01,635,50.0,Nữ,Hà Nội,Google Ads,Điện tử,260000,4,0.052,1040000,985805,184619,247329,Thẻ tín dụng,Mobile,6.0,4.0,0
5190,2025-11-01,3023,57.0,Nữ,Hà Nội,Google Ads,Gia dụng,254000,2,0.024,508000,495699,150578,194543,COD,Desktop,1.0,4.0,0
5191,2025-11-01,2473,42.0,Nam,Hà Nội,Google Ads,Thực phẩm,128000,4,0.157,512000,431433,84685,92693,Ví điện tử,Mobile,2.0,4.0,1
5192,2025-11-01,1894,27.0,Nam,Hà Nội,Google Ads,Mỹ phẩm,285000,4,0.079,1140000,1050101,128254,537085,Thẻ tín dụng,Tablet,0.0,5.0,0
5193,2025-11-01,31,36.0,Nam,Hải Phòng,Google Ads,Thực phẩm,101000,5,0.04,505000,484802,72725,121177,COD,Desktop,1.0,4.0,0
5194,2025-11-01,2608,24.0,Nữ,Hà Nội,Facebook Ads,Sách,161000,3,0.026,483000,470591,109809,141164,Thẻ tín dụng,Desktop,7.0,4.0,0
5195,2025-11-01,26,31.0,Nam,Hà Nội,Facebook Ads,Thực phẩm,106000,6,0.09,636000,578510,74038,134282,Ví điện tử,Mobile,1.0,,0
5196,2025-11-01,860,47.0,Nữ,Hà Nội,Organic,Mỹ phẩm,205000,3,0.073,615000,570186,87646,307248,Chuyển khoản,Mobile,,5.0,0
5197,2025-11-01,1989,30.0,Nam,Hà Nội,Organic,Thời trang,110000,3,0.081,330000,303342,57726,130164,COD,Mobile,3.0,4.0,0
5198,2025-11-01,3076,41.0,Nam,TP.HCM,Email,Điện tử,260000,4,0.067,1040000,970803,178734,255867,Thẻ tín dụng,Mobile,1.0,4.0,0
5199,2025-11-01,1923,35.0,Nam,Hà Nội,Email,Điện tử,417000,7,0.16,2919000,2450957,297822,366203,COD,Mobile,4.0,4.0,0
5200,2025-11-01,2573,33.0,Nữ,Hà Nội,Organic,Thời trang,154000,6,0.125,924000,808103,84163,303125,Thẻ tín dụng,Mobile,2.0,5.0,0
5201,2025-11-01,2305,34.0,Nữ,Hà Nội,Facebook Ads,Mỹ phẩm,329000,4,0.133,1316000,1141536,154563,523284,COD,Desktop,0.0,4.0,0
5202,2025-11-01,332,26.0,Nữ,Hải Phòng,Organic,Mỹ phẩm,180000,2,0.02,360000,352719,78018,196683,COD,Mobile,3.0,4.0,0
5203,2025-11-02,122,20.0,Nữ,TP.HCM,Organic,Điện tử,207000,6,0.133,1242000,1077111,147600,191511,Ví điện tử,Mobile,1.0,3.0,0
5204,2025-11-02,1057,30.0,Nữ,Cần Thơ,Google Ads,Thời trang,158000,4,0.031,632000,612220,87031,264096,COD,Desktop,4.0,2.0,0
5205,2025-11-02,921,40.0,Nam,TP.HCM,Organic,Điện tử,356000,2,0.121,712000,625592,258022,109548,Thẻ tín dụng,Mobile,3.0,,0
5206,2025-11-02,2033,38.0,Nữ,TP.HCM,Email,Thời trang,139000,4,0.196,556000,446909,80668,124237,Chuyển khoản,Mobile,4.0,4.0,0
5207,2025-11-02,2750,48.0,Nữ,Hải Phòng,Facebook Ads,Điện tử,234000,6,0.022,1404000,1373319,176893,311961,Thẻ tín dụng,Mobile,2.0,4.0,0
5208,2025-11-02,2095,30.0,Nữ,TP.HCM,Email,Điện tử,347000,2,0.139,694000,597561,222520,152521,Ví điện tử,Mobile,2.0,4.0,0
5209,2025-11-02,622,27.0,Nam,TP.HCM,Facebook Ads,Mỹ phẩm,169000,2,0.109,338000,301034,72459,156116,Thẻ tín dụng,Mobile,1.0,4.0,0
5210,2025-11-02,2677,18.0,Nam,Đà Nẵng,Organic,Gia dụng,212000,3,0.03,636000,616832,121265,253037,COD,Desktop,4.0,4.0,0
5211,2025-11-02,1253,51.0,Nam,Đà Nẵng,Facebook Ads,Mỹ phẩm,296000,2,0.067,592000,552121,124038,304045,COD,Mobile,4.0,4.0,0
5212,2025-11-02,2581,24.0,Nữ,Hà Nội,Organic,Thời trang,113000,4,0.209,452000,357459,57615,126999,Ví điện tử,Mobile,7.0,4.0,0
5213,2025-11-02,2902,42.0,Nữ,Đà Nẵng,Referral,Sách,87000,4,0.212,348000,274384,50806,71160,Ví điện tử,Mobile,2.0,4.0,0
5214,2025-11-02,1551,28.0,Nam,Hà Nội,Organic,Gia dụng,163000,6,0.148,978000,833385,99651,235479,Thẻ tín dụng,Mobile,,5.0,0
5215,2025-11-02,585,36.0,Nữ,TP.HCM,Google Ads,Gia dụng,454000,4,0.148,1816000,1547601,260645,505021,Ví điện tử,Mobile,4.0,4.0,0
5216,2025-11-02,1828,46.0,Nam,Cần Thơ,Facebook Ads,Điện tử,229000,6,0.095,1374000,1243159,158547,291877,Thẻ tín dụng,Mobile,4.0,4.0,0
5217,2025-11-03,2300,28.0,Nam,Đà Nẵng,Google Ads,Gia dụng,220000,4,0.076,880000,813372,129595,294992,COD,Mobile,1.0,5.0,0
5218,2025-11-03,2332,29.0,Nam,Cần Thơ,Google Ads,Thời trang,173000,3,0.086,519000,474543,89799,205146,Chuyển khoản,Tablet,1.0,4.0,0
5219,2025-11-03,1072,33.0,Nam,TP.HCM,Facebook Ads,Gia dụng,266000,5,0.069,1330000,1238532,164955,413757,Chuyển khoản,Mobile,1.0,4.0,0
5220,2025-11-03,1242,37.0,Nữ,TP.HCM,Facebook Ads,Điện tử,361000,6,0.053,2166000,2051945,235061,641579,Thẻ tín dụng,Mobile,3.0,5.0,0
5221,2025-11-03,2414,33.0,Nam,Đà Nẵng,Referral,Gia dụng,261000,5,0.174,1305000,1078190,154283,306775,COD,Desktop,2.0,4.0,0
5222,2025-11-03,2876,33.0,Nữ,Hà Nội,Google Ads,Mỹ phẩm,163000,4,0.11,652000,580076,77138,271524,Thẻ tín dụng,Mobile,1.0,4.0,0
5223,2025-11-03,1959,38.0,Nữ,TP.HCM,Facebook Ads,Sách,89000,3,0.073,267000,247513,58864,70921,Ví điện tử,Desktop,6.0,3.0,0
5224,2025-11-03,2342,28.0,Nữ,Hà Nội,Email,Điện tử,246000,3,0.041,738000,707761,177031,176668,COD,Mobile,5.0,3.0,0
5225,2025-11-03,179,22.0,Nam,Đà Nẵng,Facebook Ads,Điện tử,234000,5,0.021,1170000,1145725,167813,306660,COD,Desktop,5.0,3.0,0
5226,2025-11-03,105,,Nam,Hải Phòng,Email,Thời trang,88000,1,0.055,88000,83170,53184,29986,Chuyển khoản,Desktop,3.0,4.0,0
5227,2025-11-03,1982,45.0,Nữ,TP.HCM,Google Ads,Thời trang,158000,3,0.02,474000,464440,81575,219715,Thẻ tín dụng,Mobile,4.0,3.0,0
5228,2025-11-04,1129,49.0,Nữ,TP.HCM,Google Ads,Gia dụng,212000,5,0.164,1060000,886551,122112,275991,Ví điện tử,Desktop,3.0,4.0,0
5229,2025-11-04,1160,31.0,Nam,TP.HCM,Referral,Điện tử,470000,7,0.093,3290000,2983703,345038,568437,Thẻ tín dụng,Mobile,2.0,4.0,0
5230,2025-11-04,1311,23.0,Nữ,Cần Thơ,Organic,Thực phẩm,94000,4,0.011,376000,372020,63344,118644,COD,Mobile,1.0,,0
5231,2025-11-04,1049,37.0,Nữ,TP.HCM,Facebook Ads,Điện tử,271000,5,0.202,1355000,1081503,207034,46333,Thẻ tín dụng,Mobile,,4.0,0
5232,2025-11-04,2623,24.0,Nữ,TP.HCM,Google Ads,Gia dụng,124000,4,0.089,496000,452039,76620,145559,Ví điện tử,Mobile,1.0,5.0,0
5233,2025-11-04,1478,27.0,Nữ,Đà Nẵng,Referral,Gia dụng,283000,5,0.265,1415000,1040165,170554,187395,COD,Mobile,3.0,4.0,0
5234,2025-11-04,1620,27.0,Nữ,Cần Thơ,Referral,Thời trang,117000,4,0.068,468000,436050,66005,172030,COD,Desktop,,3.0,0
5235,2025-11-04,61,36.0,Nam,Hà Nội,Google Ads,Thời trang,118000,2,0.076,236000,218159,66524,85111,COD,Tablet,5.0,4.0,0
5236,2025-11-04,2442,18.0,Nam,TP.HCM,Google Ads,Gia dụng,319000,3,0.04,957000,918759,206831,298266,Ví điện tử,Mobile,4.0,4.0,0
5237,2025-11-04,469,26.0,Nữ,Cần Thơ,Organic,Điện tử,173000,4,0.031,692000,670628,130236,149684,COD,Mobile,7.0,2.0,0
5238,2025-11-04,2386,32.0,Nam,Hà Nội,Google Ads,Gia dụng,319000,5,0.169,1595000,1325657,201703,317142,Ví điện tử,Mobile,2.0,4.0,0
5239,2025-11-04,1993,18.0,Nam,TP.HCM,Google Ads,Mỹ phẩm,158000,6,0.038,948000,912117,65504,519093,Ví điện tử,Mobile,2.0,5.0,0
5240,2025-11-04,125,31.0,Nữ,Hà Nội,Referral,Thời trang,170000,3,0.012,510000,503667,92251,226914,Ví điện tử,Mobile,5.0,3.0,0
5241,2025-11-04,1323,25.0,Nữ,Hà Nội,Organic,Điện tử,527000,4,0.075,2108000,1948981,345633,566449,COD,Desktop,5.0,4.0,0
5242,2025-11-04,2267,39.0,Nữ,Hải Phòng,Organic,Điện tử,189000,4,0.187,756000,614958,130005,94938,COD,Desktop,6.0,5.0,0
5243,2025-11-05,1875,32.0,Nam,TP.HCM,Facebook Ads,Mỹ phẩm,155000,5,0.158,775000,652610,74343,280895,Ví điện tử,Desktop,5.0,3.0,0
5244,2025-11-05,2103,52.0,Nam,Đà Nẵng,Google Ads,Mỹ phẩm,285000,3,0.167,855000,711972,123637,341061,COD,Mobile,,4.0,0
5245,2025-11-05,153,46.0,Nữ,Hà Nội,Referral,Gia dụng,270000,3,0.153,810000,686231,147582,243485,Ví điện tử,Mobile,2.0,4.0,0
5246,2025-11-05,270,40.0,Nữ,TP.HCM,Organic,Mỹ phẩm,264000,5,0.071,1320000,1226833,116105,646308,COD,Mobile,8.0,3.0,0
5247,2025-11-05,2105,42.0,Nữ,TP.HCM,Facebook Ads,Mỹ phẩm,237000,2,0.058,474000,446579,117485,211609,Thẻ tín dụng,Desktop,2.0,,0
5248,2025-11-05,841,47.0,Nữ,TP.HCM,Facebook Ads,Thời trang,77000,5,0.081,385000,353669,37688,165229,Ví điện tử,Mobile,1.0,5.0,0
5249,2025-11-05,1409,24.0,Nữ,Hà Nội,Facebook Ads,Thực phẩm,122000,1,0.122,122000,107063,82790,24273,COD,Mobile,6.0,5.0,0
5250,2025-11-05,1022,18.0,Nữ,Hải Phòng,Google Ads,Thực phẩm,109000,7,0.184,763000,622833,76809,85170,Thẻ tín dụng,Mobile,1.0,3.0,1
5251,2025-11-05,430,28.0,Nữ,Cần Thơ,Facebook Ads,Sách,99000,3,0.05,297000,282038,64235,89333,Ví điện tử,Mobile,2.0,5.0,0
5252,2025-11-05,1110,20.0,Nam,Hà Nội,Organic,Điện tử,89000,4,0.036,356000,343185,62653,92573,Thẻ tín dụng,Mobile,4.0,4.0,0
5253,2025-11-05,1612,30.0,Nữ,Cần Thơ,Facebook Ads,Sách,61000,6,0.032,366000,354423,37258,130875,Thẻ tín dụng,Desktop,2.0,5.0,0
5254,2025-11-06,3109,25.0,Nữ,TP.HCM,Organic,Gia dụng,307000,4,0.08,1228000,1129511,185210,388671,Chuyển khoản,Desktop,3.0,5.0,0
5255,2025-11-06,2959,22.0,Nam,Đà Nẵng,Facebook Ads,Điện tử,370000,8,0.103,2960000,2655687,245197,694111,Thẻ tín dụng,Mobile,2.0,4.0,0
5256,2025-11-06,1842,30.0,Nữ,Cần Thơ,Facebook Ads,Điện tử,310000,2,0.085,620000,567400,202842,161716,COD,Mobile,2.0,5.0,0
5257,2025-11-06,3149,46.0,Nữ,Cần Thơ,Facebook Ads,Mỹ phẩm,154000,4,0.122,616000,540558,67044,272382,Thẻ tín dụng,Mobile,2.0,4.0,0
5258,2025-11-06,2793,48.0,Nữ,Đà Nẵng,Facebook Ads,Điện tử,309000,5,0.266,1545000,1134423,220818,30333,COD,Mobile,1.0,5.0,0
5259,2025-11-06,3124,34.0,Nam,Cần Thơ,Google Ads,Điện tử,320000,4,0.093,1280000,1160609,232065,232349,COD,Mobile,3.0,4.0,0
5260,2025-11-06,999,37.0,Nam,Hà Nội,Organic,Thực phẩm,104000,6,0.059,624000,587440,72741,150994,Thẻ tín dụng,Tablet,6.0,4.0,0
5261,2025-11-06,3168,58.0,Nữ,TP.HCM,Google Ads,Thời trang,159000,5,0.063,795000,745129,86582,312219,Thẻ tín dụng,Mobile,7.0,3.0,0
5262,2025-11-07,535,47.0,Nữ,Hà Nội,Organic,Điện tử,351000,3,0.018,1053000,1033970,260709,251843,Thẻ tín dụng,Mobile,1.0,5.0,0
5263,2025-11-07,1718,43.0,Nữ,TP.HCM,Google Ads,Thực phẩm,114000,4,0.129,456000,397018,83373,63526,COD,Mobile,2.0,4.0,0
5264,2025-11-07,2107,30.0,Nữ,Cần Thơ,Organic,Sách,82000,5,0.065,410000,383485,52486,121055,COD,Mobile,4.0,5.0,0
5265,2025-11-07,2652,23.0,Nữ,TP.HCM,Organic,Thời trang,136000,4,0.124,544000,476547,81001,152543,COD,Tablet,3.0,5.0,0
5266,2025-11-07,3034,29.0,Nam,Hà Nội,Google Ads,Mỹ phẩm,150000,3,0.046,450000,429284,73309,209357,COD,Desktop,7.0,3.0,0
5267,2025-11-07,1900,43.0,Nữ,Hà Nội,Facebook Ads,Thời trang,145000,3,0.133,435000,376935,81759,131658,COD,Mobile,3.0,4.0,0
5268,2025-11-07,3288,24.0,Nam,TP.HCM,Facebook Ads,Gia dụng,160000,3,0.147,480000,409651,95413,123412,Chuyển khoản,Mobile,1.0,5.0,0
5269,2025-11-07,2578,27.0,Nữ,TP.HCM,Referral,Sách,66000,9,0.167,594000,494653,40765,127768,Thẻ tín dụng,Desktop,3.0,4.0,0
5270,2025-11-07,650,31.0,Nữ,Đà Nẵng,Facebook Ads,Mỹ phẩm,212000,1,0.03,212000,205729,89608,116121,COD,Mobile,2.0,,0
5271,2025-11-07,1676,38.0,Nữ,Hà Nội,Referral,Thời trang,239000,3,0.042,717000,687079,132466,289681,Chuyển khoản,Mobile,1.0,4.0,0
5272,2025-11-07,568,35.0,Nữ,Hà Nội,Organic,Sách,93000,4,0.024,372000,363017,62608,112585,Ví điện tử,Tablet,2.0,4.0,0
5273,2025-11-07,2426,48.0,Nam,Hà Nội,Referral,Điện tử,283000,39,0.017,11037000,10848519,217375,2370894,Thẻ tín dụng,Desktop,2.0,3.0,0
5274,2025-11-07,2992,38.0,Nữ,TP.HCM,Facebook Ads,Mỹ phẩm,213000,6,0.078,1278000,1177831,91124,631087,Chuyển khoản,Mobile,1.0,4.0,0
5275,2025-11-07,72,29.0,Nam,TP.HCM,Organic,Điện tử,385000,3,0.253,1155000,862904,274926,38126,COD,Tablet,2.0,4.0,0
5276,2025-11-07,46,33.0,Nữ,Hải Phòng,Organic,Mỹ phẩm,144000,3,0.056,432000,407919,67429,205632,COD,Mobile,3.0,4.0,0
5277,2025-11-07,2982,26.0,Nữ,TP.HCM,Email,Thời trang,94000,5,0.061,470000,441118,54310,169568,Thẻ tín dụng,Mobile,4.0,4.0,0
5278,2025-11-07,2421,38.0,Nữ,Hải Phòng,Referral,Thời trang,173000,2,0.164,346000,289095,84868,119359,COD,Mobile,2.0,4.0,0
5279,2025-11-07,3027,46.0,Nữ,TP.HCM,Referral,Thời trang,122000,5,0.134,610000,528337,65311,201782,Chuyển khoản,Mobile,2.0,4.0,0
5280,2025-11-08,505,35.0,Nam,Hà Nội,Google Ads,Điện tử,237000,3,0.139,711000,612091,163741,120868,COD,Mobile,6.0,3.0,0
5281,2025-11-08,2278,51.0,Nữ,TP.HCM,Email,Thời trang,173000,5,0.095,865000,782683,93590,314733,COD,Mobile,2.0,4.0,0
5282,2025-11-08,2943,31.0,Nữ,TP.HCM,Facebook Ads,Mỹ phẩm,197000,3,0.063,591000,553927,88106,289609,COD,Desktop,2.0,3.0,0
5283,2025-11-08,2465,36.0,Nữ,Đà Nẵng,Facebook Ads,Gia dụng,147000,5,0.044,735000,702593,82512,290033,Chuyển khoản,Desktop,5.0,4.0,0
5284,2025-11-08,1089,46.0,Nữ,TP.HCM,Facebook Ads,Gia dụng,343000,2,0.08,686000,631383,211690,208003,COD,Mobile,4.0,4.0,0
5285,2025-11-08,1279,53.0,Nam,Hải Phòng,Organic,Mỹ phẩm,225000,7,0.164,1575000,1316792,101243,608091,Chuyển khoản,Mobile,1.0,4.0,0
5286,2025-11-08,276,40.0,Nữ,TP.HCM,Facebook Ads,Thời trang,137000,6,0.035,822000,792869,73755,350339,Chuyển khoản,Desktop,2.0,4.0,0
5287,2025-11-08,554,28.0,Nam,Cần Thơ,Organic,Gia dụng,160000,1,0.065,160000,149526,87815,61711,Thẻ tín dụng,Mobile,1.0,4.0,0
5288,2025-11-08,2989,43.0,Nữ,Đà Nẵng,Google Ads,Thực phẩm,115000,2,0.091,230000,208966,75226,58514,Chuyển khoản,Mobile,3.0,4.0,0
5289,2025-11-08,762,56.0,Nữ,Đà Nẵng,Google Ads,Thực phẩm,119000,2,0.05,238000,226030,84403,57224,COD,Mobile,7.0,4.0,0
5290,2025-11-08,819,30.0,Nữ,TP.HCM,Organic,Điện tử,307000,6,0.085,1842000,1684561,224079,340087,Chuyển khoản,Mobile,6.0,4.0,0
5291,2025-11-08,60,43.0,Nữ,Cần Thơ,Facebook Ads,Thời trang,218000,2,0.033,436000,421540,122489,176562,Ví điện tử,Desktop,3.0,4.0,0
5292,2025-11-08,1580,36.0,Nữ,Cần Thơ,Organic,Thời trang,136000,4,0.125,544000,475759,78080,163439,COD,Mobile,4.0,3.0,1
5293,2025-11-08,2140,36.0,Nam,TP.HCM,Organic,Thực phẩm,149000,3,0.135,447000,386569,103254,76807,COD,Desktop,2.0,3.0,0
5294,2025-11-08,1771,41.0,Nữ,Đà Nẵng,Facebook Ads,Mỹ phẩm,190000,9,0.151,1710000,1452286,83949,696745,COD,Mobile,6.0,3.0,0
5295,2025-11-08,1781,26.0,Nữ,Hà Nội,Organic,Thời trang,115000,7,0.208,805000,637405,61936,203853,Ví điện tử,Desktop,2.0,4.0,0
5296,2025-11-09,3131,24.0,Nữ,Cần Thơ,Email,Mỹ phẩm,323000,3,0.063,969000,908380,154818,443926,Ví điện tử,Mobile,3.0,4.0,0
5297,2025-11-09,1504,34.0,Nữ,Đà Nẵng,Facebook Ads,Mỹ phẩm,148000,1,0.044,148000,141483,67874,73609,COD,Desktop,0.0,4.0,0
5298,2025-11-09,1905,41.0,Nữ,Hải Phòng,Referral,Gia dụng,289000,8,0.086,2312000,2112537,165935,785057,Thẻ tín dụng,Desktop,1.0,4.0,0
5299,2025-11-09,2742,44.0,Nữ,TP.HCM,Facebook Ads,Điện tử,257000,3,0.034,771000,744583,192842,166057,Ví điện tử,Desktop,2.0,4.0,0
5300,2025-11-09,2062,31.0,Nam,Đà Nẵng,Google Ads,Sách,78000,5,0.121,390000,342940,51028,87800,COD,Mobile,6.0,3.0,0
5301,2025-11-09,2372,24.0,Nữ,Hà Nội,Email,Thời trang,132000,1,0.206,132000,104872,73447,31425,Thẻ tín dụng,Mobile,0.0,4.0,0
5302,2025-11-09,3271,22.0,Nam,Hải Phòng,Google Ads,Thời trang,249000,5,0.226,1245000,964065,133122,298455,Ví điện tử,Mobile,1.0,4.0,0
5303,2025-11-09,2164,26.0,Nam,Cần Thơ,Organic,Gia dụng,262000,8,0.145,2096000,1792544,159871,513576,Thẻ tín dụng,Tablet,4.0,4.0,0
5304,2025-11-09,779,30.0,Nam,TP.HCM,Email,Điện tử,483000,2,0.106,966000,863299,364533,134233,COD,Mobile,3.0,4.0,0
5305,2025-11-09,1299,24.0,Nữ,Đà Nẵng,Organic,Thời trang,113000,3,0.096,339000,306407,59988,126443,COD,Mobile,4.0,4.0,0
5306,2025-11-09,847,27.0,Nam,Hà Nội,Referral,Gia dụng,316000,4,0.038,1264000,1215523,187674,464827,Ví điện tử,Mobile,0.0,4.0,1
5307,2025-11-09,933,39.0,Nữ,TP.HCM,Google Ads,Gia dụng,194000,4,0.11,776000,690765,115210,229925,Ví điện tử,Mobile,2.0,4.0,0
5308,2025-11-09,717,30.0,Nữ,Đà Nẵng,Organic,Gia dụng,192000,2,0.044,384000,367084,118275,130534,Thẻ tín dụng,Tablet,6.0,3.0,0
5309,2025-11-09,1845,25.0,Nữ,TP.HCM,Facebook Ads,Gia dụng,373000,7,0.137,2611000,2252362,225295,675297,Thẻ tín dụng,Mobile,5.0,3.0,0
5310,2025-11-09,2926,26.0,Nam,Đà Nẵng,Google Ads,Điện tử,232000,4,0.116,928000,820240,176951,112436,Ví điện tử,Mobile,3.0,4.0,0
5311,2025-11-09,2634,34.0,Nam,TP.HCM,Google Ads,Gia dụng,210000,5,0.202,1050000,837956,121247,231721,COD,Desktop,2.0,4.0,0
5312,2025-11-09,763,28.0,Nữ,Cần Thơ,Google Ads,Sách,78000,4,0.119,312000,274852,50971,70968,Ví điện tử,Desktop,2.0,4.0,0
5313,2025-11-09,3257,36.0,Nam,Đà Nẵng,Organic,Thời trang,159000,3,0.054,477000,451110,86978,190176,Thẻ tín dụng,Mobile,2.0,5.0,0
5314,2025-11-09,1541,37.0,Nam,Hải Phòng,Organic,Thực phẩm,111000,5,0.052,555000,526375,81711,117820,Chuyển khoản,Mobile,1.0,5.0,0
5315,2025-11-09,2398,25.0,Nữ,Hải Phòng,Google Ads,Thực phẩm,111000,2,0.035,222000,214318,76556,61206,Ví điện tử,Mobile,1.0,5.0,0
5316,2025-11-09,886,36.0,Nữ,Hà Nội,Facebook Ads,Gia dụng,225000,5,0.106,1125000,1006038,132315,344463,Thẻ tín dụng,Tablet,2.0,4.0,0
5317,2025-11-09,301,34.0,Nam,Hà Nội,Organic,Mỹ phẩm,134000,5,0.056,670000,632246,59322,335636,Ví điện tử,Mobile,1.0,3.0,0
5318,2025-11-09,449,34.0,Nam,Hà Nội,Email,Sách,100000,7,0.028,700000,680270,66432,215246,Ví điện tử,Mobile,3.0,4.0,0
5319,2025-11-10,2160,40.0,Nam,TP.HCM,Google Ads,Gia dụng,297000,3,0.027,891000,867107,182658,319133,Ví điện tử,Mobile,9.0,3.0,0
5320,2025-11-10,3165,19.0,Nam,Hải Phòng,Organic,Thời trang,240000,2,0.029,480000,466024,118736,228552,Chuyển khoản,Mobile,3.0,5.0,0
5321,2025-11-10,194,35.0,Nữ,Hà Nội,Referral,Thời trang,121000,4,0.09,484000,440674,62146,192090,Chuyển khoản,Tablet,5.0,3.0,1
5322,2025-11-10,1405,37.0,Nam,Hà Nội,Google Ads,Điện tử,345000,6,0.071,2070000,1923552,236162,506580,Chuyển khoản,Desktop,5.0,3.0,0
5323,2025-11-10,1088,24.0,Nam,TP.HCM,Google Ads,Thời trang,201000,3,0.033,603000,582831,105352,266775,Ví điện tử,Mobile,1.0,4.0,0
5324,2025-11-10,703,33.0,Nữ,Hải Phòng,Facebook Ads,Thời trang,279000,4,0.067,1116000,1041029,143602,466621,Thẻ tín dụng,Mobile,6.0,3.0,0
5325,2025-11-10,2816,27.0,Nam,Hà Nội,Facebook Ads,Mỹ phẩm,268000,5,0.03,1340000,1299684,114807,725649,COD,Mobile,3.0,4.0,0
5326,2025-11-10,2414,33.0,Nam,Hà Nội,Facebook Ads,Thời trang,157000,4,0.056,628000,593122,91674,226426,Thẻ tín dụng,Mobile,5.0,4.0,0
5327,2025-11-10,1547,36.0,Nữ,TP.HCM,Google Ads,Mỹ phẩm,226000,5,0.103,1130000,1014084,100645,510859,Ví điện tử,Tablet,4.0,,0
5328,2025-11-10,1733,22.0,Nữ,Hà Nội,Organic,Mỹ phẩm,150000,5,0.107,750000,669585,64007,349550,Thẻ tín dụng,Desktop,2.0,5.0,0
5329,2025-11-10,1297,31.0,Nữ,Đà Nẵng,Google Ads,Thời trang,253000,3,0.033,759000,733930,131719,338773,COD,Mobile,0.0,5.0,0
5330,2025-11-11,1935,28.0,Nam,Đà Nẵng,Facebook Ads,Gia dụng,334000,3,0.13,1002000,871296,186991,310323,Thẻ tín dụng,Mobile,8.0,,0
5331,2025-11-11,847,27.0,Nam,Hà Nội,Email,Điện tử,321000,3,0.083,963000,883345,221652,218389,Ví điện tử,Mobile,6.0,4.0,0
5332,2025-11-11,878,38.0,Nam,Đà Nẵng,Organic,Gia dụng,294000,2,0.074,588000,544777,186062,172653,Ví điện tử,Mobile,1.0,4.0,1
5333,2025-11-11,2088,36.0,Nữ,TP.HCM,Organic,Thời trang,271000,5,0.019,1355000,1328586,143029,613441,Chuyển khoản,Desktop,6.0,3.0,0
5334,2025-11-11,375,36.0,Nam,Hải Phòng,Facebook Ads,Điện tử,419000,3,0.139,1257000,1082557,282400,235357,Ví điện tử,Desktop,0.0,4.0,0
5335,2025-11-11,1253,51.0,Nam,TP.HCM,Referral,Mỹ phẩm,353000,6,0.137,2118000,1827551,163800,844751,Ví điện tử,Mobile,3.0,4.0,0
5336,2025-11-11,89,,Nữ,Cần Thơ,Referral,Gia dụng,280000,3,0.048,840000,799957,157754,326695,Thẻ tín dụng,Tablet,1.0,5.0,1
5337,2025-11-11,2040,28.0,Nữ,Đà Nẵng,Google Ads,Điện tử,579000,5,0.185,2895000,2358434,430559,205639,Ví điện tử,Mobile,3.0,4.0,0
5338,2025-11-11,26,31.0,Nam,TP.HCM,Organic,Thời trang,174000,7,0.182,1218000,996825,102321,280578,Ví điện tử,Desktop,3.0,4.0,0
5339,2025-11-11,1492,27.0,Nữ,TP.HCM,Organic,Thực phẩm,142000,5,0.023,710000,693335,96699,209840,COD,Mobile,1.0,4.0,0
5340,2025-11-11,2271,31.0,Nam,TP.HCM,Organic,Điện tử,244000,5,0.076,1220000,1126777,164098,306287,Thẻ tín dụng,Desktop,1.0,3.0,0
5341,2025-11-11,2204,37.0,Nam,Hà Nội,Organic,Thời trang,100000,1,0.22,100000,78039,55049,22990,Thẻ tín dụng,Mobile,6.0,3.0,0
5342,2025-11-11,771,30.0,Nam,Hà Nội,Organic,Gia dụng,295000,4,0.198,1180000,946125,165870,282645,Ví điện tử,Tablet,8.0,4.0,0
5343,2025-11-11,288,28.0,Nam,Cần Thơ,Facebook Ads,Điện tử,438000,4,0.323,1752000,1185885,326592,-120483,Ví điện tử,Tablet,3.0,,0
5344,2025-11-12,1976,35.0,Nam,TP.HCM,Organic,Điện tử,466000,3,0.024,1398000,1363904,319939,404087,Thẻ tín dụng,Mobile,5.0,3.0,0
5345,2025-11-12,27,21.0,Nữ,TP.HCM,Referral,Điện tử,450000,3,0.079,1350000,1242871,306028,324787,Ví điện tử,Desktop,1.0,4.0,1
5346,2025-11-12,1997,49.0,Nữ,Hà Nội,Google Ads,Mỹ phẩm,171000,3,0.103,513000,460045,82862,211459,Ví điện tử,Mobile,4.0,4.0,1
5347,2025-11-12,2645,43.0,Nam,TP.HCM,Facebook Ads,Thời trang,269000,3,0.073,807000,748393,162221,261730,COD,Tablet,3.0,4.0,0
5348,2025-11-12,413,48.0,Nữ,Hải Phòng,Referral,Gia dụng,242000,3,0.031,726000,703454,138608,287630,COD,Desktop,1.0,5.0,0
5349,2025-11-12,1561,18.0,Nam,Đà Nẵng,Organic,Thời trang,113000,7,0.195,791000,636700,61024,209532,COD,Mobile,5.0,4.0,0
5350,2025-11-12,1442,39.0,Nam,Đà Nẵng,Referral,Mỹ phẩm,266000,4,0.09,1064000,967750,123973,471858,Thẻ tín dụng,Mobile,2.0,,0
5351,2025-11-12,1580,36.0,Nữ,Hà Nội,Organic,Mỹ phẩm,230000,5,0.129,1150000,1001432,98822,507322,COD,Mobile,1.0,4.0,0
5352,2025-11-12,759,,Nữ,TP.HCM,Facebook Ads,Thực phẩm,122000,4,0.102,488000,438317,86792,91149,Thẻ tín dụng,Mobile,2.0,,0
5353,2025-11-12,1441,33.0,Nam,Hà Nội,Organic,Thời trang,113000,3,0.008,339000,336393,67257,134622,COD,Desktop,2.0,3.0,0
5354,2025-11-12,815,39.0,Nữ,TP.HCM,Facebook Ads,Gia dụng,174000,2,0.148,348000,296395,97564,101267,Ví điện tử,Mobile,1.0,5.0,0
5355,2025-11-12,2750,48.0,Nữ,Đà Nẵng,Facebook Ads,Điện tử,332000,2,0.077,664000,612690,243199,126292,COD,Mobile,1.0,3.0,0
5356,2025-11-12,1707,30.0,Nữ,Đà Nẵng,Facebook Ads,Thời trang,158000,5,0.042,790000,756843,84410,334793,Ví điện tử,Mobile,6.0,4.0,0
5357,2025-11-13,1380,31.0,Nữ,TP.HCM,Facebook Ads,Gia dụng,232000,1,0.198,232000,186175,136659,49516,Thẻ tín dụng,Mobile,2.0,4.0,0
5358,2025-11-13,1083,28.0,Nữ,Hà Nội,Google Ads,Điện tử,321000,3,0.103,963000,863815,260020,83755,Ví điện tử,Mobile,3.0,3.0,0
5359,2025-11-13,2038,44.0,Nam,Hà Nội,Facebook Ads,Thời trang,155000,5,0.106,775000,692698,79595,294723,Thẻ tín dụng,Desktop,0.0,4.0,0
5360,2025-11-13,1398,31.0,Nam,TP.HCM,Organic,Sách,80000,3,0.082,240000,220284,57045,49149,Ví điện tử,Desktop,4.0,4.0,0
5361,2025-11-13,2752,44.0,Nữ,TP.HCM,Facebook Ads,Gia dụng,178000,1,0.094,178000,161220,110383,50837,Chuyển khoản,Desktop,4.0,4.0,0
5362,2025-11-13,516,31.0,Nam,TP.HCM,Referral,Sách,103000,2,0.188,206000,167346,61920,43506,Ví điện tử,Tablet,3.0,3.0,0
5363,2025-11-13,3109,25.0,Nữ,Hà Nội,Email,Sách,106000,3,0.099,318000,286435,65476,90007,COD,Desktop,5.0,2.0,0
5364,2025-11-13,2145,18.0,Nam,Đà Nẵng,Google Ads,Mỹ phẩm,262000,2,0.103,524000,469998,115876,238246,Thẻ tín dụng,Tablet,1.0,3.0,0
5365,2025-11-13,1037,31.0,Nam,Hà Nội,Facebook Ads,Thời trang,161000,1,0.189,161000,130641,87101,43540,COD,Mobile,2.0,4.0,0
5366,2025-11-13,1279,53.0,Nam,TP.HCM,Google Ads,Mỹ phẩm,319000,6,0.157,1914000,1613374,132412,818902,Ví điện tử,Desktop,2.0,5.0,0
5367,2025-11-13,1323,25.0,Nữ,Cần Thơ,Facebook Ads,Gia dụng,282000,4,0.12,1128000,992839,179862,273391,Ví điện tử,Tablet,,5.0,0
5368,2025-11-13,1455,18.0,Nam,Hà Nội,Facebook Ads,Thời trang,187000,4,0.126,748000,653606,103173,240914,Thẻ tín dụng,Mobile,3.0,,0
5369,2025-11-14,225,30.0,Nữ,Hà Nội,Google Ads,Điện tử,316000,3,0.112,948000,842191,220896,179503,COD,Mobile,1.0,4.0,0
5370,2025-11-14,24,48.0,Nữ,Đà Nẵng,Google Ads,Thời trang,121000,4,0.151,484000,410756,62822,159468,Ví điện tử,Mobile,4.0,4.0,0
5371,2025-11-14,1154,35.0,Nam,TP.HCM,Referral,Điện tử,224000,23,0.109,5152000,4588215,164165,812420,COD,Mobile,5.0,3.0,0
5372,2025-11-14,1682,42.0,Nữ,Hà Nội,Facebook Ads,Mỹ phẩm,206000,3,0.071,618000,573822,93158,294348,Ví điện tử,Desktop,2.0,4.0,0
5373,2025-11-14,2428,24.0,Nữ,TP.HCM,Organic,Mỹ phẩm,242000,4,0.082,968000,888399,111485,442459,Chuyển khoản,Mobile,4.0,4.0,0
5374,2025-11-14,2210,33.0,Nữ,TP.HCM,Google Ads,Mỹ phẩm,262000,4,0.037,1048000,1009293,113424,555597,Thẻ tín dụng,Mobile,3.0,5.0,0
5375,2025-11-14,1476,37.0,Nữ,TP.HCM,Organic,Thời trang,135000,4,0.132,540000,468734,77021,160650,Chuyển khoản,Tablet,2.0,4.0,0
5376,2025-11-14,2578,27.0,Nữ,Hà Nội,Google Ads,Thời trang,285000,3,0.051,855000,811414,154484,347962,Ví điện tử,Mobile,3.0,4.0,0
5377,2025-11-14,2257,34.0,Nam,TP.HCM,Google Ads,Mỹ phẩm,151000,2,0.237,302000,230413,72788,84837,COD,Mobile,4.0,4.0,0
5378,2025-11-14,1039,29.0,Nữ,TP.HCM,Google Ads,Gia dụng,132000,1,0.174,132000,108983,78190,30793,Thẻ tín dụng,Mobile,6.0,3.0,0
5379,2025-11-15,114,47.0,Nam,Đà Nẵng,Facebook Ads,Điện tử,346000,3,0.033,1038000,1003621,264643,209692,COD,Mobile,2.0,3.0,0
5380,2025-11-15,1430,50.0,Nam,Đà Nẵng,Organic,Thời trang,127000,1,0.099,127000,114436,67777,46659,COD,Desktop,1.0,5.0,0
5381,2025-11-15,608,25.0,Nữ,TP.HCM,Referral,Điện tử,351000,2,0.167,702000,584599,284808,14983,Ví điện tử,Mobile,2.0,4.0,0
5382,2025-11-15,792,39.0,Nữ,Đà Nẵng,Facebook Ads,Gia dụng,309000,3,0.097,927000,837123,193825,255648,Ví điện tử,Mobile,4.0,4.0,0
5383,2025-11-15,2510,39.0,Nữ,TP.HCM,Facebook Ads,Điện tử,190000,2,0.098,380000,342586,127409,87768,Chuyển khoản,Mobile,0.0,5.0,0
5384,2025-11-15,2571,37.0,Nam,Cần Thơ,Email,Điện tử,202000,1,0.073,202000,187246,146930,40316,Thẻ tín dụng,Mobile,0.0,5.0,0
5385,2025-11-15,1135,39.0,Nữ,Đà Nẵng,Organic,Mỹ phẩm,255000,2,0.203,510000,406340,113318,179704,Ví điện tử,Mobile,4.0,4.0,0
5386,2025-11-15,2301,29.0,Nam,Cần Thơ,Facebook Ads,Thực phẩm,123000,7,0.052,861000,816520,80342,254126,Thẻ tín dụng,Mobile,,4.0,0
5387,2025-11-15,2366,21.0,Nam,Hà Nội,Facebook Ads,Thời trang,137000,6,0.088,822000,749775,77594,284211,Ví điện tử,Mobile,6.0,4.0,0
5388,2025-11-15,219,18.0,Nam,Hải Phòng,Referral,Thời trang,104000,5,0.044,520000,497357,57509,209812,Thẻ tín dụng,Mobile,1.0,4.0,0
5389,2025-11-15,1875,32.0,Nam,Cần Thơ,Facebook Ads,Gia dụng,266000,6,0.158,1596000,1344069,159842,385017,Thẻ tín dụng,Desktop,1.0,4.0,0
5390,2025-11-15,2293,21.0,Nữ,TP.HCM,Facebook Ads,Điện tử,493000,2,0.119,986000,868395,371946,124503,Thẻ tín dụng,Mobile,4.0,4.0,0
5391,2025-11-15,2321,32.0,Nam,Hải Phòng,Facebook Ads,Thời trang,201000,6,0.048,1206000,1148519,112123,475781,Ví điện tử,Desktop,2.0,5.0,0
5392,2025-11-15,3247,43.0,Nữ,Cần Thơ,Organic,Sách,104000,3,0.114,312000,276560,66768,76256,Thẻ tín dụng,Mobile,4.0,3.0,0
5393,2025-11-16,1670,36.0,Nữ,Hải Phòng,Referral,Mỹ phẩm,133000,7,0.067,931000,868190,58194,460832,Thẻ tín dụng,Mobile,4.0,4.0,0
5394,2025-11-16,2584,29.0,Nam,TP.HCM,Organic,Sách,65000,5,0.098,325000,293305,42978,78415,COD,Desktop,2.0,5.0,0
5395,2025-11-16,3298,21.0,Nữ,TP.HCM,Referral,Sách,81000,6,0.079,486000,447686,53496,126710,COD,Mobile,1.0,5.0,0
5396,2025-11-16,966,25.0,Nam,Hà Nội,Facebook Ads,Sách,84000,2,0.145,168000,143647,52072,39503,Thẻ tín dụng,Desktop,3.0,3.0,1
5397,2025-11-16,2907,32.0,Nam,Cần Thơ,Facebook Ads,Thời trang,127000,3,0.053,381000,360945,70353,149886,Thẻ tín dụng,Desktop,3.0,5.0,0
5398,2025-11-16,609,32.0,Nam,TP.HCM,Facebook Ads,Điện tử,301000,5,0.093,1505000,1364828,205382,337918,Chuyển khoản,Mobile,4.0,5.0,0
5399,2025-11-16,299,18.0,Nữ,TP.HCM,Facebook Ads,Thời trang,160000,3,0.068,480000,447421,90534,175819,Chuyển khoản,Desktop,8.0,3.0,0
5400,2025-11-16,2667,45.0,Nữ,TP.HCM,Organic,Thời trang,135000,7,0.282,945000,678710,77467,136441,COD,Mobile,4.0,3.0,0
5401,2025-11-16,1360,26.0,Nam,TP.HCM,Organic,Gia dụng,265000,3,0.148,795000,677178,158550,201528,COD,Mobile,1.0,4.0,0
5402,2025-11-16,1728,21.0,Nữ,TP.HCM,Email,Gia dụng,432000,6,0.143,2592000,2221231,272313,587353,COD,Mobile,2.0,4.0,1
5403,2025-11-16,306,30.0,Nữ,Đà Nẵng,Google Ads,Điện tử,393000,3,0.149,1179000,1003790,292519,126233,Thẻ tín dụng,Mobile,2.0,4.0,0
5404,2025-11-16,1375,23.0,Nữ,Đà Nẵng,Referral,Gia dụng,192000,5,0.082,960000,881574,118936,286894,Ví điện tử,Mobile,4.0,4.0,1
5405,2025-11-16,1457,31.0,Nam,TP.HCM,Organic,Thời trang,99000,2,0.054,198000,187226,57967,71292,Chuyển khoản,Mobile,2.0,4.0,0
5406,2025-11-16,945,19.0,Nam,Đà Nẵng,Google Ads,Mỹ phẩm,126000,6,0.051,756000,717637,61142,350785,COD,Mobile,1.0,4.0,0
5407,2025-11-16,730,27.0,Nữ,Hà Nội,Facebook Ads,Thời trang,116000,6,0.091,696000,632589,63141,253743,Thẻ tín dụng,Mobile,3.0,4.0,1
5408,2025-11-17,3139,23.0,Nữ,Cần Thơ,Facebook Ads,Gia dụng,253000,6,0.125,1518000,1328623,168380,318343,COD,Mobile,3.0,3.0,0
5409,2025-11-17,1810,42.0,Nam,Cần Thơ,Organic,Thời trang,142000,3,0.075,426000,394088,80859,151511,COD,Mobile,3.0,3.0,0
5410,2025-11-17,689,39.0,Nữ,Hà Nội,Google Ads,Thời trang,145000,3,0.101,435000,390986,78436,155678,Ví điện tử,Mobile,6.0,4.0,0
5411,2025-11-17,2106,27.0,Nam,TP.HCM,Organic,Mỹ phẩm,253000,2,0.135,506000,437938,109093,219752,COD,Mobile,4.0,4.0,0
5412,2025-11-17,655,37.0,Nữ,Đà Nẵng,Email,Thực phẩm,107000,3,0.166,321000,267682,73464,47290,COD,Mobile,4.0,4.0,0
5413,2025-11-17,2887,33.0,Nữ,Đà Nẵng,Referral,Thực phẩm,103000,9,0.051,927000,879435,73852,214767,Ví điện tử,Mobile,3.0,3.0,0
5414,2025-11-17,2669,24.0,Nam,Hải Phòng,Google Ads,Mỹ phẩm,225000,3,0.146,675000,576486,104535,262881,COD,Mobile,3.0,4.0,0
5415,2025-11-17,1307,29.0,Nữ,Hà Nội,Facebook Ads,Thời trang,93000,3,0.022,279000,272915,47981,128972,Thẻ tín dụng,Mobile,0.0,5.0,0
5416,2025-11-17,1135,39.0,Nữ,Hà Nội,Google Ads,Sách,83000,7,0.035,581000,560442,52315,194237,Thẻ tín dụng,Desktop,3.0,4.0,0
5417,2025-11-17,3168,58.0,Nữ,Đà Nẵng,Organic,Mỹ phẩm,336000,6,0.064,2016000,1887043,161185,919933,COD,Desktop,0.0,5.0,0
5418,2025-11-17,2322,24.0,Nam,Đà Nẵng,Email,Gia dụng,236000,3,0.211,708000,558322,133712,157186,Ví điện tử,Mobile,2.0,3.0,0
5419,2025-11-18,337,32.0,Nữ,Hà Nội,Google Ads,Thực phẩm,116000,5,0.054,580000,548426,79198,152436,COD,Mobile,4.0,4.0,0
5420,2025-11-18,1044,28.0,Nữ,Cần Thơ,Google Ads,Mỹ phẩm,222000,5,0.091,1110000,1009482,102399,497487,COD,Desktop,1.0,4.0,0
5421,2025-11-18,1081,34.0,Nữ,Hải Phòng,Organic,Thời trang,178000,6,0.134,1068000,925418,95564,352034,COD,Desktop,2.0,4.0,0
5422,2025-11-18,1418,31.0,Nữ,Hải Phòng,Google Ads,Thực phẩm,155000,3,0.214,465000,365308,118310,10378,COD,Mobile,6.0,4.0,0
5423,2025-11-18,3108,42.0,Nam,Hà Nội,Google Ads,Sách,102000,5,0.128,510000,444888,62099,134393,COD,Mobile,1.0,5.0,0
5424,2025-11-18,2008,23.0,Nữ,Hà Nội,Facebook Ads,Mỹ phẩm,205000,4,0.034,820000,792126,93080,419806,COD,Desktop,3.0,4.0,0
5425,2025-11-19,1083,28.0,Nữ,Cần Thơ,Organic,Thời trang,131000,4,0.087,524000,478395,68503,204383,Thẻ tín dụng,Mobile,2.0,4.0,0
5426,2025-11-19,2376,20.0,Nam,Hà Nội,Organic,Điện tử,290000,2,0.169,580000,482050,212170,57710,Ví điện tử,Desktop,2.0,4.0,1
5427,2025-11-19,92,23.0,Nữ,Hải Phòng,Email,Gia dụng,634000,6,0.1,3804000,3425234,389760,1086674,Ví điện tử,Mobile,1.0,5.0,0
5428,2025-11-19,2227,30.0,Nữ,TP.HCM,Facebook Ads,Thời trang,159000,4,0.061,636000,596978,85925,253278,COD,Mobile,1.0,3.0,0
5429,2025-11-19,2917,26.0,Nữ,Đà Nẵng,Organic,Gia dụng,329000,3,0.108,987000,880428,194275,297603,Thẻ tín dụng,Mobile,2.0,5.0,0
5430,2025-11-19,1981,38.0,Nữ,Hải Phòng,Google Ads,Thực phẩm,127000,3,0.081,381000,350005,92761,71722,Chuyển khoản,Mobile,2.0,5.0,0
5431,2025-11-19,2433,18.0,Nam,Hà Nội,Organic,Mỹ phẩm,165000,2,0.093,330000,299472,76656,146160,Thẻ tín dụng,Desktop,3.0,4.0,1
5432,2025-11-19,208,45.0,Nữ,TP.HCM,Google Ads,Thực phẩm,103000,1,0.114,103000,91250,71970,19280,Thẻ tín dụng,Desktop,8.0,3.0,0
5433,2025-11-19,74,50.0,Nam,Cần Thơ,Google Ads,Thời trang,182000,3,0.063,546000,511369,101749,206122,COD,Tablet,1.0,5.0,1
5434,2025-11-19,1077,43.0,Nữ,TP.HCM,Google Ads,Gia dụng,299000,2,0.079,598000,550634,165651,219332,Ví điện tử,Mobile,2.0,3.0,0
5435,2025-11-19,2632,46.0,Nữ,Hà Nội,Google Ads,Gia dụng,280000,4,0.106,1120000,1000963,182927,269255,Ví điện tử,Mobile,1.0,4.0,0
5436,2025-11-19,1303,27.0,Nữ,Hà Nội,Google Ads,Điện tử,280000,5,0.274,1400000,1016555,200546,13825,Ví điện tử,Desktop,3.0,5.0,0
5437,2025-11-20,360,33.0,Nam,TP.HCM,Google Ads,Mỹ phẩm,238000,2,0.018,476000,467198,114755,237688,Ví điện tử,Mobile,5.0,4.0,0
5438,2025-11-20,3204,,Nữ,Hà Nội,Facebook Ads,Thực phẩm,134000,3,0.08,402000,369719,89927,99938,Chuyển khoản,Mobile,1.0,4.0,0
5439,2025-11-20,665,38.0,Nam,Đà Nẵng,Organic,Điện tử,439000,6,0.02,2634000,2581315,323660,639355,Ví điện tử,Mobile,2.0,4.0,0
5440,2025-11-20,3090,30.0,Nữ,TP.HCM,Facebook Ads,Thời trang,190000,3,0.115,570000,504621,108017,180570,COD,Mobile,2.0,5.0,0
5441,2025-11-20,877,41.0,Nữ,Hà Nội,Organic,Mỹ phẩm,259000,4,0.126,1036000,904981,106812,477733,Thẻ tín dụng,Desktop,2.0,5.0,0
5442,2025-11-20,755,41.0,Nữ,TP.HCM,Facebook Ads,Điện tử,230000,4,0.074,920000,852233,152608,241801,Chuyển khoản,Desktop,3.0,3.0,0
5443,2025-11-20,1217,18.0,Nữ,Hà Nội,Organic,Thực phẩm,102000,1,0.106,102000,91147,70014,21133,COD,Tablet,7.0,3.0,0
5444,2025-11-20,2419,41.0,Nam,Hải Phòng,Email,Thời trang,176000,2,0.126,352000,307782,107501,92780,COD,Tablet,3.0,4.0,0
5445,2025-11-20,2413,22.0,Nam,Hà Nội,Facebook Ads,Thực phẩm,127000,6,0.075,762000,704945,92278,151277,Ví điện tử,Desktop,2.0,3.0,0
5446,2025-11-21,2715,32.0,Nữ,TP.HCM,Organic,Điện tử,295000,3,0.002,885000,883335,235685,176280,COD,Desktop,3.0,4.0,0
5447,2025-11-21,81,45.0,Nam,TP.HCM,Facebook Ads,Sách,106000,4,0.064,424000,396720,71471,110836,Thẻ tín dụng,Desktop,14.0,1.0,0
5448,2025-11-21,2876,33.0,Nữ,Cần Thơ,Organic,Thời trang,144000,3,0.142,432000,370787,76973,139868,Chuyển khoản,Mobile,2.0,4.0,0
5449,2025-11-21,26,31.0,Nam,TP.HCM,Organic,Mỹ phẩm,156000,5,0.056,780000,736491,76741,352786,Thẻ tín dụng,Tablet,2.0,4.0,0
5450,2025-11-21,2911,47.0,Nam,Hà Nội,Google Ads,Sách,89000,7,0.086,623000,569566,51139,211593,Chuyển khoản,Mobile,3.0,3.0,0
5451,2025-11-21,2285,,Nữ,Hà Nội,Referral,Sách,95000,3,0.07,285000,265036,61323,81067,Thẻ tín dụng,Mobile,0.0,4.0,0
5452,2025-11-21,8,36.0,Nam,Hải Phòng,Referral,Thời trang,140000,3,0.121,420000,369204,77827,135723,Ví điện tử,Tablet,2.0,4.0,0
5453,2025-11-21,1532,,Nữ,Hà Nội,Referral,Điện tử,375000,4,0.043,1500000,1436083,297619,245607,COD,Mobile,2.0,5.0,0
5454,2025-11-21,558,29.0,Nữ,Đà Nẵng,Referral,Điện tử,153000,3,0.045,459000,438494,118984,81542,Thẻ tín dụng,Desktop,7.0,3.0,0
5455,2025-11-22,2536,29.0,Nữ,Hà Nội,Organic,Thời trang,152000,2,0.094,304000,275361,79522,116317,COD,Desktop,2.0,5.0,0
5456,2025-11-22,1711,30.0,Nữ,Cần Thơ,Facebook Ads,Thời trang,136000,2,0.074,272000,251949,81833,88283,COD,Mobile,1.0,5.0,0
5457,2025-11-22,3100,29.0,Nữ,TP.HCM,Facebook Ads,Thực phẩm,159000,2,0.104,318000,285075,106051,72973,COD,Mobile,3.0,,0
5458,2025-11-22,1744,33.0,Nữ,Hà Nội,Google Ads,Điện tử,302000,2,0.076,604000,557939,218339,121261,Ví điện tử,Desktop,,3.0,0
5459,2025-11-22,294,28.0,Nam,TP.HCM,Referral,Thời trang,130000,5,0.04,650000,623843,75732,245183,Chuyển khoản,Mobile,6.0,4.0,0
5460,2025-11-22,2365,33.0,Nam,Hà Nội,Facebook Ads,Điện tử,521000,3,0.133,1563000,1355006,359070,277796,COD,Desktop,2.0,4.0,0
5461,2025-11-22,694,28.0,Nữ,TP.HCM,Google Ads,Sách,106000,5,0.209,530000,419267,69943,69552,Thẻ tín dụng,Mobile,4.0,4.0,1
5462,2025-11-22,1013,18.0,Nam,Hà Nội,Facebook Ads,Thực phẩm,126000,7,0.027,882000,858508,83704,272580,COD,Desktop,1.0,5.0,0
5463,2025-11-22,1386,30.0,Nam,TP.HCM,Organic,Gia dụng,194000,5,0.042,970000,929615,102322,418005,Thẻ tín dụng,Desktop,1.0,,0
5464,2025-11-22,3143,27.0,Nữ,Hà Nội,Google Ads,Sách,83000,4,0.069,332000,309226,53058,96994,Ví điện tử,Mobile,1.0,5.0,0
5465,2025-11-22,1055,39.0,Nam,Hà Nội,Facebook Ads,Điện tử,327000,9,0.118,2943000,2596269,235781,474240,Chuyển khoản,Mobile,3.0,5.0,0
5466,2025-11-22,304,27.0,Nữ,Hải Phòng,Organic,Thời trang,149000,5,0.12,745000,655931,83965,236106,Thẻ tín dụng,Mobile,3.0,4.0,0
5467,2025-11-22,2760,45.0,Nữ,Hà Nội,Google Ads,Thực phẩm,89000,3,0.177,267000,219636,60827,37155,Thẻ tín dụng,Desktop,0.0,5.0,0
5468,2025-11-22,888,20.0,Nữ,TP.HCM,Google Ads,Mỹ phẩm,249000,7,0.122,1743000,1530373,117990,704443,COD,Desktop,0.0,5.0,0
5469,2025-11-22,3192,21.0,Nam,TP.HCM,Organic,Gia dụng,181000,5,0.093,905000,820389,99495,322914,Chuyển khoản,Mobile,3.0,4.0,0
5470,2025-11-22,2415,35.0,Nữ,TP.HCM,Facebook Ads,Gia dụng,210000,2,0.11,420000,373975,117587,138801,Ví điện tử,Mobile,1.0,5.0,0
5471,2025-11-22,1268,25.0,Nam,Đà Nẵng,Google Ads,Điện tử,240000,3,0.148,720000,613692,157195,142107,COD,Desktop,,3.0,0
5472,2025-11-23,2586,26.0,Nam,Đà Nẵng,Facebook Ads,Thực phẩm,119000,2,0.076,238000,219958,88406,43146,Ví điện tử,Mobile,4.0,3.0,0
5473,2025-11-23,1506,29.0,Nữ,Hà Nội,Organic,Gia dụng,169000,2,0.009,338000,334792,100128,134536,Ví điện tử,Mobile,,5.0,0
5474,2025-11-23,2785,34.0,Nữ,Hà Nội,Google Ads,Gia dụng,303000,3,0.111,909000,807664,198416,212416,Ví điện tử,Mobile,1.0,5.0,0
5475,2025-11-23,1663,30.0,Nam,TP.HCM,Facebook Ads,Thực phẩm,127000,1,0.099,127000,114415,82985,31430,Ví điện tử,Mobile,1.0,4.0,0
5476,2025-11-23,531,18.0,Nữ,Hà Nội,Facebook Ads,Thời trang,123000,6,0.134,738000,638851,63760,256291,COD,Tablet,2.0,3.0,0
5477,2025-11-23,2792,18.0,Nam,Cần Thơ,Organic,Thực phẩm,111000,4,0.159,444000,373573,73017,81505,COD,Desktop,1.0,5.0,0
5478,2025-11-23,734,30.0,Nữ,Hải Phòng,Google Ads,Sách,107000,5,0.032,535000,517920,72632,154760,Ví điện tử,Mobile,1.0,5.0,0
5479,2025-11-23,1124,36.0,Nữ,TP.HCM,Facebook Ads,Gia dụng,325000,2,0.133,650000,563743,175048,213647,COD,Mobile,2.0,4.0,0
5480,2025-11-23,43,45.0,Nữ,Đà Nẵng,Organic,Thời trang,103000,5,0.053,515000,487522,54714,213952,Ví điện tử,Mobile,0.0,5.0,0
5481,2025-11-23,1930,39.0,Nữ,TP.HCM,Organic,Thời trang,178000,6,0.129,1068000,930058,104357,303916,Thẻ tín dụng,Mobile,4.0,5.0,0
5482,2025-11-23,925,40.0,Nam,Hà Nội,Organic,Thời trang,152000,2,0.055,304000,287241,83059,121123,Ví điện tử,Mobile,4.0,4.0,0
5483,2025-11-23,2247,21.0,Nam,Đà Nẵng,Referral,Mỹ phẩm,323000,9,0.107,2907000,2597284,147258,1271962,Chuyển khoản,Mobile,0.0,5.0,0
5484,2025-11-23,2383,39.0,Nữ,TP.HCM,Facebook Ads,Thực phẩm,136000,6,0.112,816000,724553,94748,156065,Ví điện tử,Mobile,3.0,5.0,0
5485,2025-11-23,3072,33.0,Nam,Hà Nội,Organic,Thời trang,111000,4,0.116,444000,392530,54265,175470,Ví điện tử,Desktop,1.0,4.0,0
5486,2025-11-24,692,32.0,Nữ,Hải Phòng,Facebook Ads,Gia dụng,259000,5,0.088,1295000,1181087,145639,452892,Ví điện tử,Mobile,2.0,3.0,1
5487,2025-11-24,29,19.0,Nam,Đà Nẵng,Facebook Ads,Điện tử,306000,2,0.168,612000,509097,218869,71359,COD,Desktop,4.0,4.0,0
5488,2025-11-24,234,42.0,Nam,TP.HCM,Facebook Ads,Gia dụng,241000,4,0.062,964000,904376,149283,307244,Thẻ tín dụng,Mobile,4.0,3.0,0
5489,2025-11-24,1609,39.0,Nam,Hà Nội,Facebook Ads,Điện tử,322000,2,0.049,644000,612430,221216,169998,Thẻ tín dụng,Tablet,4.0,,0
5490,2025-11-24,378,42.0,Nữ,Hải Phòng,Organic,Mỹ phẩm,180000,5,0.051,900000,853935,80782,450025,Chuyển khoản,Desktop,10.0,2.0,0
5491,2025-11-24,1642,41.0,Nữ,TP.HCM,Organic,Thời trang,126000,2,0.049,252000,239578,70744,98090,Ví điện tử,Mobile,2.0,4.0,0
5492,2025-11-24,1585,,Nam,Hà Nội,Referral,Thời trang,161000,4,0.175,644000,531290,89313,174038,COD,Tablet,1.0,4.0,0
5493,2025-11-24,562,29.0,Nữ,TP.HCM,Organic,Điện tử,156000,2,0.044,312000,298208,111846,74516,Ví điện tử,Mobile,2.0,4.0,0
5494,2025-11-24,2998,37.0,Nữ,Cần Thơ,Facebook Ads,Thực phẩm,127000,6,0.022,762000,745044,91660,195084,Chuyển khoản,Tablet,3.0,4.0,0
5495,2025-11-24,1558,48.0,Nữ,Cần Thơ,Google Ads,Điện tử,169000,3,0.198,507000,406782,119078,49548,COD,Desktop,1.0,4.0,0
5496,2025-11-24,2339,25.0,Nữ,Đà Nẵng,Referral,Gia dụng,464000,2,0.188,928000,753365,273723,205919,Ví điện tử,Tablet,6.0,4.0,0
5497,2025-11-24,262,24.0,Nữ,Hà Nội,Google Ads,Gia dụng,190000,2,0.246,380000,286359,114757,56845,Chuyển khoản,Mobile,2.0,3.0,0
5498,2025-11-24,264,36.0,Nữ,TP.HCM,Facebook Ads,Thời trang,131000,3,0.207,393000,311620,74490,88150,Thẻ tín dụng,Desktop,1.0,4.0,0
5499,2025-11-24,2945,54.0,Nam,Đà Nẵng,Referral,Gia dụng,334000,4,0.095,1336000,1209527,188276,456423,Ví điện tử,Desktop,3.0,,0
5500,2025-11-25,2382,35.0,Nữ,Hải Phòng,Email,Mỹ phẩm,189000,4,0.08,756000,695709,80856,372285,Thẻ tín dụng,Mobile,4.0,5.0,0
5501,2025-11-25,2537,27.0,Nam,Đà Nẵng,Google Ads,Gia dụng,255000,4,0.082,1020000,936844,149216,339980,Ví điện tử,Mobile,2.0,4.0,0
5502,2025-11-25,2695,20.0,Nữ,Hà Nội,Facebook Ads,Sách,124000,4,0.014,496000,489226,82613,158774,Ví điện tử,Mobile,1.0,4.0,0
5503,2025-11-25,554,28.0,Nam,Hải Phòng,Organic,Mỹ phẩm,140000,1,0.108,140000,124923,63062,61861,Ví điện tử,Mobile,4.0,4.0,0
5504,2025-11-25,2820,20.0,Nam,Hà Nội,Facebook Ads,Gia dụng,160000,5,0.013,800000,789914,90630,336764,COD,Desktop,5.0,3.0,0
5505,2025-11-25,377,29.0,Nữ,TP.HCM,Organic,Điện tử,383000,1,0.067,383000,357165,275859,81306,Ví điện tử,Mobile,5.0,5.0,0
5506,2025-11-25,1519,36.0,Nữ,Đà Nẵng,Google Ads,Điện tử,524000,4,0.146,2096000,1790259,322369,500783,COD,Mobile,1.0,4.0,0
5507,2025-11-25,633,39.0,Nam,Hải Phòng,Referral,Điện tử,271000,9,0.025,2439000,2377732,180476,753448,COD,Mobile,4.0,5.0,0
5508,2025-11-25,3239,27.0,Nữ,Hà Nội,Facebook Ads,Điện tử,225000,4,0.194,900000,725832,151132,121304,Thẻ tín dụng,Mobile,5.0,4.0,0
5509,2025-11-25,891,31.0,Nữ,TP.HCM,Organic,Điện tử,359000,5,0.233,1795000,1377494,263218,61404,COD,Desktop,1.0,5.0,0
5510,2025-11-25,503,18.0,Nữ,Đà Nẵng,Facebook Ads,Mỹ phẩm,159000,2,0.151,318000,270009,74423,121163,Thẻ tín dụng,Mobile,4.0,3.0,0
5511,2025-11-25,1089,46.0,Nữ,Hà Nội,Organic,Thời trang,157000,2,0.158,314000,264409,80489,103431,Thẻ tín dụng,Mobile,2.0,5.0,0
5512,2025-11-25,634,21.0,Nữ,TP.HCM,Email,Mỹ phẩm,307000,3,0.071,921000,855666,136159,447189,Thẻ tín dụng,Mobile,4.0,4.0,0
5513,2025-11-25,377,29.0,Nữ,Đà Nẵng,Organic,Thời trang,199000,3,0.031,597000,578547,109964,248655,Chuyển khoản,Desktop,5.0,3.0,0
5514,2025-11-25,337,32.0,Nữ,TP.HCM,Google Ads,Điện tử,212000,3,0.085,636000,581740,136975,170815,COD,Desktop,1.0,4.0,0
5515,2025-11-25,1822,44.0,Nam,Hà Nội,Facebook Ads,Điện tử,380000,1,0.058,380000,357891,288750,69141,Thẻ tín dụng,Desktop,3.0,3.0,0
5516,2025-11-25,1008,37.0,Nam,TP.HCM,Organic,Sách,86000,4,0.046,344000,328345,51853,120933,Thẻ tín dụng,Mobile,1.0,4.0,0
5517,2025-11-25,1235,27.0,Nam,TP.HCM,Referral,Sách,104000,3,0.254,312000,232894,66052,34738,Chuyển khoản,Mobile,3.0,3.0,0
5518,2025-11-25,2092,38.0,Nữ,Đà Nẵng,Email,Gia dụng,230000,2,0.096,460000,415995,128515,158965,COD,Mobile,3.0,4.0,0
5519,2025-11-26,1206,31.0,Nam,Hà Nội,Facebook Ads,Điện tử,335000,3,0.031,1005000,973685,234005,271670,Ví điện tử,Desktop,2.0,,0
5520,2025-11-26,348,23.0,Nam,Hải Phòng,Facebook Ads,Điện tử,420000,3,0.061,1260000,1182868,315531,236275,Ví điện tử,Desktop,1.0,4.0,1
5521,2025-11-26,451,38.0,Nữ,Hải Phòng,Google Ads,Điện tử,303000,1,0.172,303000,250954,206221,44733,Chuyển khoản,Mobile,2.0,4.0,0
5522,2025-11-26,841,47.0,Nữ,TP.HCM,Facebook Ads,Điện tử,182000,2,0.12,364000,320496,132915,54666,COD,Mobile,1.0,5.0,0
5523,2025-11-26,1524,23.0,Nữ,Hà Nội,Facebook Ads,Mỹ phẩm,340000,6,0.147,2040000,1740438,157353,796320,Ví điện tử,Mobile,5.0,4.0,0
5524,2025-11-26,1670,36.0,Nữ,Đà Nẵng,Organic,Gia dụng,524000,3,0.136,1572000,1357832,299982,457886,Ví điện tử,Mobile,2.0,4.0,0
5525,2025-11-26,1861,39.0,Nữ,Hải Phòng,Google Ads,Điện tử,280000,1,0.083,280000,256738,213463,43275,Ví điện tử,Desktop,1.0,3.0,0
5526,2025-11-26,965,47.0,Nữ,TP.HCM,Google Ads,Thời trang,111000,4,0.109,444000,395461,70236,114517,COD,Mobile,1.0,5.0,0
5527,2025-11-26,2827,35.0,Nam,Cần Thơ,Google Ads,Điện tử,205000,1,0.053,205000,194103,136950,57153,COD,Desktop,2.0,4.0,0
5528,2025-11-26,2568,21.0,Nữ,Hà Nội,Organic,Điện tử,175000,7,0.027,1225000,1191653,124249,321910,Thẻ tín dụng,Mobile,3.0,4.0,1
5529,2025-11-26,400,27.0,Nam,Hà Nội,Organic,Mỹ phẩm,89000,2,0.036,178000,171598,37196,97206,Thẻ tín dụng,Mobile,1.0,4.0,0
5530,2025-11-26,1145,,Nữ,Cần Thơ,Google Ads,Gia dụng,185000,6,0.149,1110000,944564,103588,323036,Thẻ tín dụng,Tablet,6.0,3.0,0
5531,2025-11-27,2961,33.0,Nữ,TP.HCM,Organic,Điện tử,281000,4,0.02,1124000,1101596,221852,214188,Thẻ tín dụng,Tablet,1.0,4.0,0
5532,2025-11-27,2320,40.0,Nữ,Hải Phòng,Email,Thời trang,93000,5,0.124,465000,407489,53820,138389,COD,Mobile,3.0,4.0,0
5533,2025-11-27,547,24.0,Nam,TP.HCM,Facebook Ads,Điện tử,142000,5,0.124,710000,622290,111945,62565,Thẻ tín dụng,Mobile,1.0,5.0,0
5534,2025-11-27,1068,25.0,Nữ,Cần Thơ,Google Ads,Thực phẩm,120000,5,0.089,600000,546718,85988,116778,Thẻ tín dụng,Tablet,4.0,4.0,0
5535,2025-11-27,2317,31.0,Nữ,Cần Thơ,Organic,Điện tử,287000,5,0.204,1435000,1141942,216632,58782,COD,Mobile,1.0,4.0,0
5536,2025-11-27,1027,32.0,Nữ,Hà Nội,Organic,Điện tử,194000,5,0.018,970000,952647,154953,177882,Ví điện tử,Mobile,1.0,4.0,0
5537,2025-11-27,1749,26.0,Nam,Cần Thơ,Referral,Thời trang,129000,1,0.126,129000,112735,73349,39386,Ví điện tử,Desktop,0.0,5.0,0
5538,2025-11-27,1090,51.0,Nữ,Cần Thơ,Organic,Thời trang,150000,1,0.056,150000,141552,77261,64291,Thẻ tín dụng,Mobile,2.0,4.0,0
5539,2025-11-27,1818,36.0,Nữ,Hải Phòng,Organic,Điện tử,335000,5,0.158,1675000,1409597,247804,170577,Ví điện tử,Desktop,7.0,3.0,0
5540,2025-11-27,2803,24.0,Nam,Hà Nội,Referral,Gia dụng,482000,4,0.122,1928000,1693411,299362,495963,Thẻ tín dụng,Mobile,1.0,4.0,0
5541,2025-11-27,1259,37.0,Nam,Hà Nội,Google Ads,Mỹ phẩm,129000,7,0.104,903000,809014,60584,384926,Thẻ tín dụng,Desktop,1.0,4.0,0
5542,2025-11-27,1176,37.0,Nữ,Hà Nội,Organic,Gia dụng,153000,4,0.083,612000,561089,96039,176933,COD,Mobile,,5.0,0
5543,2025-11-28,3294,28.0,Nữ,TP.HCM,Email,Sách,96000,3,0.089,288000,262351,67492,59875,Chuyển khoản,Mobile,2.0,4.0,1
5544,2025-11-28,3049,29.0,Nữ,Cần Thơ,Facebook Ads,Điện tử,904000,2,0.178,1808000,1485694,670407,144880,COD,Mobile,0.0,5.0,0
5545,2025-11-28,1760,23.0,Nam,Cần Thơ,Facebook Ads,Thời trang,136000,3,0.04,408000,391827,77251,160074,Thẻ tín dụng,Mobile,4.0,4.0,0
5546,2025-11-28,359,34.0,Nữ,Hải Phòng,Facebook Ads,Thời trang,176000,4,0.054,704000,666100,95257,285072,Ví điện tử,Desktop,4.0,4.0,0
5547,2025-11-28,3012,26.0,Nữ,Hà Nội,Google Ads,Gia dụng,209000,3,0.073,627000,581014,134611,177181,Ví điện tử,Desktop,4.0,4.0,0
5548,2025-11-28,2421,38.0,Nữ,Hà Nội,Organic,Thời trang,234000,5,0.233,1170000,897385,138453,205120,Thẻ tín dụng,Mobile,2.0,3.0,1
5549,2025-11-28,3238,21.0,Nữ,Hà Nội,Google Ads,Thời trang,168000,4,0.083,672000,616022,87214,267166,Ví điện tử,Mobile,2.0,4.0,0
5550,2025-11-28,608,25.0,Nữ,TP.HCM,Google Ads,Thời trang,113000,2,0.192,226000,182542,61897,58748,Chuyển khoản,Tablet,4.0,5.0,0
5551,2025-11-28,419,28.0,Nữ,TP.HCM,Referral,Điện tử,223000,3,0.145,669000,572083,176263,43294,Thẻ tín dụng,Mobile,1.0,4.0,0
5552,2025-11-28,857,41.0,Nữ,TP.HCM,Google Ads,Điện tử,297000,2,0.169,594000,493726,221613,50500,COD,Desktop,5.0,3.0,1
5553,2025-11-28,2326,37.0,Nữ,TP.HCM,Organic,Mỹ phẩm,233000,4,0.011,932000,921958,105639,499402,COD,Desktop,4.0,4.0,0
5554,2025-11-28,275,40.0,Nữ,TP.HCM,Organic,Mỹ phẩm,198000,4,0.115,792000,701078,91598,334686,Ví điện tử,Mobile,8.0,2.0,0
5555,2025-11-28,236,37.0,Nam,Hải Phòng,Facebook Ads,Gia dụng,314000,5,0.154,1570000,1329003,189835,379828,Chuyển khoản,Mobile,1.0,5.0,0
5556,2025-11-29,1244,25.0,Nam,TP.HCM,Organic,Thời trang,206000,3,0.081,618000,567853,114101,225550,Thẻ tín dụng,Mobile,8.0,4.0,0
5557,2025-11-29,613,38.0,Nữ,TP.HCM,Referral,Mỹ phẩm,177000,5,0.055,885000,835953,79741,437248,COD,Mobile,4.0,4.0,0
5558,2025-11-29,39,38.0,Nam,Hải Phòng,Facebook Ads,Điện tử,655000,4,0.153,2620000,2220208,477147,311620,Thẻ tín dụng,Desktop,1.0,,0
5559,2025-11-29,870,32.0,Nữ,TP.HCM,Google Ads,Thời trang,275000,5,0.035,1375000,1326712,149233,580547,COD,Mobile,3.0,5.0,0
5560,2025-11-29,34,39.0,Nam,Đà Nẵng,Google Ads,Thời trang,109000,2,0.129,218000,189822,55879,78064,Thẻ tín dụng,Mobile,5.0,3.0,0
5561,2025-11-29,835,40.0,Nam,TP.HCM,Facebook Ads,Gia dụng,491000,5,0.111,2455000,2182015,312597,619030,COD,Mobile,1.0,5.0,0
5562,2025-11-29,698,35.0,Nam,Hải Phòng,Facebook Ads,Điện tử,170000,5,0.115,850000,751949,124708,128409,Ví điện tử,Mobile,4.0,4.0,0
5563,2025-11-29,196,26.0,Nữ,Hải Phòng,Organic,Điện tử,279000,2,0.121,558000,490459,214702,61055,Chuyển khoản,Mobile,9.0,3.0,0
5564,2025-11-29,2872,28.0,Nữ,TP.HCM,Organic,Thời trang,148000,3,0.023,444000,433670,78540,198050,Ví điện tử,Desktop,0.0,4.0,0
5565,2025-11-29,2773,21.0,Nam,Hải Phòng,Organic,Gia dụng,332000,4,0.048,1328000,1264334,200407,462706,Ví điện tử,Desktop,4.0,3.0,0
5566,2025-11-29,2902,42.0,Nữ,Cần Thơ,Organic,Thời trang,97000,3,0.016,291000,286336,50820,133876,COD,Mobile,1.0,4.0,0
5567,2025-11-29,862,39.0,Nữ,Hà Nội,Facebook Ads,Điện tử,128000,4,0.232,512000,393416,89912,33768,Ví điện tử,Mobile,4.0,4.0,0
5568,2025-11-29,408,51.0,Nam,Hà Nội,Facebook Ads,Thời trang,137000,3,0.132,411000,356909,74628,133025,Thẻ tín dụng,Mobile,4.0,4.0,0
5569,2025-11-29,635,50.0,Nữ,TP.HCM,Email,Mỹ phẩm,172000,5,0.069,860000,800901,82011,390846,Ví điện tử,Mobile,5.0,4.0,0
5570,2025-11-29,821,38.0,Nam,Đà Nẵng,Referral,Điện tử,135000,5,0.023,675000,659568,96035,179393,Ví điện tử,Mobile,5.0,3.0,0
5571,2025-11-29,698,35.0,Nam,TP.HCM,Organic,Thời trang,176000,3,0.012,528000,521650,92956,242782,Thẻ tín dụng,Mobile,2.0,4.0,0
5572,2025-11-29,1310,24.0,Nữ,Đà Nẵng,Facebook Ads,Thực phẩm,130000,2,0.099,260000,234314,92622,49070,COD,Mobile,4.0,4.0,0
5573,2025-11-29,1853,33.0,Nam,Hải Phòng,Organic,Sách,109000,6,0.077,654000,603737,74846,154661,Ví điện tử,Mobile,4.0,3.0,0
5574,2025-11-30,1758,23.0,Nam,Hà Nội,Organic,Mỹ phẩm,266000,6,0.202,1596000,1272821,120911,547355,Thẻ tín dụng,Mobile,2.0,4.0,0
5575,2025-11-30,2740,35.0,Nữ,Hà Nội,Google Ads,Thời trang,146000,4,0.123,584000,511934,72493,221962,Chuyển khoản,Desktop,2.0,4.0,1
5576,2025-11-30,2219,35.0,Nữ,Hà Nội,Organic,Gia dụng,266000,3,0.086,798000,729029,159946,249191,COD,Mobile,1.0,5.0,0
5577,2025-11-30,912,37.0,Nữ,Hải Phòng,Facebook Ads,Điện tử,183000,5,0.152,915000,776182,129095,130707,COD,Desktop,1.0,,0
5578,2025-11-30,618,46.0,Nữ,Đà Nẵng,Organic,Mỹ phẩm,170000,2,0.05,340000,323009,76760,169489,COD,Tablet,1.0,5.0,0
5579,2025-11-30,1415,25.0,Nữ,TP.HCM,Google Ads,Thực phẩm,132000,8,0.109,1056000,940381,96245,170421,COD,Mobile,1.0,4.0,0
5580,2025-11-30,464,24.0,Nữ,TP.HCM,Google Ads,Thực phẩm,116000,2,0.249,232000,174201,88091,-1981,COD,Mobile,4.0,,0
5581,2025-11-30,374,47.0,Nữ,Cần Thơ,Organic,Gia dụng,228000,4,0.075,912000,843520,146632,256992,Thẻ tín dụng,Mobile,7.0,3.0,1
5582,2025-11-30,2433,18.0,Nam,TP.HCM,Email,Điện tử,304000,5,0.086,1520000,1389799,210810,335749,Ví điện tử,Mobile,8.0,,1
5583,2025-11-30,3093,51.0,Nam,Hà Nội,Email,Gia dụng,364000,2,0.078,728000,671133,223219,224695,COD,Mobile,2.0,4.0,0
5584,2025-11-30,341,25.0,Nữ,Cần Thơ,Facebook Ads,Mỹ phẩm,173000,4,0.09,692000,630009,77142,321441,COD,Mobile,5.0,4.0,0
5585,2025-11-30,2210,33.0,Nữ,TP.HCM,Referral,Gia dụng,185000,4,0.127,740000,645946,109926,206242,Ví điện tử,Desktop,3.0,4.0,0
5586,2025-11-30,1441,33.0,Nam,TP.HCM,Facebook Ads,Mỹ phẩm,173000,4,0.115,692000,612126,77105,303706,Ví điện tử,Mobile,0.0,4.0,1
5587,2025-11-30,666,28.0,Nam,Hà Nội,Organic,Thời trang,147000,39,0.171,5733000,4753731,77424,1734195,COD,Tablet,1.0,4.0,0
5588,2025-11-30,1646,25.0,Nữ,Hà Nội,Facebook Ads,Sách,107000,2,0.093,214000,194180,65561,63058,COD,Mobile,6.0,3.0,0
5589,2025-11-30,1274,24.0,Nữ,TP.HCM,Referral,Gia dụng,259000,2,0.092,518000,470339,152234,165871,Ví điện tử,Mobile,0.0,5.0,0
5590,2025-11-30,117,18.0,Nữ,TP.HCM,Referral,Mỹ phẩm,399000,5,0.089,1995000,1816874,173088,951434,Chuyển khoản,Desktop,4.0,4.0,0
5591,2025-11-30,1961,18.0,Nam,TP.HCM,Facebook Ads,Mỹ phẩm,173000,4,0.09,692000,629396,76183,324664,Ví điện tử,Mobile,4.0,3.0,0
5592,2025-11-30,2993,34.0,Nam,Hà Nội,Facebook Ads,Mỹ phẩm,147000,3,0.065,441000,412378,61495,227893,Ví điện tử,Tablet,2.0,4.0,0
5593,2025-12-01,693,33.0,Nữ,TP.HCM,Google Ads,Gia dụng,462000,5,0.065,2310000,2159778,291151,704023,COD,Desktop,5.0,3.0,0
5594,2025-12-01,3234,36.0,Nữ,TP.HCM,Facebook Ads,Thời trang,165000,3,0.214,495000,388993,85722,131827,Chuyển khoản,Desktop,3.0,3.0,0
5595,2025-12-01,873,27.0,Nữ,Hà Nội,Facebook Ads,Thời trang,170000,2,0.141,340000,292206,94430,103346,COD,Tablet,2.0,5.0,0
5596,2025-12-01,2616,,Nam,TP.HCM,Organic,Điện tử,306000,2,0.201,612000,489253,239825,9603,COD,Mobile,2.0,4.0,0
5597,2025-12-01,3261,33.0,Nữ,TP.HCM,Google Ads,Thời trang,205000,4,0.06,820000,770780,104955,350960,COD,Mobile,2.0,3.0,0
5598,2025-12-01,962,39.0,Nữ,Cần Thơ,Organic,Điện tử,144000,1,0.133,144000,124856,106780,18076,Thẻ tín dụng,Tablet,1.0,4.0,0
5599,2025-12-01,980,42.0,Nữ,Hà Nội,Facebook Ads,Mỹ phẩm,196000,2,0.047,392000,373553,87070,199413,Ví điện tử,Mobile,7.0,3.0,0
5600,2025-12-01,2375,30.0,Nam,TP.HCM,Facebook Ads,Gia dụng,196000,3,0.155,588000,496709,124738,122495,Thẻ tín dụng,Mobile,2.0,,0
5601,2025-12-01,1002,18.0,Nữ,Hải Phòng,Google Ads,Điện tử,379000,3,0.025,1137000,1108832,276475,279407,COD,Mobile,6.0,3.0,0
5602,2025-12-01,3140,38.0,Nam,Hải Phòng,Organic,Điện tử,272000,3,0.183,816000,666317,202517,58766,COD,Desktop,4.0,4.0,0
5603,2025-12-01,1114,31.0,Nữ,Hà Nội,Referral,Mỹ phẩm,297000,2,0.194,594000,479012,126628,225756,Ví điện tử,Desktop,5.0,4.0,0
5604,2025-12-01,667,37.0,Nam,Đà Nẵng,Referral,Điện tử,433000,3,0.059,1299000,1222374,291633,347475,Thẻ tín dụng,Mobile,6.0,3.0,0
5605,2025-12-01,1360,26.0,Nam,Đà Nẵng,Facebook Ads,Gia dụng,190000,4,0.007,760000,754722,99694,355946,COD,Mobile,2.0,4.0,0
5606,2025-12-01,3115,37.0,Nữ,TP.HCM,Google Ads,Thời trang,101000,5,0.08,505000,464628,54997,189643,Thẻ tín dụng,Mobile,2.0,4.0,0
5607,2025-12-01,1674,55.0,Nam,Cần Thơ,Organic,Điện tử,335000,3,0.035,1005000,970128,250043,219999,COD,Desktop,2.0,4.0,1
5608,2025-12-01,42,22.0,Nữ,Hà Nội,Facebook Ads,Điện tử,344000,3,0.094,1032000,934557,236901,223854,Thẻ tín dụng,Desktop,1.0,4.0,0
5609,2025-12-01,2232,24.0,Nữ,Đà Nẵng,Google Ads,Thực phẩm,98000,5,0.024,490000,478103,69407,131068,Thẻ tín dụng,Mobile,2.0,,0
5610,2025-12-02,75,32.0,Nữ,Cần Thơ,Facebook Ads,Điện tử,226000,3,0.089,678000,617979,163803,126570,COD,Mobile,2.0,4.0,0
5611,2025-12-02,2229,43.0,Nam,Đà Nẵng,Google Ads,Mỹ phẩm,213000,2,0.066,426000,397988,89666,218656,Chuyển khoản,Desktop,4.0,4.0,0
5612,2025-12-02,792,39.0,Nữ,Đà Nẵng,Organic,Gia dụng,242000,4,0.032,968000,937204,128695,422424,Thẻ tín dụng,Desktop,1.0,5.0,0
5613,2025-12-02,1396,40.0,Nữ,Hà Nội,Organic,Mỹ phẩm,252000,3,0.09,756000,687737,112345,350702,COD,Mobile,2.0,5.0,0
5614,2025-12-02,119,18.0,Nữ,Hà Nội,Organic,Thời trang,209000,2,0.102,418000,375523,135281,104961,COD,Mobile,0.0,5.0,0
5615,2025-12-02,1279,53.0,Nam,Đà Nẵng,Organic,Điện tử,233000,6,0.146,1398000,1193424,170683,169326,Chuyển khoản,Mobile,6.0,4.0,0
5616,2025-12-02,1265,32.0,Nữ,TP.HCM,Facebook Ads,Thực phẩm,97000,5,0.161,485000,406833,73821,37728,Thẻ tín dụng,Mobile,1.0,5.0,0
5617,2025-12-02,681,23.0,Nữ,Đà Nẵng,Facebook Ads,Sách,95000,2,0.114,190000,168302,62437,43428,Thẻ tín dụng,Mobile,3.0,4.0,0
5618,2025-12-02,2904,25.0,Nam,TP.HCM,Google Ads,Mỹ phẩm,209000,6,0.188,1254000,1018762,101295,410992,Ví điện tử,Mobile,1.0,,0
5619,2025-12-02,2058,34.0,Nam,TP.HCM,Referral,Mỹ phẩm,173000,6,0.038,1038000,998877,80899,513483,Ví điện tử,Mobile,5.0,3.0,0
5620,2025-12-02,1885,18.0,Nam,TP.HCM,Facebook Ads,Gia dụng,292000,5,0.072,1460000,1354398,180023,454283,Ví điện tử,Mobile,2.0,4.0,0
5621,2025-12-02,2002,33.0,Nữ,TP.HCM,Organic,Gia dụng,468000,5,0.122,2340000,2054388,302424,542268,COD,Tablet,3.0,4.0,0
5622,2025-12-02,1980,38.0,Nữ,TP.HCM,Organic,Thời trang,163000,3,0.094,489000,443020,89561,174337,COD,Mobile,5.0,,0
5623,2025-12-02,925,40.0,Nam,TP.HCM,Organic,Gia dụng,184000,1,0.088,184000,167886,108667,59219,Ví điện tử,Desktop,2.0,3.0,0
5624,2025-12-02,3094,44.0,Nam,Hải Phòng,Email,Mỹ phẩm,306000,6,0.232,1836000,1409283,134211,604017,Ví điện tử,Desktop,3.0,3.0,0
5625,2025-12-03,2201,48.0,Nam,Cần Thơ,Organic,Gia dụng,277000,2,0.093,554000,502686,163705,175276,Thẻ tín dụng,Mobile,,3.0,0
5626,2025-12-03,895,18.0,Nam,Hà Nội,Organic,Gia dụng,268000,3,0.072,804000,745759,156888,275095,Ví điện tử,Desktop,2.0,4.0,0
5627,2025-12-03,2819,38.0,Nữ,TP.HCM,Facebook Ads,Sách,122000,1,0.059,122000,114778,73387,41391,Ví điện tử,Desktop,1.0,5.0,0
5628,2025-12-03,2504,44.0,Nữ,TP.HCM,Google Ads,Thực phẩm,122000,4,0.022,488000,477069,76262,172021,COD,Mobile,2.0,5.0,0
5629,2025-12-03,2929,35.0,Nam,Hải Phòng,Facebook Ads,Thời trang,110000,3,0.145,330000,282016,64871,87403,COD,Mobile,1.0,4.0,0
5630,2025-12-03,154,24.0,Nữ,Hải Phòng,Facebook Ads,Mỹ phẩm,140000,5,0.217,700000,548414,64655,225139,Ví điện tử,Tablet,5.0,4.0,0
5631,2025-12-03,683,42.0,Nam,TP.HCM,Email,Thời trang,124000,8,0.092,992000,900854,66498,368870,Ví điện tử,Mobile,2.0,4.0,0
5632,2025-12-03,949,41.0,Nữ,Hà Nội,Organic,Thời trang,159000,2,0.259,318000,235518,85343,64832,COD,Mobile,,5.0,0
5633,2025-12-03,1514,29.0,Nữ,TP.HCM,Organic,Gia dụng,232000,3,0.181,696000,570084,142284,143232,Thẻ tín dụng,Mobile,4.0,3.0,0
5634,2025-12-04,406,19.0,Nữ,Đà Nẵng,Facebook Ads,Gia dụng,153000,2,0.046,306000,291933,95384,101165,COD,Desktop,3.0,4.0,0
5635,2025-12-04,2396,37.0,Nữ,Hà Nội,Google Ads,Điện tử,267000,4,0.077,1068000,985573,197134,197037,COD,Mobile,2.0,,0
5636,2025-12-04,2514,21.0,Nam,TP.HCM,Google Ads,Thời trang,172000,4,0.171,688000,570014,98316,176750,Ví điện tử,Mobile,1.0,5.0,0
5637,2025-12-04,1191,43.0,Nữ,Cần Thơ,Facebook Ads,Sách,92000,2,0.16,184000,154476,58753,36970,Ví điện tử,Mobile,5.0,3.0,0
5638,2025-12-04,2772,30.0,Nam,Hà Nội,Facebook Ads,Gia dụng,221000,5,0.111,1105000,982330,137371,295475,COD,Tablet,1.0,5.0,0
5639,2025-12-04,2473,42.0,Nam,Hải Phòng,Facebook Ads,Gia dụng,207000,5,0.016,1035000,1018091,116381,436186,Ví điện tử,Mobile,4.0,4.0,0
5640,2025-12-04,600,29.0,Nam,TP.HCM,Facebook Ads,Thời trang,205000,4,0.211,820000,647381,111583,201049,Thẻ tín dụng,Mobile,3.0,3.0,0
5641,2025-12-04,3038,35.0,Nam,Hà Nội,Google Ads,Sách,95000,3,0.195,285000,229463,62755,41198,COD,Mobile,3.0,5.0,0
5642,2025-12-04,1623,43.0,Nam,TP.HCM,Facebook Ads,Điện tử,190000,5,0.019,950000,931969,125943,302254,COD,Mobile,5.0,3.0,0
5643,2025-12-04,1652,18.0,Nam,Hà Nội,Facebook Ads,Mỹ phẩm,164000,3,0.069,492000,457852,72033,241753,Chuyển khoản,Tablet,5.0,4.0,0
5644,2025-12-04,2016,,Nữ,TP.HCM,Google Ads,Thời trang,266000,4,0.066,1064000,994032,146214,409176,Thẻ tín dụng,Desktop,2.0,5.0,0
5645,2025-12-04,2336,24.0,Nữ,Hải Phòng,Email,Thời trang,163000,4,0.165,652000,544269,86494,198293,Thẻ tín dụng,Mobile,1.0,4.0,0
5646,2025-12-04,2308,49.0,Nam,Hà Nội,Facebook Ads,Gia dụng,206000,5,0.172,1030000,853055,117556,265275,Ví điện tử,Mobile,2.0,4.0,0
5647,2025-12-04,127,37.0,Nam,Đà Nẵng,Google Ads,Điện tử,422000,3,0.13,1266000,1101603,310274,170781,COD,Mobile,3.0,4.0,0
5648,2025-12-04,84,31.0,Nữ,Cần Thơ,Google Ads,Thực phẩm,125000,3,0.25,375000,281077,91979,5140,Ví điện tử,Mobile,3.0,4.0,0
5649,2025-12-04,2237,27.0,Nữ,Đà Nẵng,Facebook Ads,Thời trang,115000,6,0.116,690000,609917,60770,245297,COD,Mobile,4.0,5.0,0
5650,2025-12-04,2306,34.0,Nam,Cần Thơ,Facebook Ads,Gia dụng,260000,8,0.113,2080000,1844859,159244,570907,Thẻ tín dụng,Mobile,1.0,4.0,0
5651,2025-12-04,1121,26.0,Nam,TP.HCM,Organic,Điện tử,422000,7,0.035,2954000,2851772,319635,614327,COD,Desktop,4.0,5.0,0
5652,2025-12-04,731,29.0,Nữ,Cần Thơ,Email,Điện tử,226000,5,0.062,1130000,1059395,168422,217285,Thẻ tín dụng,Desktop,1.0,3.0,0
5653,2025-12-04,2022,31.0,Nữ,Hải Phòng,Organic,Thực phẩm,110000,4,0.058,440000,414521,84082,78193,Thẻ tín dụng,Desktop,2.0,,0
5654,2025-12-04,2908,34.0,Nữ,Hà Nội,Facebook Ads,Sách,84000,3,0.046,252000,240432,48973,93513,Ví điện tử,Tablet,6.0,3.0,0
5655,2025-12-05,2953,35.0,Nữ,Đà Nẵng,Organic,Điện tử,223000,3,0.274,669000,485540,170595,-26245,COD,Mobile,2.0,3.0,1
5656,2025-12-05,248,23.0,Nữ,TP.HCM,Organic,Sách,104000,6,0.098,624000,562556,66209,165302,Chuyển khoản,Mobile,4.0,3.0,1
5657,2025-12-05,2791,36.0,Nữ,Hà Nội,Organic,Thực phẩm,126000,5,0.097,630000,568998,90841,114793,Chuyển khoản,Mobile,2.0,4.0,0
5658,2025-12-05,2100,29.0,Nữ,Cần Thơ,Organic,Thời trang,134000,3,0.067,402000,375135,72240,158415,COD,Mobile,1.0,4.0,0
5659,2025-12-05,2255,31.0,Nữ,Hải Phòng,Google Ads,Gia dụng,229000,6,0.275,1374000,996614,144636,128798,Ví điện tử,Mobile,1.0,4.0,0
5660,2025-12-05,2358,19.0,Nữ,TP.HCM,Organic,Mỹ phẩm,221000,4,0.073,884000,819524,90980,455604,Ví điện tử,Desktop,3.0,4.0,1
5661,2025-12-05,3047,,Nam,Hải Phòng,Google Ads,Điện tử,217000,6,0.106,1302000,1163910,154983,234012,Ví điện tử,Desktop,2.0,5.0,0
5662,2025-12-06,2041,22.0,Nam,TP.HCM,Facebook Ads,Điện tử,209000,10,0.035,2090000,2017507,148863,528877,COD,Desktop,,4.0,0
5663,2025-12-06,859,37.0,Nữ,TP.HCM,Facebook Ads,Mỹ phẩm,226000,6,0.211,1356000,1070205,104701,441999,COD,Tablet,3.0,4.0,0
5664,2025-12-06,745,46.0,Nam,Hà Nội,Organic,Gia dụng,181000,2,0.14,362000,311490,103292,104906,Chuyển khoản,Desktop,2.0,4.0,1
5665,2025-12-06,624,50.0,Nữ,Cần Thơ,Google Ads,Điện tử,180000,7,0.07,1260000,1171865,117862,346831,Thẻ tín dụng,Mobile,1.0,,0
5666,2025-12-06,243,43.0,Nam,TP.HCM,Facebook Ads,Thời trang,123000,2,0.065,246000,230070,66414,97242,Thẻ tín dụng,Mobile,1.0,5.0,0
5667,2025-12-06,2165,46.0,Nữ,Hải Phòng,Organic,Gia dụng,233000,2,0.053,466000,441458,136024,169410,COD,Mobile,4.0,5.0,0
5668,2025-12-06,1177,30.0,Nữ,TP.HCM,Email,Điện tử,330000,2,0.106,660000,589774,241467,106840,Chuyển khoản,Mobile,1.0,5.0,0
5669,2025-12-06,3143,27.0,Nữ,Cần Thơ,Google Ads,Mỹ phẩm,132000,1,0.121,132000,116038,59472,56566,Chuyển khoản,Mobile,1.0,5.0,0
5670,2025-12-06,534,52.0,Nam,Hà Nội,Organic,Điện tử,605000,3,0.01,1815000,1796865,444131,464472,COD,Mobile,1.0,,0
5671,2025-12-06,2218,24.0,Nữ,Hải Phòng,Facebook Ads,Thời trang,144000,5,0.201,720000,575142,76392,193182,COD,Mobile,3.0,3.0,0
5672,2025-12-06,1928,24.0,Nam,Hà Nội,Facebook Ads,Mỹ phẩm,152000,6,0.115,912000,807444,66368,409236,Ví điện tử,Desktop,2.0,3.0,0
5673,2025-12-06,509,37.0,Nam,Hà Nội,Google Ads,Thực phẩm,135000,4,0.11,540000,480444,88567,126176,Thẻ tín dụng,Mobile,2.0,4.0,0
5674,2025-12-06,2611,42.0,Nam,TP.HCM,Facebook Ads,Thời trang,144000,4,0.085,576000,527156,76965,219296,COD,Mobile,2.0,4.0,0
5675,2025-12-06,745,46.0,Nam,TP.HCM,Facebook Ads,Gia dụng,186000,4,0.12,744000,654605,118591,180241,Ví điện tử,Desktop,3.0,4.0,1
5676,2025-12-07,977,18.0,Nữ,TP.HCM,Organic,Gia dụng,197000,4,0.024,788000,769312,118023,297220,Chuyển khoản,Tablet,2.0,5.0,0
5677,2025-12-07,2285,18.0,Nữ,TP.HCM,Facebook Ads,Điện tử,284000,6,0.129,1704000,1484883,208481,233997,COD,Desktop,1.0,4.0,0
5678,2025-12-07,2000,39.0,Nữ,Hà Nội,Organic,Thực phẩm,95000,4,0.052,380000,360066,62652,109458,COD,Mobile,2.0,4.0,0
5679,2025-12-07,2132,29.0,Nam,Hà Nội,Organic,Gia dụng,209000,2,0.013,418000,412415,126606,159203,Thẻ tín dụng,Mobile,2.0,4.0,0
5680,2025-12-07,1580,36.0,Nữ,Hà Nội,Facebook Ads,Thực phẩm,126000,2,0.094,252000,228312,83128,62056,Ví điện tử,Desktop,2.0,5.0,0
5681,2025-12-07,1728,21.0,Nữ,TP.HCM,Organic,Điện tử,365000,3,0.075,1095000,1013045,258467,237644,Chuyển khoản,Mobile,2.0,4.0,0
5682,2025-12-07,1317,20.0,Nữ,Hà Nội,Email,Gia dụng,290000,7,0.129,2030000,1767925,188445,448810,Ví điện tử,Desktop,1.0,5.0,0
5683,2025-12-07,3280,26.0,Nam,Hà Nội,Google Ads,Điện tử,519000,1,0.22,519000,404563,371168,33395,Ví điện tử,Tablet,5.0,,0
5684,2025-12-07,2689,57.0,Nữ,TP.HCM,Facebook Ads,Điện tử,349000,4,0.223,1396000,1084767,235125,144267,Ví điện tử,Desktop,,5.0,0
5685,2025-12-07,551,33.0,Nữ,Hà Nội,Facebook Ads,Điện tử,335000,5,0.051,1675000,1588950,249372,342090,Ví điện tử,Mobile,1.0,5.0,0
5686,2025-12-07,2794,39.0,Nam,TP.HCM,Google Ads,Sách,90000,7,0.11,630000,560694,62191,125357,COD,Desktop,5.0,5.0,0
5687,2025-12-07,18,35.0,Nữ,TP.HCM,Facebook Ads,Thời trang,135000,3,0.02,405000,396881,71019,183824,COD,Mobile,1.0,4.0,0
5688,2025-12-07,742,23.0,Nữ,Đà Nẵng,Organic,Sách,94000,5,0.129,470000,409427,63088,93987,Ví điện tử,Desktop,1.0,5.0,0
5689,2025-12-07,2489,44.0,Nữ,Hải Phòng,Facebook Ads,Thời trang,200000,5,0.147,1000000,853032,107909,313487,Thẻ tín dụng,Mobile,2.0,,0
5690,2025-12-08,2676,21.0,Nam,Hà Nội,Referral,Gia dụng,283000,1,0.077,283000,261166,163393,97773,Thẻ tín dụng,Mobile,5.0,3.0,0
5691,2025-12-08,2591,37.0,Nam,Hải Phòng,Facebook Ads,Gia dụng,283000,3,0.028,849000,825093,172669,307086,COD,Tablet,1.0,5.0,0
5692,2025-12-08,3166,33.0,Nữ,Hà Nội,Email,Gia dụng,176000,3,0.041,528000,506492,100827,204011,Thẻ tín dụng,Desktop,2.0,4.0,0
5693,2025-12-08,1720,27.0,Nữ,Đà Nẵng,Facebook Ads,Mỹ phẩm,159000,5,0.167,795000,662025,70150,311275,Chuyển khoản,Desktop,2.0,5.0,0
5694,2025-12-08,3119,30.0,Nữ,Hà Nội,Facebook Ads,Thực phẩm,99000,3,0.13,297000,258442,71919,42685,Thẻ tín dụng,Tablet,4.0,3.0,0
5695,2025-12-08,1004,31.0,Nữ,Đà Nẵng,Referral,Điện tử,337000,5,0.19,1685000,1364913,237896,175433,Ví điện tử,Desktop,4.0,5.0,0
5696,2025-12-08,239,38.0,Nữ,TP.HCM,Organic,Thời trang,175000,1,0.059,175000,164688,96198,68490,Ví điện tử,Desktop,1.0,4.0,0
5697,2025-12-09,1452,31.0,Nữ,Đà Nẵng,Facebook Ads,Gia dụng,295000,2,0.23,590000,454172,175396,103380,Ví điện tử,Mobile,1.0,5.0,0
5698,2025-12-09,115,,Nam,Hà Nội,Google Ads,Mỹ phẩm,152000,1,0.047,152000,144917,65666,79251,Thẻ tín dụng,Mobile,2.0,,0
5699,2025-12-09,2981,41.0,Nam,Hải Phòng,Facebook Ads,Thực phẩm,105000,2,0.244,210000,158849,74045,10759,COD,Mobile,3.0,4.0,0
5700,2025-12-09,1165,48.0,Nữ,Hà Nội,Email,Thời trang,193000,3,0.072,579000,537323,104167,224822,COD,Desktop,4.0,4.0,0
5701,2025-12-09,693,33.0,Nữ,Cần Thơ,Organic,Thời trang,87000,6,0.052,522000,494605,48311,204739,Thẻ tín dụng,Mobile,3.0,4.0,0
5702,2025-12-09,2400,18.0,Nữ,Đà Nẵng,Organic,Mỹ phẩm,195000,6,0.1,1170000,1053499,89621,515773,Thẻ tín dụng,Desktop,,3.0,0
5703,2025-12-09,2234,40.0,Nữ,TP.HCM,Email,Thời trang,145000,3,0.03,435000,421786,85525,165211,COD,Mobile,1.0,5.0,0
5704,2025-12-09,681,23.0,Nữ,TP.HCM,Facebook Ads,Mỹ phẩm,269000,3,0.055,807000,762318,120291,401445,COD,Mobile,5.0,4.0,0
5705,2025-12-09,3074,,Nữ,TP.HCM,Facebook Ads,Thời trang,120000,5,0.041,600000,575241,69305,228716,COD,Desktop,3.0,4.0,0
5706,2025-12-09,2473,42.0,Nam,Hà Nội,Email,Thực phẩm,114000,4,0.035,456000,440188,89381,82664,Thẻ tín dụng,Mobile,3.0,5.0,0
5707,2025-12-09,200,39.0,Nữ,Cần Thơ,Facebook Ads,Thời trang,151000,4,0.044,604000,577240,87791,226076,Ví điện tử,Tablet,2.0,4.0,0
5708,2025-12-10,2123,37.0,Nữ,Hà Nội,Organic,Thời trang,165000,5,0.032,825000,798703,90244,347483,COD,Mobile,2.0,4.0,0
5709,2025-12-10,324,40.0,Nam,TP.HCM,Email,Thời trang,122000,5,0.103,610000,546981,62894,232511,Chuyển khoản,Mobile,4.0,4.0,0
5710,2025-12-10,1263,32.0,Nữ,Cần Thơ,Facebook Ads,Điện tử,236000,4,0.056,944000,890839,181786,163695,COD,Tablet,5.0,5.0,0
5711,2025-12-10,133,35.0,Nữ,Hà Nội,Google Ads,Mỹ phẩm,170000,3,0.12,510000,448781,76450,219431,Thẻ tín dụng,Mobile,1.0,5.0,0
5712,2025-12-10,299,18.0,Nữ,Cần Thơ,Google Ads,Điện tử,348000,3,0.133,1044000,904705,247493,162226,COD,Mobile,3.0,4.0,0
5713,2025-12-10,2592,41.0,Nam,TP.HCM,Facebook Ads,Gia dụng,200000,3,0.091,600000,545432,110781,213089,Ví điện tử,Mobile,2.0,4.0,0
5714,2025-12-10,1295,18.0,Nữ,Đà Nẵng,Google Ads,Gia dụng,288000,5,0.112,1440000,1278585,169715,430010,Thẻ tín dụng,Desktop,8.0,4.0,0
5715,2025-12-10,1955,32.0,Nữ,TP.HCM,Facebook Ads,Điện tử,450000,3,0.049,1350000,1284111,308489,358644,COD,Mobile,2.0,4.0,0
5716,2025-12-10,773,32.0,Nữ,TP.HCM,Organic,Mỹ phẩm,314000,5,0.26,1570000,1161728,135457,484443,Thẻ tín dụng,Mobile,2.0,4.0,0
5717,2025-12-10,1677,,Nữ,TP.HCM,Referral,Điện tử,243000,6,0.195,1458000,1173334,176517,114232,Thẻ tín dụng,Mobile,1.0,5.0,0
5718,2025-12-10,3112,53.0,Nữ,Hà Nội,Organic,Điện tử,400000,6,0.062,2400000,2250482,257594,704918,COD,Desktop,1.0,3.0,0
5719,2025-12-10,1689,41.0,Nam,TP.HCM,Facebook Ads,Gia dụng,186000,4,0.17,744000,617353,112568,167081,COD,Mobile,2.0,4.0,0
5720,2025-12-10,2584,29.0,Nam,Hà Nội,Organic,Điện tử,545000,4,0.039,2180000,2095383,410586,453039,Thẻ tín dụng,Desktop,3.0,4.0,0
5721,2025-12-10,1092,26.0,Nam,TP.HCM,Facebook Ads,Gia dụng,306000,5,0.097,1530000,1382152,183752,463392,Ví điện tử,Desktop,1.0,4.0,0
5722,2025-12-11,1341,31.0,Nữ,TP.HCM,Referral,Gia dụng,214000,3,0.05,642000,609699,126436,230391,COD,Mobile,3.0,5.0,0
5723,2025-12-11,709,22.0,Nam,Hải Phòng,Google Ads,Thời trang,162000,7,0.055,1134000,1071430,92119,426597,Ví điện tử,Desktop,6.0,2.0,0
5724,2025-12-11,295,35.0,Nữ,TP.HCM,Facebook Ads,Gia dụng,280000,2,0.012,560000,553515,174055,205405,COD,Desktop,4.0,4.0,0
5725,2025-12-11,2469,43.0,Nữ,TP.HCM,Facebook Ads,Thời trang,93000,2,0.02,186000,182202,50831,80540,Thẻ tín dụng,Mobile,,3.0,1
5726,2025-12-11,3001,18.0,Nữ,TP.HCM,Facebook Ads,Mỹ phẩm,220000,4,0.132,880000,764189,100882,360661,Ví điện tử,Mobile,2.0,5.0,0
5727,2025-12-11,2714,35.0,Nam,TP.HCM,Facebook Ads,Thời trang,131000,3,0.062,393000,368811,70409,157584,Chuyển khoản,Mobile,7.0,3.0,0
5728,2025-12-11,962,39.0,Nữ,Đà Nẵng,Facebook Ads,Gia dụng,251000,5,0.029,1255000,1218738,158776,424858,Chuyển khoản,Mobile,1.0,,0
5729,2025-12-11,311,36.0,Nữ,TP.HCM,Email,Mỹ phẩm,153000,2,0.125,306000,267645,63658,140329,Ví điện tử,Mobile,1.0,4.0,0
5730,2025-12-11,1604,37.0,Nam,Hải Phòng,Referral,Sách,71000,7,0.07,497000,462206,46586,136104,Thẻ tín dụng,Mobile,1.0,5.0,0
5731,2025-12-11,1192,23.0,Nữ,TP.HCM,Email,Sách,78000,5,0.078,390000,359474,51659,101179,COD,Mobile,1.0,5.0,0
5732,2025-12-11,2564,22.0,Nữ,Đà Nẵng,Facebook Ads,Mỹ phẩm,247000,3,0.058,741000,697854,110155,367389,COD,Mobile,2.0,4.0,0
5733,2025-12-11,2620,18.0,Nam,Đà Nẵng,Google Ads,Gia dụng,247000,5,0.08,1235000,1136092,147689,397647,Thẻ tín dụng,Mobile,2.0,5.0,1
5734,2025-12-11,3272,43.0,Nam,TP.HCM,Facebook Ads,Điện tử,474000,3,0.033,1422000,1374599,344402,341393,Chuyển khoản,Desktop,1.0,4.0,0
5735,2025-12-11,1045,19.0,Nữ,TP.HCM,Google Ads,Thời trang,155000,3,0.104,465000,416558,85953,158699,COD,Desktop,1.0,4.0,0
5736,2025-12-11,1980,38.0,Nữ,Hải Phòng,Google Ads,Điện tử,257000,6,0.069,1542000,1435460,179248,359972,COD,Mobile,4.0,4.0,0
5737,2025-12-11,317,20.0,Nam,Cần Thơ,Organic,Sách,92000,3,0.148,276000,235116,57756,61848,COD,Mobile,2.0,4.0,0
5738,2025-12-11,2389,30.0,Nữ,TP.HCM,Organic,Gia dụng,329000,4,0.157,1316000,1109224,188940,353464,Thẻ tín dụng,Mobile,1.0,4.0,1
5739,2025-12-12,3175,35.0,Nam,Cần Thơ,Facebook Ads,Thời trang,190000,5,0.102,950000,853079,96867,368744,Ví điện tử,Mobile,2.0,4.0,0
5740,2025-12-12,506,32.0,Nam,Đà Nẵng,Facebook Ads,Điện tử,393000,4,0.03,1572000,1525336,292686,354592,COD,Tablet,1.0,4.0,0
5741,2025-12-12,1217,18.0,Nữ,TP.HCM,Organic,Sách,76000,2,0.172,152000,125867,51056,23755,Ví điện tử,Mobile,2.0,4.0,0
5742,2025-12-12,1807,31.0,Nữ,Cần Thơ,Facebook Ads,Mỹ phẩm,217000,6,0.052,1302000,1234795,93502,673783,Thẻ tín dụng,Desktop,1.0,5.0,1
5743,2025-12-12,1558,48.0,Nữ,TP.HCM,Organic,Thời trang,119000,6,0.199,714000,571748,66982,169856,Thẻ tín dụng,Desktop,4.0,5.0,0
5744,2025-12-12,602,18.0,Nữ,TP.HCM,Google Ads,Thời trang,163000,5,0.004,815000,811738,92095,351263,Thẻ tín dụng,Mobile,2.0,,0
5745,2025-12-12,2494,30.0,Nữ,TP.HCM,Google Ads,Thời trang,182000,3,0.03,546000,529620,108118,205266,Thẻ tín dụng,Desktop,2.0,5.0,0
5746,2025-12-12,2555,35.0,Nam,Hải Phòng,Organic,Mỹ phẩm,247000,4,0.058,988000,930549,101428,524837,Thẻ tín dụng,Mobile,3.0,4.0,0
5747,2025-12-12,2766,42.0,Nữ,Đà Nẵng,Google Ads,Thực phẩm,115000,2,0.136,230000,198702,80880,36942,Ví điện tử,Mobile,2.0,4.0,0
5748,2025-12-13,1263,32.0,Nữ,Cần Thơ,Referral,Sách,82000,4,0.157,328000,276547,50741,73583,COD,Desktop,1.0,5.0,0
5749,2025-12-13,3217,41.0,Nữ,TP.HCM,Referral,Thực phẩm,104000,5,0.054,520000,492004,68896,147524,Ví điện tử,Tablet,3.0,4.0,0
5750,2025-12-13,236,37.0,Nam,Cần Thơ,Email,Điện tử,262000,10,0.113,2620000,2322702,201426,308442,Thẻ tín dụng,Mobile,5.0,5.0,0
5751,2025-12-13,2433,18.0,Nam,Hà Nội,Email,Thời trang,96000,6,0.136,576000,497661,51414,189177,Thẻ tín dụng,Mobile,2.0,4.0,0
5752,2025-12-13,2362,27.0,Nữ,Hà Nội,Google Ads,Điện tử,360000,4,0.047,1440000,1372882,237800,421682,Ví điện tử,Mobile,,5.0,0
5753,2025-12-13,430,28.0,Nữ,TP.HCM,Google Ads,Điện tử,165000,2,0.038,330000,317434,120862,75710,COD,Mobile,1.0,4.0,0
5754,2025-12-13,1366,43.0,Nam,Hà Nội,Organic,Thời trang,154000,6,0.034,924000,892462,84284,386758,Ví điện tử,Desktop,3.0,4.0,0
5755,2025-12-13,1244,25.0,Nam,Hà Nội,Google Ads,Thời trang,135000,3,0.132,405000,351715,74923,126946,Ví điện tử,Desktop,1.0,5.0,0
5756,2025-12-13,1080,25.0,Nữ,Hải Phòng,Facebook Ads,Mỹ phẩm,263000,3,0.045,789000,753559,111018,420505,Ví điện tử,Mobile,2.0,,0
5757,2025-12-14,2820,20.0,Nam,Hải Phòng,Organic,Sách,86000,6,0.016,516000,507536,56671,167510,COD,Desktop,1.0,5.0,0
5758,2025-12-14,118,28.0,Nữ,TP.HCM,Facebook Ads,Mỹ phẩm,251000,3,0.029,753000,731151,109016,404103,COD,Mobile,3.0,5.0,0
5759,2025-12-14,2768,32.0,Nam,Cần Thơ,Organic,Thời trang,169000,4,0.143,676000,579223,94589,200867,Ví điện tử,Mobile,3.0,5.0,0
5760,2025-12-14,3238,21.0,Nữ,Đà Nẵng,Organic,Gia dụng,260000,5,0.18,1300000,1066030,155748,287290,Ví điện tử,Desktop,4.0,3.0,0
5761,2025-12-14,1872,41.0,Nữ,Hà Nội,Facebook Ads,Mỹ phẩm,141000,5,0.05,705000,669612,63383,352697,COD,Desktop,5.0,3.0,0
5762,2025-12-14,3064,26.0,Nữ,Cần Thơ,Google Ads,Thời trang,272000,4,0.023,1088000,1062801,154259,445765,Thẻ tín dụng,Desktop,2.0,5.0,0
5763,2025-12-14,1491,24.0,Nữ,TP.HCM,Organic,Sách,124000,4,0.227,496000,383164,80343,61792,COD,Mobile,1.0,5.0,0
5764,2025-12-14,151,31.0,Nữ,Cần Thơ,Organic,Gia dụng,246000,4,0.071,984000,913726,158240,280766,Chuyển khoản,Mobile,4.0,4.0,0
5765,2025-12-14,1287,46.0,Nữ,Đà Nẵng,Facebook Ads,Thực phẩm,148000,3,0.086,444000,405740,101205,102125,COD,Mobile,4.0,5.0,0
5766,2025-12-14,387,43.0,Nữ,TP.HCM,Facebook Ads,Gia dụng,250000,5,0.115,1250000,1106195,154805,332170,Thẻ tín dụng,Mobile,2.0,4.0,0
5767,2025-12-14,1877,28.0,Nữ,Hà Nội,Facebook Ads,Gia dụng,167000,2,0.098,334000,301233,94621,111991,COD,Desktop,1.0,5.0,0
5768,2025-12-14,2969,42.0,Nữ,Cần Thơ,Referral,Điện tử,100000,2,0.115,200000,176901,73006,30889,Ví điện tử,Mobile,2.0,4.0,0
5769,2025-12-14,56,31.0,Nữ,TP.HCM,Organic,Mỹ phẩm,130000,3,0.03,390000,378451,59211,200818,Chuyển khoản,Mobile,4.0,3.0,1
5770,2025-12-14,1487,25.0,Nam,Cần Thơ,Facebook Ads,Sách,92000,3,0.102,276000,247965,58355,72900,Thẻ tín dụng,Desktop,2.0,4.0,0
5771,2025-12-14,2340,18.0,Nữ,Hải Phòng,Organic,Mỹ phẩm,163000,4,0.192,652000,526727,75018,226655,COD,Desktop,1.0,4.0,0
5772,2025-12-14,2301,29.0,Nam,Hà Nội,Email,Thời trang,183000,1,0.216,183000,143547,99274,44273,Thẻ tín dụng,Desktop,0.0,4.0,0
5773,2025-12-14,2111,40.0,Nam,TP.HCM,Google Ads,Thời trang,119000,5,0.051,595000,564555,70251,213300,Chuyển khoản,Mobile,1.0,5.0,0
5774,2025-12-14,636,25.0,Nữ,Hải Phòng,Organic,Thời trang,103000,5,0.08,515000,473909,55063,198594,Ví điện tử,Desktop,3.0,,0
5775,2025-12-14,79,27.0,Nam,TP.HCM,Organic,Gia dụng,313000,5,0.109,1565000,1395020,187451,457765,Chuyển khoản,Mobile,2.0,,0
5776,2025-12-14,3048,20.0,Nam,Cần Thơ,Organic,Mỹ phẩm,144000,4,0.077,576000,531761,71000,247761,COD,Mobile,,,0
5777,2025-12-14,1277,23.0,Nam,Hà Nội,Organic,Mỹ phẩm,272000,4,0.124,1088000,953580,126434,447844,Ví điện tử,Tablet,2.0,5.0,0
5778,2025-12-14,2314,37.0,Nữ,Đà Nẵng,Facebook Ads,Thời trang,218000,3,0.152,654000,554366,123042,185240,COD,Desktop,2.0,,0
5779,2025-12-15,3141,26.0,Nữ,Hà Nội,Organic,Sách,74000,6,0.084,444000,406658,47148,123770,Chuyển khoản,Mobile,2.0,4.0,0
5780,2025-12-15,1778,21.0,Nam,TP.HCM,Organic,Điện tử,787000,4,0.023,3148000,3074822,587599,724426,Ví điện tử,Mobile,3.0,3.0,1
5781,2025-12-15,3189,18.0,Nữ,Hà Nội,Organic,Điện tử,544000,6,0.111,3264000,2902656,413178,423588,Chuyển khoản,Desktop,6.0,4.0,0
5782,2025-12-15,1658,38.0,Nữ,TP.HCM,Facebook Ads,Sách,64000,3,0.033,192000,185664,41290,61794,Ví điện tử,Desktop,7.0,3.0,0
5783,2025-12-15,2385,25.0,Nữ,TP.HCM,Google Ads,Điện tử,289000,6,0.241,1734000,1316238,224069,-28176,Ví điện tử,Mobile,3.0,4.0,0
5784,2025-12-15,2923,33.0,Nam,Hà Nội,Google Ads,Gia dụng,441000,5,0.234,2205000,1689696,256264,408376,COD,Mobile,3.0,4.0,0
5785,2025-12-15,265,28.0,Nữ,Hà Nội,Organic,Thời trang,184000,1,0.091,184000,167239,100071,67168,Thẻ tín dụng,Mobile,3.0,5.0,0
5786,2025-12-15,2176,30.0,Nam,TP.HCM,Email,Gia dụng,135000,4,0.028,540000,525031,83483,191099,COD,Mobile,2.0,4.0,0
5787,2025-12-15,2961,33.0,Nữ,Hải Phòng,Referral,Gia dụng,300000,4,0.163,1200000,1004717,177400,295117,COD,Desktop,3.0,3.0,0
5788,2025-12-15,1188,32.0,Nữ,Hà Nội,Organic,Gia dụng,297000,4,0.133,1188000,1029704,156871,402220,Ví điện tử,Tablet,2.0,3.0,0
5789,2025-12-16,2790,24.0,Nam,TP.HCM,Organic,Mỹ phẩm,188000,2,0.207,376000,298120,81070,135980,COD,Desktop,2.0,4.0,0
5790,2025-12-16,102,21.0,Nam,Hải Phòng,Facebook Ads,Điện tử,421000,3,0.017,1263000,1241914,309382,313768,COD,Mobile,1.0,4.0,1
5791,2025-12-16,400,27.0,Nam,Hà Nội,Facebook Ads,Điện tử,266000,3,0.041,798000,765127,187124,203755,COD,Mobile,1.0,4.0,0
5792,2025-12-16,1051,30.0,Nam,Hải Phòng,Google Ads,Mỹ phẩm,234000,3,0.178,702000,577237,109616,248389,Ví điện tử,Mobile,1.0,4.0,0
5793,2025-12-16,1756,41.0,Nữ,TP.HCM,Organic,Mỹ phẩm,212000,3,0.024,636000,621017,96531,331424,COD,Tablet,5.0,3.0,0
5794,2025-12-16,3174,25.0,Nam,Hải Phòng,Organic,Gia dụng,277000,1,0.173,277000,229130,156708,72422,Thẻ tín dụng,Mobile,2.0,4.0,1
5795,2025-12-16,854,39.0,Nam,TP.HCM,Organic,Điện tử,350000,4,0.12,1400000,1231467,256250,206467,Ví điện tử,Desktop,1.0,5.0,0
5796,2025-12-16,11,39.0,Nữ,Hà Nội,Organic,Mỹ phẩm,483000,8,0.288,3864000,2749313,191279,1219081,COD,Desktop,2.0,5.0,0
5797,2025-12-16,2785,34.0,Nữ,Đà Nẵng,Facebook Ads,Thời trang,166000,3,0.158,498000,419410,87910,155680,Thẻ tín dụng,Mobile,1.0,4.0,0
5798,2025-12-16,197,18.0,Nữ,TP.HCM,Email,Mỹ phẩm,277000,4,0.096,1108000,1001962,131054,477746,Thẻ tín dụng,Mobile,1.0,5.0,0
5799,2025-12-16,3144,23.0,Nữ,Hải Phòng,Organic,Gia dụng,134000,4,0.129,536000,466859,81427,141151,Ví điện tử,Mobile,6.0,4.0,0
5800,2025-12-17,2717,39.0,Nam,Hà Nội,Facebook Ads,Thời trang,114000,5,0.041,570000,546889,55459,269594,Ví điện tử,Desktop,3.0,5.0,0
5801,2025-12-17,1204,26.0,Nam,Hà Nội,Google Ads,Mỹ phẩm,216000,2,0.091,432000,392711,103523,185665,COD,Desktop,1.0,4.0,0
5802,2025-12-17,1271,25.0,Nam,Hà Nội,Referral,Gia dụng,259000,4,0.011,1036000,1024965,163007,372937,Thẻ tín dụng,Desktop,3.0,3.0,0
5803,2025-12-17,1637,33.0,Nữ,TP.HCM,Referral,Sách,85000,2,0.22,170000,132682,54697,23288,Ví điện tử,Mobile,7.0,4.0,0
5804,2025-12-17,1560,25.0,Nam,Hà Nội,Facebook Ads,Sách,94000,4,0.074,376000,348175,57819,116899,Ví điện tử,Mobile,4.0,5.0,0
5805,2025-12-17,2645,43.0,Nam,Hà Nội,Facebook Ads,Điện tử,265000,5,0.17,1325000,1099455,178155,208680,Ví điện tử,Mobile,1.0,5.0,0
5806,2025-12-17,55,42.0,Nam,TP.HCM,Organic,Điện tử,243000,4,0.084,972000,889867,181326,164563,Ví điện tử,Tablet,1.0,4.0,0
5807,2025-12-17,2661,24.0,Nữ,TP.HCM,Google Ads,Mỹ phẩm,122000,3,0.193,366000,295188,55851,127635,Ví điện tử,Mobile,1.0,5.0,0
5808,2025-12-18,1277,23.0,Nam,Cần Thơ,Google Ads,Gia dụng,457000,3,0.109,1371000,1221561,294138,339147,Ví điện tử,Mobile,1.0,4.0,0
5809,2025-12-18,989,18.0,Nam,TP.HCM,Facebook Ads,Điện tử,498000,4,0.063,1992000,1867343,382481,337419,Ví điện tử,Mobile,3.0,4.0,0
5810,2025-12-18,194,35.0,Nữ,TP.HCM,Referral,Thời trang,161000,3,0.216,483000,378505,86820,118045,Ví điện tử,Desktop,3.0,4.0,0
5811,2025-12-18,2990,44.0,Nữ,Hà Nội,Google Ads,Thời trang,157000,6,0.104,942000,844303,85599,330709,Thẻ tín dụng,Mobile,,4.0,1
5812,2025-12-18,1799,33.0,Nữ,Hà Nội,Google Ads,Gia dụng,207000,2,0.073,414000,383572,125838,131896,Ví điện tử,Mobile,2.0,5.0,0
5813,2025-12-18,341,25.0,Nữ,Hà Nội,Facebook Ads,Gia dụng,127000,4,0.066,508000,474389,76250,169389,COD,Mobile,2.0,4.0,0
5814,2025-12-18,2077,18.0,Nữ,Đà Nẵng,Google Ads,Sách,88000,2,0.271,176000,128297,57555,13187,COD,Desktop,,3.0,0
5815,2025-12-18,1584,52.0,Nữ,Hải Phòng,Facebook Ads,Mỹ phẩm,406000,2,0.113,812000,720511,196798,326915,Thẻ tín dụng,Mobile,1.0,5.0,0
5816,2025-12-18,690,30.0,Nam,Hải Phòng,Facebook Ads,Gia dụng,142000,2,0.025,284000,276978,84919,107140,Ví điện tử,Mobile,2.0,,0
5817,2025-12-18,75,32.0,Nữ,Hà Nội,Google Ads,Điện tử,324000,4,0.145,1296000,1108726,259096,72342,COD,Mobile,5.0,4.0,1
5818,2025-12-19,1660,32.0,Nữ,Hà Nội,Referral,Điện tử,210000,5,0.064,1050000,982530,138339,290835,Ví điện tử,Mobile,2.0,4.0,0
5819,2025-12-19,3204,28.0,Nữ,TP.HCM,Facebook Ads,Gia dụng,254000,3,0.113,762000,676129,135893,268450,Thẻ tín dụng,Mobile,3.0,5.0,0
5820,2025-12-19,2968,30.0,Nữ,Hà Nội,Facebook Ads,Thời trang,91000,5,0.122,455000,399513,51636,141333,COD,Mobile,3.0,4.0,1
5821,2025-12-19,1129,49.0,Nữ,Hải Phòng,Email,Thời trang,126000,1,0.078,126000,116190,67837,48353,Chuyển khoản,Mobile,6.0,4.0,0
5822,2025-12-19,1630,37.0,Nam,TP.HCM,Organic,Thực phẩm,162000,6,0.038,972000,934781,110929,269207,Thẻ tín dụng,Mobile,2.0,5.0,0
5823,2025-12-19,2709,32.0,Nữ,Cần Thơ,Organic,Mỹ phẩm,253000,2,0.116,506000,447068,118153,210762,Chuyển khoản,Mobile,5.0,3.0,0
5824,2025-12-19,650,31.0,Nữ,Đà Nẵng,Google Ads,Thời trang,165000,2,0.136,330000,284970,92768,99434,Ví điện tử,Mobile,3.0,4.0,0
5825,2025-12-19,1231,36.0,Nam,Hải Phòng,Organic,Điện tử,487000,4,0.057,1948000,1836615,336496,490631,Thẻ tín dụng,Mobile,3.0,5.0,0
5826,2025-12-19,409,22.0,Nam,Đà Nẵng,Organic,Điện tử,234000,6,0.261,1404000,1037857,166805,37027,Ví điện tử,Mobile,1.0,5.0,0
5827,2025-12-19,1083,28.0,Nữ,Đà Nẵng,Email,Thời trang,158000,5,0.101,790000,709842,83518,292252,Chuyển khoản,Mobile,2.0,4.0,0
5828,2025-12-19,1491,24.0,Nữ,Hải Phòng,Referral,Mỹ phẩm,187000,5,0.084,935000,856716,81249,450471,Ví điện tử,Mobile,2.0,5.0,0
5829,2025-12-19,254,33.0,Nữ,Hà Nội,Organic,Mỹ phẩm,152000,4,0.073,608000,563539,68100,291139,Ví điện tử,Mobile,5.0,3.0,0
5830,2025-12-19,398,30.0,Nữ,Hải Phòng,Referral,Thực phẩm,120000,2,0.034,240000,231766,82074,67618,COD,Mobile,1.0,5.0,0
5831,2025-12-20,1374,39.0,Nữ,TP.HCM,Organic,Thời trang,156000,3,0.084,468000,428498,85935,170693,COD,Mobile,1.0,5.0,0
5832,2025-12-20,2144,33.0,Nam,TP.HCM,Google Ads,Thời trang,237000,6,0.031,1422000,1377847,133877,574585,COD,Mobile,7.0,4.0,0
5833,2025-12-20,2237,,Nữ,TP.HCM,Facebook Ads,Gia dụng,239000,3,0.133,717000,621546,138475,206121,COD,Desktop,2.0,4.0,0
5834,2025-12-20,454,32.0,Nữ,Đà Nẵng,Email,Thời trang,104000,3,0.07,312000,290099,54592,126323,COD,Desktop,1.0,4.0,0
5835,2025-12-20,2941,30.0,Nam,Hà Nội,Facebook Ads,Thời trang,138000,3,0.113,414000,367403,74949,142556,COD,Mobile,3.0,3.0,0
5836,2025-12-20,1859,18.0,Nam,Hải Phòng,Email,Gia dụng,470000,4,0.056,1880000,1775260,252000,767260,Chuyển khoản,Mobile,5.0,3.0,0
5837,2025-12-20,1825,38.0,Nam,TP.HCM,Facebook Ads,Thời trang,375000,7,0.038,2625000,2525889,193328,1172593,Ví điện tử,Mobile,1.0,4.0,0
5838,2025-12-20,2483,27.0,Nữ,TP.HCM,Organic,Sách,112000,2,0.088,224000,204219,75114,53991,Ví điện tử,Mobile,1.0,4.0,0
5839,2025-12-20,520,33.0,Nữ,Cần Thơ,Facebook Ads,Thời trang,124000,5,0.198,620000,497449,67490,159999,Ví điện tử,Desktop,5.0,3.0,0
5840,2025-12-20,1023,33.0,Nữ,Cần Thơ,Organic,Điện tử,315000,5,0.023,1575000,1538907,236335,357232,COD,Mobile,11.0,2.0,0
5841,2025-12-21,1195,40.0,Nữ,Hà Nội,Organic,Mỹ phẩm,331000,6,0.038,1986000,1910069,146332,1032077,COD,Mobile,6.0,4.0,0
5842,2025-12-21,2326,37.0,Nữ,TP.HCM,Facebook Ads,Điện tử,236000,3,0.02,708000,693532,171364,179440,Thẻ tín dụng,Mobile,,4.0,0
5843,2025-12-21,1968,23.0,Nam,TP.HCM,Facebook Ads,Gia dụng,362000,5,0.041,1810000,1736184,208497,693699,Thẻ tín dụng,Mobile,2.0,5.0,0
5844,2025-12-21,1525,24.0,Nữ,Đà Nẵng,Organic,Gia dụng,232000,7,0.04,1624000,1558240,124551,686383,COD,Mobile,7.0,3.0,0
5845,2025-12-21,238,36.0,Nữ,Hà Nội,Facebook Ads,Mỹ phẩm,181000,5,0.106,905000,809150,81864,399830,Thẻ tín dụng,Mobile,6.0,3.0,1
5846,2025-12-21,1372,32.0,Nữ,Hà Nội,Google Ads,Mỹ phẩm,173000,4,0.053,692000,655196,77267,346128,Ví điện tử,Mobile,6.0,3.0,1
5847,2025-12-21,2518,22.0,Nữ,Cần Thơ,Email,Gia dụng,129000,5,0.309,645000,445597,76358,63807,Ví điện tử,Mobile,4.0,3.0,0
5848,2025-12-21,807,28.0,Nữ,Cần Thơ,Referral,Thời trang,159000,3,0.053,477000,451735,89703,182626,Thẻ tín dụng,Desktop,3.0,4.0,0
5849,2025-12-21,863,38.0,Nam,TP.HCM,Facebook Ads,Thời trang,172000,3,0.019,516000,505969,93490,225499,Chuyển khoản,Desktop,1.0,4.0,0
5850,2025-12-21,2441,33.0,Nữ,Hà Nội,Google Ads,Điện tử,214000,4,0.095,856000,774576,149902,174968,Chuyển khoản,Mobile,4.0,4.0,0
5851,2025-12-21,1631,26.0,Nam,Cần Thơ,Facebook Ads,Điện tử,323000,2,0.088,646000,589346,232741,123864,Ví điện tử,Mobile,3.0,5.0,1
5852,2025-12-21,1328,52.0,Nữ,TP.HCM,Referral,Mỹ phẩm,166000,4,0.136,664000,573403,78048,261211,COD,Mobile,2.0,5.0,0
5853,2025-12-21,609,32.0,Nam,Đà Nẵng,Google Ads,Điện tử,481000,3,0.027,1443000,1403489,343665,372494,Ví điện tử,Mobile,3.0,,0
5854,2025-12-21,2650,36.0,Nam,TP.HCM,Facebook Ads,Sách,94000,5,0.083,470000,430936,66313,99371,COD,Mobile,3.0,3.0,0
5855,2025-12-21,1879,42.0,Nữ,Hà Nội,Email,Mỹ phẩm,181000,4,0.092,724000,657747,80707,334919,Ví điện tử,Mobile,1.0,5.0,0
5856,2025-12-21,2774,29.0,Nữ,Hải Phòng,Email,Sách,70000,3,0.108,210000,187324,42930,58534,Chuyển khoản,Mobile,4.0,4.0,0
5857,2025-12-22,1551,28.0,Nam,Hải Phòng,Organic,Gia dụng,544000,2,0.019,1088000,1067353,351579,364195,Ví điện tử,Mobile,8.0,3.0,0
5858,2025-12-22,398,30.0,Nữ,Đà Nẵng,Facebook Ads,Mỹ phẩm,164000,3,0.105,492000,440521,73564,219829,Ví điện tử,Desktop,3.0,4.0,0
5859,2025-12-22,512,35.0,Nam,Cần Thơ,Facebook Ads,Thời trang,286000,3,0.076,858000,793173,157527,320592,COD,Mobile,,,0
5860,2025-12-22,2493,23.0,Nam,Hà Nội,Email,Thực phẩm,126000,3,0.022,378000,369811,80396,128623,Chuyển khoản,Mobile,2.0,4.0,0
5861,2025-12-22,917,30.0,Nữ,Hà Nội,Referral,Gia dụng,302000,2,0.126,604000,528163,176095,175973,Chuyển khoản,Desktop,4.0,4.0,0
5862,2025-12-22,721,22.0,Nữ,Hải Phòng,Google Ads,Gia dụng,194000,4,0.29,776000,551288,114087,94940,Ví điện tử,Mobile,3.0,4.0,0
5863,2025-12-22,2333,25.0,Nam,TP.HCM,Facebook Ads,Thời trang,177000,7,0.163,1239000,1037301,88887,415092,Chuyển khoản,Mobile,3.0,4.0,0
5864,2025-12-22,2196,49.0,Nữ,Hà Nội,Email,Thực phẩm,142000,3,0.231,426000,327575,88207,62954,COD,Tablet,1.0,4.0,0
5865,2025-12-22,1913,41.0,Nam,TP.HCM,Facebook Ads,Thời trang,284000,5,0.069,1420000,1321738,148796,577758,COD,Tablet,5.0,4.0,0
5866,2025-12-22,1484,29.0,Nữ,Hải Phòng,Organic,Sách,81000,5,0.053,405000,383400,48213,142335,COD,Mobile,1.0,5.0,0
5867,2025-12-22,137,28.0,Nữ,Hải Phòng,Google Ads,Gia dụng,283000,2,0.052,566000,536844,168796,199252,Ví điện tử,Desktop,2.0,5.0,0
5868,2025-12-23,155,48.0,Nữ,Hải Phòng,Organic,Mỹ phẩm,134000,3,0.029,402000,390359,66291,191486,Ví điện tử,Mobile,7.0,2.0,1
5869,2025-12-23,2310,40.0,Nam,Đà Nẵng,Organic,Gia dụng,318000,7,0.09,2226000,2025233,198196,637861,COD,Desktop,2.0,4.0,0
5870,2025-12-23,2626,18.0,Nữ,TP.HCM,Google Ads,Thực phẩm,101000,6,0.247,606000,456484,67509,51430,Ví điện tử,Mobile,4.0,4.0,0
5871,2025-12-23,2519,41.0,Nữ,Hà Nội,Facebook Ads,Thời trang,200000,3,0.153,600000,508352,107487,185891,Ví điện tử,Desktop,2.0,4.0,0
5872,2025-12-23,3133,34.0,Nam,Hải Phòng,Facebook Ads,Mỹ phẩm,192000,2,0.113,384000,340500,86357,167786,COD,Mobile,6.0,3.0,0
5873,2025-12-23,2664,43.0,Nữ,Hà Nội,Email,Thời trang,225000,6,0.036,1350000,1301412,123433,560814,COD,Mobile,3.0,4.0,1
5874,2025-12-23,2158,18.0,Nam,TP.HCM,Organic,Mỹ phẩm,187000,4,0.171,748000,619987,75560,317747,Thẻ tín dụng,Desktop,1.0,5.0,0
5875,2025-12-23,2400,18.0,Nữ,Đà Nẵng,Facebook Ads,Thời trang,222000,5,0.049,1110000,1055756,123253,439491,Thẻ tín dụng,Mobile,3.0,5.0,0
5876,2025-12-23,2619,33.0,Nữ,Cần Thơ,Email,Mỹ phẩm,142000,8,0.115,1136000,1005533,67002,469517,COD,Mobile,5.0,3.0,0
5877,2025-12-23,450,25.0,Nữ,TP.HCM,Organic,Thực phẩm,126000,5,0.027,630000,612694,84750,188944,COD,Mobile,1.0,,0
5878,2025-12-23,2364,18.0,Nữ,Đà Nẵng,Email,Mỹ phẩm,104000,3,0.144,312000,267113,47014,126071,Thẻ tín dụng,Desktop,10.0,3.0,0
5879,2025-12-23,751,26.0,Nam,Hải Phòng,Email,Thời trang,181000,3,0.053,543000,514408,98601,218605,Ví điện tử,Mobile,3.0,3.0,0
5880,2025-12-23,549,35.0,Nữ,TP.HCM,Referral,Gia dụng,478000,3,0.063,1434000,1344061,277950,510211,COD,Desktop,5.0,3.0,0
5881,2025-12-23,2421,38.0,Nữ,TP.HCM,Organic,Gia dụng,91000,5,0.122,455000,399317,54541,126612,Ví điện tử,Mobile,2.0,4.0,0
5882,2025-12-23,394,25.0,Nữ,Hà Nội,Organic,Mỹ phẩm,172000,2,0.071,344000,319498,75000,169498,COD,Desktop,3.0,3.0,0
5883,2025-12-24,326,,Nam,TP.HCM,Facebook Ads,Thời trang,128000,4,0.035,512000,494182,76068,189910,COD,Mobile,3.0,5.0,0
5884,2025-12-24,2898,49.0,Nam,TP.HCM,Facebook Ads,Mỹ phẩm,229000,4,0.156,916000,772767,101075,368467,Ví điện tử,Desktop,1.0,5.0,1
5885,2025-12-24,980,42.0,Nữ,Hà Nội,Organic,Thời trang,123000,6,0.232,738000,566807,68549,155513,COD,Mobile,1.0,5.0,0
5886,2025-12-24,1434,29.0,Nam,Đà Nẵng,Organic,Thực phẩm,109000,6,0.076,654000,604604,66901,203198,Thẻ tín dụng,Mobile,1.0,4.0,0
5887,2025-12-24,1933,23.0,Nam,TP.HCM,Referral,Thực phẩm,97000,1,0.178,97000,79759,75859,3900,Thẻ tín dụng,Mobile,3.0,4.0,0
5888,2025-12-24,1405,37.0,Nam,Hà Nội,Facebook Ads,Mỹ phẩm,172000,11,0.068,1892000,1763697,79775,886172,Ví điện tử,Mobile,2.0,4.0,0
5889,2025-12-24,467,39.0,Nữ,Đà Nẵng,Facebook Ads,Mỹ phẩm,215000,9,0.238,1935000,1473943,99422,579145,COD,Tablet,5.0,4.0,0
5890,2025-12-24,2109,25.0,Nữ,Hà Nội,Facebook Ads,Điện tử,244000,1,0.086,244000,222927,172134,50793,COD,Desktop,3.0,4.0,1
5891,2025-12-25,1558,48.0,Nữ,Hà Nội,Google Ads,Mỹ phẩm,191000,4,0.012,764000,754913,89138,398361,Ví điện tử,Desktop,4.0,4.0,0
5892,2025-12-25,2288,35.0,Nam,TP.HCM,Facebook Ads,Gia dụng,265000,3,0.113,795000,705141,165402,208935,COD,Desktop,2.0,4.0,0
5893,2025-12-25,87,20.0,Nữ,TP.HCM,Facebook Ads,Thực phẩm,109000,4,0.122,436000,382991,77143,74419,Thẻ tín dụng,Mobile,4.0,4.0,0
5894,2025-12-25,3252,35.0,Nữ,TP.HCM,Organic,Thời trang,88000,1,0.042,88000,84267,48917,35350,Ví điện tử,Mobile,2.0,3.0,0
5895,2025-12-25,2647,31.0,Nữ,Đà Nẵng,Referral,Điện tử,375000,3,0.155,1125000,950851,275167,125350,Thẻ tín dụng,Mobile,2.0,4.0,0
5896,2025-12-25,1541,37.0,Nam,TP.HCM,Google Ads,Điện tử,184000,4,0.147,736000,627722,139819,68446,Ví điện tử,Desktop,2.0,5.0,1
5897,2025-12-25,481,30.0,Nữ,Đà Nẵng,Facebook Ads,Thời trang,132000,2,0.174,264000,218122,69899,78324,COD,Desktop,0.0,5.0,0
5898,2025-12-25,65,19.0,Nữ,TP.HCM,Organic,Điện tử,435000,4,0.035,1740000,1678675,319491,400711,Chuyển khoản,Desktop,1.0,4.0,0
5899,2025-12-25,2989,43.0,Nữ,TP.HCM,Facebook Ads,Gia dụng,273000,1,0.135,273000,236212,163328,72884,COD,Tablet,1.0,4.0,0
5900,2025-12-25,3286,45.0,Nam,TP.HCM,Referral,Thực phẩm,105000,5,0.099,525000,472954,71983,113039,COD,Mobile,2.0,5.0,0
5901,2025-12-25,821,38.0,Nam,TP.HCM,Organic,Thời trang,200000,3,0.036,600000,578682,112758,240408,Ví điện tử,Mobile,7.0,4.0,0
5902,2025-12-25,1070,33.0,Nữ,TP.HCM,Organic,Thời trang,140000,3,0.148,420000,357844,80781,115501,Chuyển khoản,Desktop,4.0,4.0,1
5903,2025-12-26,3181,35.0,Nữ,Hà Nội,Referral,Mỹ phẩm,110000,6,0.101,660000,593409,49885,294099,Ví điện tử,Mobile,2.0,4.0,0
5904,2025-12-26,1527,33.0,Nữ,Đà Nẵng,Organic,Thời trang,218000,3,0.19,654000,529782,119955,169917,COD,Mobile,3.0,5.0,0
5905,2025-12-26,1122,,Nữ,TP.HCM,Organic,Sách,80000,5,0.099,400000,360331,53460,93031,COD,Mobile,2.0,4.0,0
5906,2025-12-26,1217,18.0,Nữ,TP.HCM,Organic,Thời trang,109000,5,0.161,545000,457305,58338,165615,Thẻ tín dụng,Desktop,8.0,3.0,0
5907,2025-12-26,2341,18.0,Nam,Hà Nội,Organic,Sách,84000,7,0.184,588000,479976,50787,124467,Thẻ tín dụng,Desktop,,3.0,0
5908,2025-12-26,2554,35.0,Nữ,TP.HCM,Google Ads,Mỹ phẩm,188000,7,0.176,1316000,1083861,91027,446672,Thẻ tín dụng,Tablet,1.0,5.0,0
5909,2025-12-26,702,18.0,Nữ,TP.HCM,Facebook Ads,Gia dụng,175000,4,0.026,700000,681552,103932,265824,COD,Mobile,12.0,4.0,0
5910,2025-12-26,488,18.0,Nam,Đà Nẵng,Referral,Thời trang,130000,3,0.018,390000,383143,73996,161155,Ví điện tử,Desktop,2.0,4.0,0
5911,2025-12-26,1926,37.0,Nữ,TP.HCM,Organic,Gia dụng,248000,3,0.14,744000,639594,158129,165207,COD,Desktop,1.0,4.0,0
5912,2025-12-26,693,33.0,Nữ,Cần Thơ,Organic,Điện tử,205000,5,0.045,1025000,978477,156707,194942,Ví điện tử,Mobile,9.0,3.0,0
5913,2025-12-26,643,23.0,Nam,Cần Thơ,Facebook Ads,Sách,109000,1,0.042,109000,104473,72431,32042,COD,Mobile,1.0,5.0,0
5914,2025-12-26,1700,36.0,Nữ,TP.HCM,Facebook Ads,Thời trang,148000,5,0.082,740000,679131,75653,300866,Ví điện tử,Mobile,1.0,4.0,0
5915,2025-12-26,1884,30.0,Nữ,Đà Nẵng,Facebook Ads,Thời trang,109000,6,0.141,654000,561853,52207,248611,Ví điện tử,Mobile,2.0,3.0,0
5916,2025-12-26,1487,25.0,Nam,Hà Nội,Referral,Thời trang,229000,3,0.082,687000,630541,124352,257485,Ví điện tử,Desktop,3.0,4.0,0
5917,2025-12-26,1120,29.0,Nam,Hà Nội,Facebook Ads,Điện tử,167000,3,0.092,501000,454822,121260,91042,Chuyển khoản,Mobile,,4.0,0
5918,2025-12-26,218,18.0,Nữ,Hà Nội,Facebook Ads,Thời trang,163000,5,0.181,815000,667250,89302,220740,Thẻ tín dụng,Desktop,5.0,4.0,1
5919,2025-12-27,1729,41.0,Nữ,Đà Nẵng,Referral,Mỹ phẩm,210000,1,0.111,210000,186734,100571,86163,Ví điện tử,Mobile,5.0,3.0,0
5920,2025-12-27,731,29.0,Nữ,Hải Phòng,Organic,Gia dụng,196000,2,0.119,392000,345294,108641,128012,COD,Mobile,3.0,,0
5921,2025-12-27,1937,31.0,Nam,Hải Phòng,Referral,Thời trang,196000,3,0.08,588000,540944,117303,189035,Thẻ tín dụng,Mobile,1.0,5.0,0
5922,2025-12-27,1277,23.0,Nam,TP.HCM,Facebook Ads,Thời trang,212000,7,0.065,1484000,1387373,116970,568583,Thẻ tín dụng,Mobile,2.0,4.0,0
5923,2025-12-27,1722,36.0,Nữ,Hải Phòng,Facebook Ads,Điện tử,231000,1,0.041,231000,221595,173468,48127,Ví điện tử,Mobile,0.0,,0
5924,2025-12-27,1200,36.0,Nữ,Hà Nội,Google Ads,Sách,78000,4,0.098,312000,281345,49577,83037,Thẻ tín dụng,Desktop,3.0,4.0,0
5925,2025-12-27,1373,18.0,Nam,Đà Nẵng,Facebook Ads,Thời trang,126000,3,0.169,378000,313942,68253,109183,Ví điện tử,Desktop,6.0,4.0,0
5926,2025-12-27,2688,33.0,Nam,Hà Nội,Facebook Ads,Gia dụng,281000,2,0.239,562000,427512,145417,136678,Chuyển khoản,Mobile,1.0,5.0,0
5927,2025-12-27,418,18.0,Nữ,Hà Nội,Organic,Gia dụng,387000,2,0.101,774000,695806,221080,253646,Thẻ tín dụng,Mobile,1.0,4.0,0
5928,2025-12-27,1351,39.0,Nam,Đà Nẵng,Google Ads,Thực phẩm,108000,4,0.144,432000,369591,75584,67255,Chuyển khoản,Mobile,4.0,4.0,0
5929,2025-12-27,2652,23.0,Nữ,TP.HCM,Google Ads,Thời trang,132000,5,0.162,660000,552917,77635,164742,Ví điện tử,Desktop,4.0,4.0,0
5930,2025-12-27,1287,46.0,Nữ,TP.HCM,Facebook Ads,Thời trang,114000,5,0.031,570000,552388,59071,257033,Chuyển khoản,Desktop,3.0,4.0,0
5931,2025-12-27,1368,31.0,Nữ,TP.HCM,Google Ads,Mỹ phẩm,163000,3,0.189,489000,396397,64313,203458,Ví điện tử,Desktop,2.0,4.0,0
5932,2025-12-27,309,32.0,Nữ,TP.HCM,Facebook Ads,Gia dụng,312000,4,0.116,1248000,1103548,191574,337252,COD,Mobile,1.0,4.0,0
5933,2025-12-28,33,31.0,Nam,Hà Nội,Organic,Thời trang,105000,3,0.047,315000,300164,58714,124022,COD,Mobile,2.0,5.0,0
5934,2025-12-28,1151,25.0,Nam,Hà Nội,Organic,Thời trang,106000,2,0.027,212000,206186,58931,88324,COD,Desktop,1.0,5.0,0
5935,2025-12-28,2913,38.0,Nam,TP.HCM,Organic,Thực phẩm,97000,3,0.166,291000,242775,67459,40398,Thẻ tín dụng,Mobile,1.0,,0
5936,2025-12-28,1417,47.0,Nữ,Hà Nội,Email,Mỹ phẩm,167000,5,0.058,835000,786530,75764,407710,Chuyển khoản,Mobile,2.0,4.0,0
5937,2025-12-28,1792,,Nữ,Hà Nội,Organic,Thời trang,102000,6,0.103,612000,548708,52694,232544,Ví điện tử,Mobile,3.0,5.0,0
5938,2025-12-28,1038,19.0,Nữ,TP.HCM,Organic,Gia dụng,238000,5,0.085,1190000,1088303,138792,394343,Thẻ tín dụng,Mobile,3.0,3.0,0
5939,2025-12-28,1502,41.0,Nữ,TP.HCM,Organic,Mỹ phẩm,221000,1,0.078,221000,203698,97731,105967,COD,Mobile,5.0,4.0,0
5940,2025-12-28,3022,35.0,Nữ,Hà Nội,Google Ads,Gia dụng,166000,5,0.091,830000,754465,96777,270580,COD,Mobile,2.0,4.0,0
5941,2025-12-28,1372,32.0,Nữ,Hà Nội,Referral,Mỹ phẩm,267000,3,0.13,801000,697259,111344,363227,Thẻ tín dụng,Mobile,2.0,4.0,0
5942,2025-12-28,393,46.0,Nam,TP.HCM,Email,Gia dụng,207000,4,0.106,828000,739871,124419,242195,Ví điện tử,Mobile,5.0,4.0,0
5943,2025-12-28,503,18.0,Nữ,Hà Nội,Facebook Ads,Mỹ phẩm,165000,2,0.101,330000,296830,76742,143346,Chuyển khoản,Mobile,3.0,5.0,0
5944,2025-12-28,2917,26.0,Nữ,Hải Phòng,Google Ads,Sách,72000,7,0.079,504000,464269,45868,143193,Ví điện tử,Mobile,1.0,,0
5945,2025-12-28,912,37.0,Nữ,TP.HCM,Organic,Điện tử,171000,6,0.071,1026000,952778,105850,317678,COD,Desktop,2.0,4.0,0
5946,2025-12-28,1231,36.0,Nam,Hà Nội,Referral,Gia dụng,95000,6,0.05,570000,541455,55220,210135,COD,Mobile,8.0,3.0,0
5947,2025-12-28,1446,34.0,Nam,TP.HCM,Facebook Ads,Thời trang,213000,5,0.061,1065000,1000194,104422,478084,COD,Mobile,3.0,4.0,0
5948,2025-12-28,772,43.0,Nam,Hải Phòng,Facebook Ads,Gia dụng,165000,4,0.093,660000,598317,96488,212365,COD,Mobile,2.0,,0
5949,2025-12-28,2098,26.0,Nam,TP.HCM,Google Ads,Điện tử,247000,6,0.144,1482000,1268956,188158,140008,Ví điện tử,Desktop,1.0,5.0,0
5950,2025-12-28,643,23.0,Nam,TP.HCM,Google Ads,Mỹ phẩm,159000,6,0.203,954000,760325,70952,334613,COD,Mobile,3.0,5.0,0
5951,2025-12-29,2616,18.0,Nam,Cần Thơ,Facebook Ads,Thực phẩm,109000,2,0.034,218000,210535,72492,65551,COD,Mobile,3.0,5.0,0
5952,2025-12-29,2491,28.0,Nữ,Đà Nẵng,Organic,Mỹ phẩm,233000,6,0.071,1398000,1299379,110698,635191,COD,Mobile,2.0,5.0,0
5953,2025-12-29,2992,38.0,Nữ,Đà Nẵng,Facebook Ads,Gia dụng,323000,4,0.178,1292000,1062412,202336,253068,COD,Desktop,2.0,5.0,0
5954,2025-12-29,2325,34.0,Nữ,TP.HCM,Google Ads,Thực phẩm,118000,2,0.157,236000,198913,88864,21185,Thẻ tín dụng,Mobile,7.0,4.0,0
5955,2025-12-29,210,33.0,Nam,Hải Phòng,Facebook Ads,Thực phẩm,99000,4,0.054,396000,374697,67688,103945,COD,Mobile,1.0,5.0,0
5956,2025-12-29,472,45.0,Nam,Hà Nội,Google Ads,Thời trang,239000,2,0.074,478000,442552,133385,175782,COD,Mobile,2.0,5.0,0
5957,2025-12-29,3078,34.0,Nữ,Hà Nội,Organic,Gia dụng,263000,3,0.156,789000,665675,144795,231290,Ví điện tử,Mobile,8.0,4.0,0
5958,2025-12-29,928,36.0,Nữ,Hải Phòng,Facebook Ads,Điện tử,292000,3,0.288,876000,623433,230185,-67122,COD,Desktop,0.0,4.0,1
5959,2025-12-29,2916,25.0,Nữ,Hải Phòng,Organic,Sách,67000,5,0.047,335000,319362,43435,102187,Thẻ tín dụng,Mobile,1.0,4.0,0
5960,2025-12-29,2586,26.0,Nam,Hải Phòng,Organic,Thời trang,191000,4,0.259,764000,565934,109124,129438,COD,Desktop,2.0,4.0,0
5961,2025-12-29,195,44.0,Nam,TP.HCM,Google Ads,Điện tử,240000,5,0.138,1200000,1034029,170812,179969,Chuyển khoản,Mobile,4.0,4.0,0
5962,2025-12-29,797,31.0,Nữ,TP.HCM,Referral,Thực phẩm,108000,5,0.187,540000,439115,72441,76910,Thẻ tín dụng,Desktop,2.0,4.0,1
5963,2025-12-29,2818,37.0,Nữ,Hà Nội,Facebook Ads,Sách,63000,1,0.162,63000,52780,43325,9455,Chuyển khoản,Desktop,4.0,4.0,0
5964,2025-12-29,797,31.0,Nữ,Hà Nội,Facebook Ads,Thời trang,135000,7,0.047,945000,900887,76316,366675,Thẻ tín dụng,Desktop,2.0,5.0,0
5965,2025-12-29,969,37.0,Nam,Hà Nội,Google Ads,Sách,106000,3,0.124,318000,278501,70556,66833,COD,Desktop,3.0,4.0,1
5966,2025-12-29,1749,26.0,Nam,TP.HCM,Facebook Ads,Sách,79000,3,0.045,237000,226295,49217,78644,Ví điện tử,Mobile,2.0,5.0,0
5967,2025-12-29,2041,22.0,Nam,Cần Thơ,Google Ads,Điện tử,336000,6,0.095,2016000,1824037,266904,222613,Ví điện tử,Mobile,5.0,3.0,0
5968,2025-12-30,1596,18.0,Nam,Đà Nẵng,Email,Thời trang,143000,5,0.078,715000,659462,77815,270387,Thẻ tín dụng,Desktop,4.0,3.0,0
5969,2025-12-30,184,,Nam,Hà Nội,Facebook Ads,Sách,94000,8,0.082,752000,690244,59617,213308,Ví điện tử,Desktop,5.0,4.0,0
5970,2025-12-30,612,27.0,Nữ,Hà Nội,Facebook Ads,Gia dụng,260000,7,0.081,1820000,1672186,157547,569357,COD,Mobile,,5.0,0
5971,2025-12-30,432,34.0,Nam,Hải Phòng,Google Ads,Mỹ phẩm,102000,4,0.093,408000,370185,48869,174709,Thẻ tín dụng,Mobile,2.0,4.0,0
5972,2025-12-30,1103,33.0,Nữ,Hà Nội,Google Ads,Thời trang,227000,4,0.077,908000,837867,134048,301675,COD,Tablet,2.0,4.0,0
5973,2025-12-30,2942,27.0,Nam,TP.HCM,Google Ads,Gia dụng,274000,6,0.1,1644000,1479613,170253,458095,Thẻ tín dụng,Mobile,5.0,4.0,0
5974,2025-12-30,421,26.0,Nam,Hà Nội,Google Ads,Gia dụng,229000,2,0.064,458000,428888,135141,158606,COD,Mobile,2.0,5.0,0
5975,2025-12-30,3144,23.0,Nữ,TP.HCM,Google Ads,Điện tử,241000,5,0.223,1205000,935937,176715,52362,Thẻ tín dụng,Mobile,5.0,4.0,0
5976,2025-12-30,2208,30.0,Nữ,TP.HCM,Facebook Ads,Sách,101000,6,0.171,606000,502148,68600,90548,Chuyển khoản,Desktop,4.0,4.0,0
5977,2025-12-30,2310,40.0,Nam,Hà Nội,Organic,Mỹ phẩm,318000,1,0.107,318000,283819,138743,145076,Thẻ tín dụng,Mobile,6.0,3.0,0
5978,2025-12-30,836,18.0,Nữ,TP.HCM,Facebook Ads,Sách,82000,3,0.035,246000,237331,52754,79069,Chuyển khoản,Mobile,2.0,5.0,0
5979,2025-12-30,2891,32.0,Nữ,Hà Nội,Google Ads,Gia dụng,496000,3,0.217,1488000,1165680,304806,251262,COD,Mobile,3.0,4.0,0
5980,2025-12-30,727,33.0,Nam,Đà Nẵng,Referral,Gia dụng,361000,4,0.131,1444000,1255405,199366,457941,Ví điện tử,Tablet,3.0,4.0,0
5981,2025-12-30,1037,31.0,Nam,Cần Thơ,Google Ads,Gia dụng,231000,4,0.114,924000,818228,135218,277356,COD,Mobile,2.0,4.0,0
5982,2025-12-30,876,25.0,Nữ,Hà Nội,Facebook Ads,Gia dụng,233000,2,0.06,466000,438116,139658,158800,Thẻ tín dụng,Mobile,3.0,3.0,0
5983,2025-12-30,1023,33.0,Nữ,Đà Nẵng,Facebook Ads,Thực phẩm,126000,7,0.049,882000,838700,78701,287793,COD,Mobile,3.0,,0
5984,2025-12-30,833,36.0,Nữ,Đà Nẵng,Organic,Thực phẩm,115000,6,0.099,690000,621881,85312,110009,Thẻ tín dụng,Mobile,2.0,3.0,0
5985,2025-12-31,3074,37.0,Nữ,Cần Thơ,Referral,Điện tử,425000,7,0.105,2975000,2663631,316660,447011,COD,Mobile,3.0,4.0,1
5986,2025-12-31,1550,40.0,Nam,Hải Phòng,Email,Thời trang,254000,8,0.019,2032000,1992903,133981,921055,Ví điện tử,Mobile,2.0,3.0,0
5987,2025-12-31,3194,28.0,Nam,TP.HCM,Facebook Ads,Thời trang,145000,8,0.057,1160000,1093346,80736,447458,Ví điện tử,Desktop,1.0,5.0,0
5988,2025-12-31,1185,25.0,Nam,Hà Nội,Facebook Ads,Mỹ phẩm,269000,4,0.09,1076000,979600,117805,508380,Chuyển khoản,Mobile,3.0,3.0,0
5989,2025-12-31,219,18.0,Nam,Hải Phòng,Facebook Ads,Điện tử,260000,4,0.267,1040000,762209,168656,87585,Ví điện tử,Desktop,,4.0,0
5990,2025-12-31,918,26.0,Nữ,Hà Nội,Email,Điện tử,173000,6,0.043,1038000,993543,119013,279465,Chuyển khoản,Mobile,1.0,5.0,0
5991,2025-12-31,3088,29.0,Nữ,TP.HCM,Email,Thời trang,157000,4,0.055,628000,593608,86879,246092,Ví điện tử,Desktop,3.0,3.0,0
5992,2025-12-31,1365,,Nữ,Đà Nẵng,Organic,Thực phẩm,123000,5,0.063,615000,576284,79727,177649,Chuyển khoản,Mobile,2.0,4.0,0
5993,2025-12-31,486,30.0,Nam,Hà Nội,Referral,Thời trang,164000,8,0.202,1312000,1047290,95918,279946,COD,Mobile,1.0,4.0,0
5994,2025-12-31,2851,49.0,Nam,Cần Thơ,Organic,Mỹ phẩm,199000,3,0.025,597000,581886,92755,303621,Thẻ tín dụng,Tablet,,4.0,0
5995,2025-12-31,2553,33.0,Nam,Hà Nội,Facebook Ads,Gia dụng,291000,4,0.174,1164000,961863,165261,300819,Ví điện tử,Mobile,6.0,5.0,0
5996,2025-12-31,2650,36.0,Nam,Đà Nẵng,Google Ads,Thời trang,123000,1,0.189,123000,99764,67960,31804,COD,Mobile,10.0,,0
5997,2025-12-31,3011,22.0,Nữ,Đà Nẵng,Google Ads,Thời trang,259000,5,0.017,1295000,1272732,153673,504367,COD,Mobile,1.0,3.0,1
5998,2025-12-31,735,41.0,Nữ,Hà Nội,Facebook Ads,Điện tử,330000,4,0.057,1320000,1245171,251801,237967,COD,Mobile,2.0,3.0,0
5999,2025-12-31,2111,40.0,Nam,Hà Nội,Facebook Ads,Điện tử,400000,5,0.155,2000000,1690523,286480,258123,Ví điện tử,Mobile,2.0,4.0,0
6000,2025-12-31,1795,38.0,Nữ,Cần Thơ,Facebook Ads,Điện tử,174000,4,0.042,696000,666604,130115,146144,COD,Mobile,3.0,5.0,0
